사고번호,사고일시,요일,시군구,사고내용,사망자수,중상자수,경상자수,부상신고자수,사고유형,법규위반,노면상태,기상상태,도로형태,가해운전자 차종,가해운전자 성별,가해운전자 연령,가해운전자 상해정도,피해운전자 차종,피해운전자 성별,피해운전자 연령,피해운전자 상해정도
2013010800100352,2013년 1월 8일 17시,화요일,광주광역시 남구 봉선동,경상사고,0,0,1,0,차대차 - 기타,교차로운행방법위반,건조,맑음,교차로 - 교차로안,승용,남,48세,상해없음,이륜,남,29세,경상
2013010800100394,2013년 1월 8일 18시,화요일,광주광역시 서구 금호동,중상사고,0,1,0,0,차대사람 - 차도통행중,안전운전불이행,건조,맑음,교차로 - 교차로안,승용,남,57세,상해없음,보행자,여,71세,중상
2013010800100395,2013년 1월 8일 18시,화요일,광주광역시 북구 오치동,중상사고,0,1,0,0,차대차 - 측면직각충돌,교차로운행방법위반,건조,맑음,교차로 - 교차로안,원동기,여,37세,중상,승합,남,42세,상해없음
2013010800100448,2013년 1월 8일 20시,화요일,광주광역시 남구 주월동,중상사고,0,1,0,0,차대사람 - 차도통행중,안전운전불이행,건조,맑음,단일로 - 기타,승용,여,26세,상해없음,보행자,여,71세,중상
2013010800100467,2013년 1월 8일 21시,화요일,광주광역시 광산구 신창동,중상사고,0,1,0,0,차대차 - 측면직각충돌,안전운전불이행,건조,맑음,단일로 - 기타,승용,남,27세,상해없음,원동기,남,28세,중상
2013010800100501,2013년 1월 8일 22시,화요일,광주광역시 광산구 우산동,경상사고,0,0,1,0,차대차 - 측면직각충돌,안전운전불이행,건조,맑음,단일로 - 기타,화물,남,24세,상해없음,승합,남,25세,경상
2013010800100521,2013년 1월 8일 23시,화요일,광주광역시 북구 오치동,경상사고,0,0,1,0,차대차 - 추돌 - 진행중,안전운전불이행,건조,맑음,단일로 - 기타,승용,남,33세,상해없음,승용,남,36세,경상
2013010800100527,2013년 1월 8일 23시,화요일,광주광역시 서구 농성동,경상사고,0,0,2,0,차대차 - 측면직각충돌,안전운전불이행,건조,맑음,단일로 - 기타,승용,남,26세,상해없음,승용,남,33세,경상
2013010900100051,2013년 1월 9일 02시,수요일,광주광역시 서구 풍암동,경상사고,0,0,1,0,차대사람 - 차도통행중,안전운전불이행,건조,맑음,교차로 - 교차로안,승용,여,45세,상해없음,보행자,남,32세,경상
2013010900100087,2013년 1월 9일 06시,수요일,광주광역시 광산구 소촌동,경상사고,0,0,1,0,차대사람 - 차도통행중,중앙선침범,건조,맑음,단일로 - 기타,승용,남,47세,상해없음,보행자,여,56세,경상
2013010900100151,2013년 1월 9일 09시,수요일,광주광역시 광산구 운수동,경상사고,0,0,2,0,차대차 - 기타,안전운전불이행,건조,맑음,교차로 - 교차로안,승용,남,40세,상해없음,승용,남,21세,경상
2013010900100208,2013년 1월 9일 11시,수요일,광주광역시 남구 송하동,중상사고,0,1,0,0,차대차 - 추돌 - 진행중,안전거리미확보,건조,맑음,단일로 - 기타,승용,남,63세,상해없음,승용,남,52세,중상
2013010900100230,2013년 1월 9일 12시,수요일,광주광역시 남구 주월동,경상사고,0,0,1,0,차대차 - 측면직각충돌,기타,건조,맑음,단일로 - 기타,승용,남,49세,상해없음,이륜,남,32세,경상
2013010900100284,2013년 1월 9일 14시,수요일,광주광역시 광산구 본덕동,경상사고,0,0,1,0,차대차 - 측면직각충돌,안전거리미확보,건조,맑음,교차로 - 교차로안,승합,여,59세,상해없음,화물,남,59세,경상
2013010900100310,2013년 1월 9일 15시,수요일,광주광역시 동구 지산동,경상사고,0,0,3,0,차대차 - 측면직각충돌,교차로운행방법위반,건조,맑음,교차로 - 교차로안,승합,남,68세,경상,승용,남,50세,경상
2013010900100365,2013년 1월 9일 17시,수요일,광주광역시 서구 치평동,경상사고,0,0,2,0,차대차 - 추돌 - 주정차중,안전운전불이행,건조,맑음,단일로 - 기타,승용,여,55세,상해없음,승용,남,24세,경상
2013010900100366,2013년 1월 9일 17시,수요일,광주광역시 남구 봉선동,중상사고,0,1,0,0,차대사람 - 횡단중,신호위반,건조,맑음,단일로 - 횡단보도상,승합,남,57세,상해없음,보행자,여,18세,중상
2013010900100405,2013년 1월 9일 18시,수요일,광주광역시 서구 쌍촌동,경상사고,0,0,1,0,차대사람 - 길가장자리구역통행중,안전운전불이행,건조,맑음,단일로 - 기타,승용,여,59세,상해없음,보행자,여,25세,경상
2013010900100406,2013년 1월 9일 18시,수요일,광주광역시 북구 풍향동,경상사고,0,0,1,0,차대차 - 측면직각충돌,안전거리미확보,건조,맑음,단일로 - 기타,승용,남,53세,상해없음,원동기,남,19세,경상
2013010900100407,2013년 1월 9일 18시,수요일,광주광역시 광산구 신창동,경상사고,0,0,1,1,차대차 - 추돌 - 진행중,교차로운행방법위반,건조,맑음,교차로 - 교차로부근,승용,남,38세,부상신고,특수,남,41세,경상
2013010900100434,2013년 1월 9일 19시,수요일,광주광역시 동구 학동,경상사고,0,0,1,0,차대차 - 측면직각충돌,안전거리미확보,건조,맑음,단일로 - 기타,승합,남,54세,상해없음,자전거,남,41세,경상
2013010900100435,2013년 1월 9일 19시,수요일,광주광역시 동구 서석동,경상사고,0,0,1,0,차대차 - 측면직각충돌,신호위반,건조,맑음,교차로 - 교차로안,이륜,남,32세,경상,승용,남,27세,상해없음
2013010900100436,2013년 1월 9일 19시,수요일,광주광역시 북구 신안동,부상신고사고,0,0,0,1,차대사람 - 기타,안전운전불이행,건조,맑음,단일로 - 기타,기타불명,기타불명,기타불명,기타불명,보행자,여,23세,부상신고
2013010900100466,2013년 1월 9일 20시,수요일,광주광역시 광산구 쌍암동,경상사고,0,0,1,0,차대차 - 측면직각충돌,안전운전불이행,건조,맑음,교차로 - 교차로부근,승용,남,61세,상해없음,원동기,남,46세,경상
2013010900100490,2013년 1월 9일 21시,수요일,광주광역시 북구 일곡동,경상사고,0,0,1,0,차대차 - 기타,안전운전불이행,건조,맑음,단일로 - 기타,승용,남,53세,상해없음,승용,남,46세,경상
2013010900100544,2013년 1월 9일 23시,수요일,광주광역시 북구 중흥동,경상사고,0,0,1,0,차대사람 - 길가장자리구역통행중,안전운전불이행,건조,맑음,단일로 - 기타,승용,남,28세,상해없음,보행자,남,27세,경상
2013011000100019,2013년 1월 10일 00시,목요일,광주광역시 남구 양림동,경상사고,0,0,2,0,차대차 - 측면직각충돌,신호위반,건조,맑음,교차로 - 교차로안,승용,여,33세,상해없음,승용,남,26세,경상
2013011000100038,2013년 1월 10일 01시,목요일,광주광역시 북구 운암동,중상사고,0,1,0,0,차대사람 - 횡단중,보행자보호의무위반,건조,맑음,교차로 - 교차로안,승용,남,35세,상해없음,보행자,남,54세,중상
2013011000100094,2013년 1월 10일 06시,목요일,광주광역시 북구 양산동,경상사고,0,0,1,0,차대사람 - 횡단중,신호위반,건조,맑음,단일로 - 횡단보도부근,승용,남,43세,상해없음,보행자,여,64세,경상
2013011000100150,2013년 1월 10일 08시,목요일,광주광역시 남구 월산동,경상사고,0,0,1,0,차대차 - 측면직각충돌,안전운전불이행,건조,맑음,교차로 - 교차로안,승용,여,45세,경상,건설기계,남,38세,상해없음
2013011000100185,2013년 1월 10일 09시,목요일,광주광역시 동구 금남로4가,경상사고,0,0,4,0,차대차 - 측면직각충돌,중앙선침범,건조,맑음,교차로 - 교차로부근,승용,남,82세,경상,승용,남,39세,경상
2013011000100186,2013년 1월 10일 09시,목요일,광주광역시 광산구 운수동,경상사고,0,0,2,0,차대차 - 추돌 - 진행중,안전운전불이행,건조,맑음,교차로 - 교차로부근,화물,남,52세,경상,화물,남,46세,경상
2013011000100208,2013년 1월 10일 10시,목요일,광주광역시 동구 충장로1가,경상사고,0,0,3,1,차대차 - 측면직각충돌,안전운전불이행,건조,맑음,단일로 - 기타,승용,여,44세,부상신고,승용,여,44세,경상
2013011000100278,2013년 1월 10일 13시,목요일,광주광역시 서구 농성동,경상사고,0,0,1,0,차대차 - 측면직각충돌,교차로운행방법위반,건조,맑음,교차로 - 교차로안,이륜,남,51세,상해없음,승용,남,62세,경상
2013011000100295,2013년 1월 10일 14시,목요일,광주광역시 서구 매월동,경상사고,0,0,2,0,차대차 - 측면직각충돌,교차로운행방법위반,건조,맑음,단일로 - 기타,승용,남,21세,상해없음,승용,남,41세,경상
2013011000100351,2013년 1월 10일 16시,목요일,광주광역시 광산구 오운동,경상사고,0,0,1,0,차량단독 - 공작물충돌,안전운전불이행,건조,맑음,단일로 - 기타,승용,여,48세,경상,,,,
2013011000100414,2013년 1월 10일 18시,목요일,광주광역시 서구 화정동,경상사고,0,0,2,0,차대차 - 측면직각충돌,교차로운행방법위반,건조,맑음,교차로 - 교차로안,승합,남,45세,상해없음,승합,남,40세,상해없음
2013011000100415,2013년 1월 10일 18시,목요일,광주광역시 북구 신안동,경상사고,0,0,3,2,차대차 - 추돌 - 주정차중,안전운전불이행,건조,맑음,교차로 - 교차로부근,승용,남,55세,상해없음,승용,남,35세,경상
2013011000100416,2013년 1월 10일 18시,목요일,광주광역시 광산구 송정동,경상사고,0,0,1,0,차대차 - 측면직각충돌,신호위반,건조,맑음,교차로 - 교차로안,승용,남,27세,상해없음,승용,남,49세,경상
2013011000100478,2013년 1월 10일 20시,목요일,광주광역시 남구 주월동,경상사고,0,0,3,0,차대차 - 측면직각충돌,불법유턴,건조,맑음,교차로 - 교차로부근,승용,남,59세,상해없음,승합,남,48세,경상
2013011000100504,2013년 1월 10일 21시,목요일,광주광역시 북구 각화동,경상사고,0,0,1,0,차대차 - 기타,교차로운행방법위반,건조,맑음,교차로 - 교차로안,승용,남,45세,상해없음,승용,여,24세,경상
2013011000100572,2013년 1월 10일 23시,목요일,광주광역시 남구 월산동,사망사고,1,1,0,0,차대사람 - 횡단중,안전운전불이행,건조,맑음,단일로 - 기타,승용,남,32세,상해없음,보행자,남,64세,사망
2013011000100573,2013년 1월 10일 23시,목요일,광주광역시 광산구 월계동,경상사고,0,0,1,0,차대차 - 측면직각충돌,안전운전불이행,건조,맑음,교차로 - 교차로부근,승용,남,24세,상해없음,원동기,남,19세,경상
2013011100100028,2013년 1월 11일 00시,금요일,광주광역시 북구 오치동,경상사고,0,0,2,0,차대차 - 측면직각충돌,신호위반,건조,맑음,교차로 - 교차로안,승용,남,46세,상해없음,승용,남,61세,경상
2013011100100060,2013년 1월 11일 02시,금요일,광주광역시 남구 송하동,사망사고,1,0,0,0,차량단독 - 공작물충돌,안전운전불이행,건조,맑음,단일로 - 기타,승용,남,44세,사망,,,,
2013011100100083,2013년 1월 11일 04시,금요일,광주광역시 동구 금남로5가,경상사고,0,0,4,0,차대차 - 측면직각충돌,신호위반,건조,맑음,교차로 - 교차로안,기타불명,기타불명,기타불명,기타불명,승용,남,44세,경상
2013011100100097,2013년 1월 11일 05시,금요일,광주광역시 북구 신안동,경상사고,0,0,1,0,차대차 - 측면직각충돌,신호위반,건조,맑음,교차로 - 교차로안,승용,남,27세,상해없음,이륜,남,42세,경상
2013011100100140,2013년 1월 11일 07시,금요일,광주광역시 동구 학동,경상사고,0,0,1,0,차대차 - 기타,안전운전불이행,건조,맑음,기타 - 기타,승합,남,66세,상해없음,승합,남,63세,상해없음
2013011100100161,2013년 1월 11일 08시,금요일,광주광역시 서구 쌍촌동,중상사고,0,1,0,0,차대차 - 기타,안전거리미확보,건조,맑음,단일로 - 기타,승용,여,59세,기타불명,승합,남,53세,상해없음
2013011100100222,2013년 1월 11일 10시,금요일,광주광역시 서구 광천동,중상사고,0,2,2,0,차대차 - 기타,교차로운행방법위반,건조,맑음,교차로 - 교차로안,승용,남,64세,경상,승용,남,29세,경상
2013011100100223,2013년 1월 11일 10시,금요일,광주광역시 서구 유촌동,중상사고,0,1,0,0,차대사람 - 횡단중,안전운전불이행,건조,맑음,단일로 - 횡단보도부근,승용,여,33세,상해없음,보행자,여,70세,중상
2013011100100224,2013년 1월 11일 10시,금요일,광주광역시 북구 오치동,경상사고,0,0,1,0,차대사람 - 기타,안전운전불이행,건조,맑음,교차로 - 교차로부근,승용,남,51세,상해없음,보행자,여,73세,경상
2013011100100389,2013년 1월 11일 16시,금요일,광주광역시 북구 오치동,경상사고,0,0,1,0,차대사람 - 횡단중,안전운전불이행,건조,맑음,단일로 - 횡단보도부근,승용,여,43세,상해없음,보행자,남,19세,경상
2013011100100426,2013년 1월 11일 17시,금요일,광주광역시 북구 양산동,경상사고,0,0,1,0,차대차 - 추돌 - 진행중,안전거리미확보,건조,맑음,단일로 - 기타,화물,남,48세,상해없음,승용,남,39세,경상
2013011100100474,2013년 1월 11일 18시,금요일,광주광역시 서구 농성동,중상사고,0,1,0,0,차대사람 - 차도통행중,안전운전불이행,건조,맑음,교차로 - 교차로안,화물,남,57세,상해없음,보행자,여,60세,중상
2013011100100475,2013년 1월 11일 18시,금요일,광주광역시 북구 문흥동,경상사고,0,0,1,1,차대차 - 추돌 - 주정차중,안전운전불이행,건조,맑음,교차로 - 교차로부근,승용,남,66세,상해없음,승용,남,58세,부상신고
2013011100100476,2013년 1월 11일 18시,금요일,광주광역시 북구 일곡동,경상사고,0,0,1,0,차대차 - 추돌 - 진행중,안전거리미확보,건조,맑음,단일로 - 기타,승합,남,44세,상해없음,승합,남,21세,상해없음
2013011100100477,2013년 1월 11일 18시,금요일,광주광역시 북구 각화동,경상사고,0,0,1,0,차대사람 - 길가장자리구역통행중,안전운전불이행,건조,맑음,교차로 - 교차로부근,승용,기타불명,기타불명,기타불명,보행자,남,16세,경상
2013011100100478,2013년 1월 11일 18시,금요일,광주광역시 광산구 신가동,중상사고,0,1,0,0,차대사람 - 차도통행중,안전운전불이행,건조,맑음,단일로 - 기타,승용,여,35세,상해없음,보행자,남,14세,중상
2013011100100479,2013년 1월 11일 18시,금요일,광주광역시 광산구 송정동,경상사고,0,0,1,0,차대사람 - 횡단중,안전운전불이행,건조,맑음,단일로 - 기타,승용,남,28세,상해없음,보행자,남,20세,경상
2013011100100480,2013년 1월 11일 18시,금요일,광주광역시 광산구 우산동,경상사고,0,0,1,0,차대사람 - 기타,안전운전불이행,건조,맑음,단일로 - 기타,화물,기타불명,기타불명,기타불명,보행자,남,43세,경상
2013011100100530,2013년 1월 11일 19시,금요일,광주광역시 북구 풍향동,경상사고,0,0,1,0,차대사람 - 횡단중,신호위반,건조,맑음,교차로 - 교차로안,화물,여,46세,상해없음,보행자,남,64세,경상
2013011100100531,2013년 1월 11일 19시,금요일,광주광역시 광산구 우산동,경상사고,0,0,2,0,차대차 - 측면직각충돌,안전운전불이행,건조,맑음,단일로 - 기타,승용,남,48세,상해없음,승용,남,33세,경상
2013011100100571,2013년 1월 11일 20시,금요일,광주광역시 동구 학동,경상사고,0,0,1,0,차대사람 - 차도통행중,안전운전불이행,건조,맑음,단일로 - 기타,승용,여,59세,상해없음,보행자,남,68세,경상
2013011100100572,2013년 1월 11일 20시,금요일,광주광역시 남구 진월동,경상사고,0,0,1,0,차대차 - 측면직각충돌,안전거리미확보,건조,맑음,단일로 - 기타,승용,남,48세,상해없음,이륜,남,27세,경상
2013011100100690,2013년 1월 11일 23시,금요일,광주광역시 서구 치평동,경상사고,0,0,3,0,차대차 - 측면직각충돌,신호위반,건조,맑음,교차로 - 교차로안,기타불명,기타불명,기타불명,기타불명,승합,남,37세,경상
2013011100100691,2013년 1월 11일 23시,금요일,광주광역시 광산구 용봉동,경상사고,0,0,1,0,차대차 - 측면직각충돌,안전운전불이행,건조,맑음,단일로 - 기타,승용,남,32세,상해없음,이륜,남,21세,경상
2013011200100037,2013년 1월 12일 00시,토요일,광주광역시 서구 풍암동,경상사고,0,0,2,0,차대차 - 추돌 - 진행중,안전운전불이행,건조,맑음,교차로 - 교차로부근,승용,남,43세,상해없음,승용,여,34세,경상
2013011200100076,2013년 1월 12일 01시,토요일,광주광역시 서구 농성동,중상사고,0,2,0,0,차량단독 - 공작물충돌,안전운전불이행,건조,맑음,단일로 - 기타,승합,여,49세,중상,,,,
2013011200100099,2013년 1월 12일 02시,토요일,광주광역시 북구 오치동,경상사고,0,0,1,0,차대차 - 측면직각충돌,중앙선침범,건조,맑음,단일로 - 기타,승용,남,21세,상해없음,승용,남,26세,경상
2013011200100119,2013년 1월 12일 03시,토요일,광주광역시 북구 두암동,경상사고,0,0,1,0,차대차 - 측면직각충돌,안전운전불이행,건조,맑음,기타 - 기타,승용,남,23세,상해없음,승용,남,46세,기타불명
2013011200100128,2013년 1월 12일 04시,토요일,광주광역시 서구 유촌동,경상사고,0,0,3,0,차대차 - 측면직각충돌,안전거리미확보,건조,맑음,교차로 - 교차로부근,승용,여,39세,상해없음,승용,남,57세,경상
2013011200100129,2013년 1월 12일 04시,토요일,광주광역시 북구 풍향동,경상사고,0,0,1,0,차대차 - 측면직각충돌,신호위반,건조,맑음,교차로 - 교차로안,승용,여,57세,상해없음,승용,남,52세,상해없음
2013011200100142,2013년 1월 12일 05시,토요일,광주광역시 북구 오치동,경상사고,0,0,4,0,차대차 - 추돌 - 주정차중,안전운전불이행,건조,맑음,교차로 - 교차로부근,승용,남,47세,상해없음,승용,남,27세,경상
2013011200100154,2013년 1월 12일 06시,토요일,광주광역시 북구 운암동,중상사고,0,1,0,0,차대사람 - 횡단중,안전운전불이행,건조,맑음,단일로 - 횡단보도상,승용,남,55세,상해없음,보행자,여,69세,중상
2013011200100155,2013년 1월 12일 06시,토요일,광주광역시 광산구 신창동,부상신고사고,0,0,0,1,차대차 - 측면직각충돌,신호위반,건조,맑음,교차로 - 교차로안,승용,남,49세,부상신고,화물,남,51세,상해없음
2013011200100172,2013년 1월 12일 07시,토요일,광주광역시 광산구 월계동,중상사고,0,1,3,0,차대차 - 추돌 - 주정차중,안전운전불이행,건조,맑음,단일로 - 기타,승용,남,23세,경상,승용,남,25세,경상
2013011200100216,2013년 1월 12일 10시,토요일,광주광역시 북구 삼각동,중상사고,0,1,0,0,차대차 - 측면직각충돌,안전운전불이행,건조,맑음,교차로 - 교차로안,승합,남,50세,상해없음,이륜,남,76세,중상
2013011200100293,2013년 1월 12일 12시,토요일,광주광역시 서구 쌍촌동,경상사고,0,0,1,0,차대사람 - 횡단중,신호위반,건조,맑음,단일로 - 횡단보도상,승용,여,43세,상해없음,보행자,여,33세,경상
2013011200100321,2013년 1월 12일 13시,토요일,광주광역시 광산구 안청동,경상사고,0,0,1,0,차대차 - 측면직각충돌,교차로운행방법위반,건조,흐림,교차로 - 교차로안,승용,남,27세,상해없음,건설기계,남,59세,경상
2013011200100370,2013년 1월 12일 15시,토요일,광주광역시 서구 광천동,경상사고,0,0,2,0,차대차 - 측면직각충돌,교차로운행방법위반,건조,맑음,교차로 - 교차로안,승용,남,54세,상해없음,승용,남,37세,경상
2013011200100371,2013년 1월 12일 15시,토요일,광주광역시 서구 양동,경상사고,0,0,1,0,차대사람 - 차도통행중,안전운전불이행,건조,맑음,단일로 - 기타,승용,여,43세,상해없음,보행자,여,71세,경상
2013011200100372,2013년 1월 12일 15시,토요일,광주광역시 광산구 용봉동,중상사고,0,1,1,0,차대차 - 측면직각충돌,안전운전불이행,건조,맑음,단일로 - 기타,승용,남,33세,상해없음,승용,남,65세,중상
2013011200100393,2013년 1월 12일 16시,토요일,광주광역시 북구 누문동,경상사고,0,0,2,0,차대차 - 측면직각충돌,안전운전불이행,건조,맑음,단일로 - 기타,기타불명,기타불명,기타불명,기타불명,승용,남,39세,경상
2013011200100417,2013년 1월 12일 17시,토요일,광주광역시 서구 화정동,중상사고,0,1,0,0,차대사람 - 기타,안전운전불이행,건조,맑음,교차로 - 교차로안,승용,여,37세,상해없음,보행자,여,11세,중상
2013011200100461,2013년 1월 12일 18시,토요일,광주광역시 서구 쌍촌동,경상사고,0,0,1,0,차대사람 - 횡단중,안전운전불이행,건조,맑음,교차로 - 교차로부근,승용,남,50세,상해없음,보행자,남,71세,경상
2013011200100462,2013년 1월 12일 18시,토요일,광주광역시 광산구 비아동,경상사고,0,0,1,0,차대사람 - 횡단중,보행자보호의무위반,건조,맑음,교차로 - 교차로안,화물,남,42세,상해없음,보행자,남,56세,경상
2013011200100463,2013년 1월 12일 18시,토요일,광주광역시 광산구 옥동,경상사고,0,0,1,0,차대차 - 추돌 - 주정차중,안전운전불이행,건조,맑음,단일로 - 기타,화물,남,43세,상해없음,승용,여,37세,경상
2013011200100506,2013년 1월 12일 19시,토요일,광주광역시 서구 치평동,경상사고,0,0,1,0,차대차 - 측면직각충돌,중앙선침범,건조,맑음,교차로 - 교차로부근,승용,남,29세,상해없음,승용,남,32세,경상
2013011200100507,2013년 1월 12일 19시,토요일,광주광역시 북구 두암동,경상사고,0,0,1,0,차대사람 - 횡단중,신호위반,건조,맑음,단일로 - 횡단보도상,승용,남,36세,상해없음,보행자,남,48세,경상
2013011200100508,2013년 1월 12일 19시,토요일,광주광역시 광산구 월곡동,경상사고,0,0,4,0,차대차 - 기타,안전운전불이행,건조,맑음,단일로 - 기타,승용,남,27세,기타불명,승용,남,37세,경상
2013011200100509,2013년 1월 12일 19시,토요일,광주광역시 광산구 수완동,경상사고,0,0,1,0,차대차 - 추돌 - 진행중,안전거리미확보,건조,맑음,단일로 - 기타,승용,남,30세,상해없음,원동기,남,16세,경상
2013011200100530,2013년 1월 12일 20시,토요일,광주광역시 서구 서창동,중상사고,0,1,2,0,차대차 - 기타,신호위반,건조,맑음,교차로 - 교차로안,승용,여,51세,중상,승합,남,62세,경상
2013011200100531,2013년 1월 12일 20시,토요일,광주광역시 북구 양산동,경상사고,0,0,1,0,차대차 - 기타,신호위반,습기,안개,교차로 - 교차로부근,원동기,남,16세,경상,화물,남,33세,상해없음
2013011200100564,2013년 1월 12일 21시,토요일,광주광역시 서구 쌍촌동,경상사고,0,0,1,0,차대차 - 기타,교차로운행방법위반,건조,맑음,교차로 - 교차로안,승용,여,46세,상해없음,이륜,남,35세,경상
2013011200100609,2013년 1월 12일 23시,토요일,광주광역시 서구 농성동,경상사고,0,0,1,0,차대사람 - 차도통행중,안전운전불이행,건조,맑음,교차로 - 교차로부근,승용,남,43세,상해없음,보행자,남,55세,경상
2013011200100610,2013년 1월 12일 23시,토요일,광주광역시 남구 송하동,부상신고사고,0,0,0,3,차대차 - 추돌 - 진행중,안전운전불이행,건조,맑음,단일로 - 기타,승용,남,29세,상해없음,승용,남,59세,부상신고
2013011300100019,2013년 1월 13일 00시,일요일,광주광역시 서구 치평동,경상사고,0,0,2,0,차대차 - 추돌 - 주정차중,안전운전불이행,건조,맑음,교차로 - 교차로부근,승용,남,38세,상해없음,승용,여,45세,경상
2013011300100020,2013년 1월 13일 00시,일요일,광주광역시 북구 오치동,경상사고,0,0,2,0,차대차 - 측면직각충돌,중앙선침범,건조,맑음,교차로 - 교차로부근,승용,남,27세,상해없음,화물,남,42세,경상
2013011300100021,2013년 1월 13일 00시,일요일,광주광역시 북구 우산동,경상사고,0,0,4,0,차대차 - 측면직각충돌,교차로운행방법위반,건조,맑음,교차로 - 교차로안,승용,남,29세,상해없음,승용,남,42세,경상
2013011300100044,2013년 1월 13일 01시,일요일,광주광역시 북구 오치동,경상사고,0,0,1,0,차대차 - 추돌 - 진행중,안전운전불이행,건조,맑음,단일로 - 기타,원동기,남,17세,상해없음,승용,남,40세,경상
2013011300100045,2013년 1월 13일 01시,일요일,광주광역시 북구 오치동,경상사고,0,0,3,0,차대차 - 측면직각충돌,교차로운행방법위반,건조,맑음,교차로 - 교차로안,기타불명,기타불명,기타불명,기타불명,승용,여,23세,경상
2013011300100063,2013년 1월 13일 02시,일요일,광주광역시 광산구 우산동,경상사고,0,0,1,0,차대차 - 측면직각충돌,중앙선침범,건조,맑음,단일로 - 기타,화물,남,30세,상해없음,승용,남,61세,경상
2013011300100073,2013년 1월 13일 03시,일요일,광주광역시 서구 쌍촌동,경상사고,0,0,2,0,차대차 - 기타,안전운전불이행,건조,맑음,교차로 - 교차로부근,승용,남,26세,상해없음,승용,남,29세,경상
2013011300100093,2013년 1월 13일 05시,일요일,광주광역시 서구 화정동,경상사고,0,0,2,0,차대차 - 측면직각충돌,안전거리미확보,건조,맑음,단일로 - 기타,승용,남,32세,경상,승용,남,28세,경상
2013011300100094,2013년 1월 13일 05시,일요일,광주광역시 남구 방림동,경상사고,0,0,1,0,차대차 - 측면직각충돌,안전운전불이행,건조,맑음,교차로 - 교차로부근,승용,남,51세,상해없음,승용,남,40세,경상
2013011300100108,2013년 1월 13일 06시,일요일,광주광역시 북구 동림동,경상사고,0,0,1,0,차대차 - 측면직각충돌,교차로운행방법위반,건조,맑음,교차로 - 교차로안,승합,남,73세,상해없음,승용,남,34세,경상
2013011300100109,2013년 1월 13일 06시,일요일,광주광역시 광산구 신창동,경상사고,0,0,1,0,차량단독 - 공작물충돌,안전운전불이행,건조,맑음,단일로 - 기타,승용,남,23세,기타불명,,,,
2013011300100143,2013년 1월 13일 09시,일요일,광주광역시 광산구 월계동,경상사고,0,0,2,0,차대차 - 정면충돌,중앙선침범,건조,맑음,교차로 - 교차로안,승용,남,31세,상해없음,승용,남,49세,경상
2013011300100210,2013년 1월 13일 13시,일요일,광주광역시 광산구 쌍암동,중상사고,0,1,0,0,차대사람 - 횡단중,안전운전불이행,건조,맑음,단일로 - 횡단보도상,승용,남,41세,기타불명,보행자,남,13세,중상
2013011300100225,2013년 1월 13일 14시,일요일,광주광역시 서구 쌍촌동,경상사고,0,0,3,0,차대차 - 추돌 - 주정차중,안전거리미확보,건조,맑음,단일로 - 기타,승용,남,50세,상해없음,승용,남,65세,경상
2013011300100226,2013년 1월 13일 14시,일요일,광주광역시 서구 매월동,중상사고,0,1,0,0,차대차 - 측면직각충돌,차로위반,건조,맑음,교차로 - 교차로부근,승용,남,30세,상해없음,이륜,남,42세,중상
2013011300100262,2013년 1월 13일 16시,일요일,광주광역시 광산구 신가동,중상사고,0,1,0,0,차대사람 - 차도통행중,안전운전불이행,건조,맑음,단일로 - 기타,승용,남,39세,상해없음,보행자,남,84세,중상
2013011300100319,2013년 1월 13일 18시,일요일,광주광역시 광산구 수완동,사망사고,1,0,2,0,차대차 - 측면직각충돌,신호위반,건조,맑음,교차로 - 교차로안,승용,여,35세,경상,승용,남,49세,사망
2013011300100379,2013년 1월 13일 20시,일요일,광주광역시 동구 대인동,경상사고,0,0,1,0,차대사람 - 차도통행중,안전운전불이행,건조,흐림,교차로 - 교차로부근,승용,남,51세,상해없음,보행자,남,50세,경상
2013011300100380,2013년 1월 13일 20시,일요일,광주광역시 광산구 쌍암동,경상사고,0,0,3,0,차대차 - 측면직각충돌,안전거리미확보,건조,맑음,단일로 - 기타,승용,남,51세,경상,승용,남,51세,경상
2013011300100410,2013년 1월 13일 21시,일요일,광주광역시 남구 봉선동,경상사고,0,0,1,1,차대차 - 측면직각충돌,안전운전불이행,건조,맑음,단일로 - 기타,이륜,남,16세,부상신고,승용,남,27세,경상
2013011300100411,2013년 1월 13일 21시,일요일,광주광역시 북구 일곡동,경상사고,0,0,1,0,차대차 - 기타,안전거리미확보,건조,맑음,단일로 - 기타,승용,남,44세,상해없음,원동기,남,16세,경상
2013011300100412,2013년 1월 13일 21시,일요일,광주광역시 광산구 월계동,경상사고,0,0,1,0,차대차 - 측면직각충돌,교차로운행방법위반,습기,흐림,교차로 - 교차로부근,승용,여,44세,상해없음,이륜,남,24세,경상
2013011300100438,2013년 1월 13일 22시,일요일,광주광역시 서구 농성동,경상사고,0,0,1,0,차량단독 - 기타,안전운전불이행,건조,맑음,단일로 - 기타,승합,남,54세,상해없음,,,,
2013011300100439,2013년 1월 13일 22시,일요일,광주광역시 북구 풍향동,경상사고,0,0,1,0,차대사람 - 횡단중,보행자보호의무위반,건조,맑음,단일로 - 기타,이륜,남,25세,상해없음,보행자,남,41세,경상