사고번호,사고일시,요일,시군구,사고내용,사망자수,중상자수,경상자수,부상신고자수,사고유형,법규위반,노면상태,기상상태,도로형태,가해운전자 차종,가해운전자 성별,가해운전자 연령,가해운전자 상해정도,피해운전자 차종,피해운전자 성별,피해운전자 연령,피해운전자 상해정도
2013011300100456,2013년 1월 13일 23시,일요일,광주광역시 서구 내방동,경상사고,0,0,2,0,차대차 - 추돌 - 주정차중,안전거리미확보,건조,맑음,교차로 - 교차로부근,화물,남,39세,상해없음,승용,남,32세,경상
2013011400100012,2013년 1월 14일 00시,월요일,광주광역시 서구 치평동,경상사고,0,0,1,0,차대차 - 기타,안전운전불이행,건조,맑음,교차로 - 교차로안,승용,남,48세,상해없음,승용,남,66세,기타불명
2013011400100054,2013년 1월 14일 05시,월요일,광주광역시 서구 광천동,경상사고,0,0,1,0,차대차 - 측면직각충돌,안전거리미확보,건조,맑음,교차로 - 교차로안,승용,여,56세,상해없음,승용,남,43세,경상
2013011400100090,2013년 1월 14일 07시,월요일,광주광역시 북구 신안동,경상사고,0,0,1,0,차대차 - 측면직각충돌,안전운전불이행,건조,맑음,단일로 - 횡단보도상,승용,기타불명,기타불명,기타불명,자전거,남,28세,경상
2013011400100117,2013년 1월 14일 08시,월요일,광주광역시 남구 주월동,경상사고,0,0,2,0,차대차 - 측면직각충돌,안전거리미확보,건조,맑음,단일로 - 기타,승합,남,57세,상해없음,승용,남,70세,경상
2013011400100118,2013년 1월 14일 08시,월요일,광주광역시 북구 운암동,경상사고,0,0,1,0,차대사람 - 차도통행중,안전운전불이행,건조,맑음,교차로 - 교차로부근,승용,여,27세,상해없음,보행자,남,20세,경상
2013011400100142,2013년 1월 14일 09시,월요일,광주광역시 서구 풍암동,경상사고,0,0,2,0,차대차 - 측면직각충돌,신호위반,건조,맑음,교차로 - 교차로안,승용,여,58세,상해없음,승용,남,50세,경상
2013011400100143,2013년 1월 14일 09시,월요일,광주광역시 남구 주월동,경상사고,0,0,1,0,차대차 - 측면직각충돌,교차로운행방법위반,건조,맑음,교차로 - 교차로안,승용,남,62세,상해없음,승용,남,50세,경상
2013011400100170,2013년 1월 14일 10시,월요일,광주광역시 동구 장동,경상사고,0,0,1,0,차대차 - 정면충돌,신호위반,건조,맑음,교차로 - 교차로안,승용,남,39세,상해없음,이륜,남,59세,경상
2013011400100211,2013년 1월 14일 12시,월요일,광주광역시 북구 중흥동,중상사고,0,1,0,0,차대사람 - 기타,안전운전불이행,건조,맑음,단일로 - 기타,화물,남,34세,기타불명,보행자,남,60세,중상
2013011400100230,2013년 1월 14일 13시,월요일,광주광역시 동구 금남로4가,경상사고,0,0,2,0,차대차 - 측면직각충돌,안전운전불이행,건조,맑음,단일로 - 기타,승용,여,28세,상해없음,승용,남,53세,경상
2013011400100251,2013년 1월 14일 14시,월요일,광주광역시 북구 신안동,중상사고,0,1,0,0,차대차 - 측면직각충돌,안전운전불이행,건조,흐림,단일로 - 기타,승용,여,57세,상해없음,자전거,남,75세,중상
2013011400100375,2013년 1월 14일 18시,월요일,광주광역시 남구 월산동,경상사고,0,0,1,0,차대차 - 기타,교차로운행방법위반,건조,맑음,교차로 - 교차로안,승용,남,36세,상해없음,승용,남,31세,경상
2013011400100376,2013년 1월 14일 18시,월요일,광주광역시 북구 삼각동,중상사고,0,1,0,0,차대사람 - 기타,안전운전불이행,건조,맑음,기타 - 기타,화물,남,58세,상해없음,보행자,여,52세,중상
2013011400100410,2013년 1월 14일 19시,월요일,광주광역시 서구 동천동,중상사고,0,1,0,0,차대사람 - 횡단중,안전운전불이행,건조,맑음,단일로 - 기타,승용,남,60세,상해없음,보행자,여,43세,중상
2013011400100463,2013년 1월 14일 21시,월요일,광주광역시 광산구 장록동,경상사고,0,0,2,0,차대차 - 측면직각충돌,신호위반,건조,맑음,교차로 - 교차로안,승합,남,59세,경상,승용,남,29세,경상
2013011400100514,2013년 1월 14일 23시,월요일,광주광역시 서구 화정동,경상사고,0,0,7,0,차대차 - 기타,안전운전불이행,건조,맑음,단일로 - 기타,승용,남,20세,경상,화물,남,51세,경상
2013011500100022,2013년 1월 15일 00시,화요일,광주광역시 광산구 운남동,경상사고,0,0,4,0,차대차 - 측면직각충돌,신호위반,건조,맑음,교차로 - 교차로부근,승용,기타불명,기타불명,기타불명,승용,남,19세,경상
2013011500100070,2013년 1월 15일 04시,화요일,광주광역시 서구 치평동,경상사고,0,0,3,0,차대차 - 측면직각충돌,안전운전불이행,건조,맑음,단일로 - 기타,승용,남,28세,상해없음,승용,남,32세,경상
2013011500100115,2013년 1월 15일 07시,화요일,광주광역시 광산구 흑석동,부상신고사고,0,0,0,1,차대차 - 측면직각충돌,교차로운행방법위반,건조,맑음,교차로 - 교차로안,승용,남,29세,상해없음,승용,남,58세,부상신고
2013011500100170,2013년 1월 15일 09시,화요일,광주광역시 동구 용산동,경상사고,0,0,1,0,차대차 - 측면직각충돌,교차로운행방법위반,건조,맑음,교차로 - 교차로안,승용,남,42세,상해없음,승용,남,43세,경상
2013011500100171,2013년 1월 15일 09시,화요일,광주광역시 북구 오치동,경상사고,0,0,1,0,차대차 - 기타,교차로운행방법위반,건조,맑음,교차로 - 교차로안,승합,남,59세,상해없음,승용,여,42세,경상
2013011500100268,2013년 1월 15일 14시,화요일,광주광역시 광산구 신창동,경상사고,0,0,1,0,차대사람 - 차도통행중,안전운전불이행,건조,맑음,단일로 - 기타,승용,남,56세,상해없음,보행자,남,9세,경상
2013011500100285,2013년 1월 15일 15시,화요일,광주광역시 북구 신용동,중상사고,0,1,1,0,차대차 - 정면충돌,신호위반,건조,맑음,교차로 - 교차로안,승용,여,35세,상해없음,승용,남,27세,경상
2013011500100286,2013년 1월 15일 15시,화요일,광주광역시 광산구 장덕동,경상사고,0,0,1,0,차대차 - 측면직각충돌,안전운전불이행,건조,맑음,교차로 - 교차로안,승용,남,41세,상해없음,이륜,남,21세,경상
2013011500100320,2013년 1월 15일 17시,화요일,광주광역시 광산구 운남동,중상사고,0,1,0,0,차대사람 - 횡단중,안전운전불이행,건조,맑음,교차로 - 교차로안,화물,남,30세,상해없음,보행자,남,73세,중상
2013011500100361,2013년 1월 15일 18시,화요일,광주광역시 서구 치평동,경상사고,0,0,3,0,차대차 - 추돌 - 주정차중,안전운전불이행,건조,맑음,단일로 - 기타,승용,여,43세,상해없음,승용,남,27세,경상
2013011500100362,2013년 1월 15일 18시,화요일,광주광역시 광산구 월계동,경상사고,0,0,1,0,차대차 - 측면직각충돌,신호위반,건조,맑음,교차로 - 교차로안,승합,남,52세,상해없음,승용,남,26세,경상
2013011500100468,2013년 1월 15일 21시,화요일,광주광역시 남구 월산동,경상사고,0,0,1,0,차대차 - 측면직각충돌,안전운전불이행,건조,맑음,교차로 - 교차로부근,승용,남,36세,상해없음,승용,남,30세,경상
2013011500100469,2013년 1월 15일 21시,화요일,광주광역시 북구 운암동,경상사고,0,0,1,1,차대차 - 추돌 - 주정차중,안전운전불이행,건조,맑음,단일로 - 기타,승용,남,46세,상해없음,승용,여,43세,부상신고
2013011500100470,2013년 1월 15일 21시,화요일,광주광역시 북구 운암동,경상사고,0,0,4,0,차대차 - 추돌 - 주정차중,안전운전불이행,건조,맑음,교차로 - 교차로부근,승용,남,32세,상해없음,승용,남,49세,경상
2013011500100471,2013년 1월 15일 21시,화요일,광주광역시 광산구 월곡동,중상사고,0,3,1,0,차대차 - 기타,차로위반,건조,맑음,교차로 - 교차로부근,승용,남,32세,상해없음,승용,남,25세,중상
2013011500100497,2013년 1월 15일 22시,화요일,광주광역시 서구 화정동,중상사고,0,1,0,0,차대차 - 기타,안전운전불이행,건조,맑음,단일로 - 기타,승용,기타불명,기타불명,기타불명,이륜,남,44세,중상
2013011500100498,2013년 1월 15일 22시,화요일,광주광역시 북구 두암동,경상사고,0,0,2,0,차대차 - 측면직각충돌,신호위반,건조,맑음,교차로 - 교차로안,승용,여,47세,상해없음,승용,남,31세,경상
2013011600100039,2013년 1월 16일 01시,수요일,광주광역시 광산구 우산동,경상사고,0,0,1,0,차량단독 - 기타,안전운전불이행,건조,맑음,단일로 - 기타,승용,남,31세,상해없음,,,,
2013011600100112,2013년 1월 16일 07시,수요일,광주광역시 북구 일곡동,중상사고,0,1,0,0,차대사람 - 횡단중,신호위반,건조,맑음,단일로 - 횡단보도상,승용,남,44세,상해없음,보행자,남,59세,중상
2013011600100141,2013년 1월 16일 08시,수요일,광주광역시 서구 쌍촌동,경상사고,0,0,3,0,차대차 - 기타,안전거리미확보,건조,맑음,단일로 - 기타,승용,여,41세,상해없음,승용,남,70세,경상
2013011600100180,2013년 1월 16일 10시,수요일,광주광역시 서구 마륵동,중상사고,0,1,0,0,차대차 - 측면직각충돌,교차로운행방법위반,건조,맑음,교차로 - 교차로안,승용,남,46세,상해없음,승용,여,60세,중상
2013011600100181,2013년 1월 16일 10시,수요일,광주광역시 서구 쌍촌동,경상사고,0,0,1,0,차대차 - 기타,안전운전불이행,건조,맑음,교차로 - 교차로안,승용,여,51세,상해없음,승합,남,57세,상해없음
2013011600100203,2013년 1월 16일 11시,수요일,광주광역시 남구 행암동,경상사고,0,0,1,0,차대사람 - 기타,안전운전불이행,건조,맑음,단일로 - 기타,기타불명,기타불명,기타불명,기타불명,보행자,여,61세,경상
2013011600100204,2013년 1월 16일 11시,수요일,광주광역시 북구 연제동,중상사고,0,1,0,0,차대차 - 측면직각충돌,안전운전불이행,건조,맑음,단일로 - 기타,화물,남,56세,상해없음,원동기,남,39세,중상
2013011600100245,2013년 1월 16일 13시,수요일,광주광역시 광산구 신창동,경상사고,0,0,1,0,차대차 - 추돌 - 주정차중,안전운전불이행,기타,흐림,교차로 - 교차로부근,승용,남,23세,상해없음,승용,남,41세,경상
2013011600100260,2013년 1월 16일 14시,수요일,광주광역시 광산구 송정동,경상사고,0,0,2,0,차대차 - 측면직각충돌,안전운전불이행,습기,흐림,단일로 - 기타,승용,남,66세,경상,승용,남,41세,기타불명
2013011600100289,2013년 1월 16일 15시,수요일,광주광역시 북구 임동,경상사고,0,0,2,0,차대사람 - 횡단중,안전운전불이행,습기,흐림,단일로 - 기타,승용,여,50세,상해없음,보행자,남,9세,경상
2013011600100303,2013년 1월 16일 16시,수요일,광주광역시 북구 동림동,중상사고,0,1,0,0,차대차 - 추돌 - 진행중,안전거리미확보,건조,맑음,교차로 - 교차로부근,화물,남,46세,상해없음,승용,남,42세,중상
2013011600100326,2013년 1월 16일 17시,수요일,광주광역시 북구 양산동,경상사고,0,0,1,0,차대차 - 측면직각충돌,안전거리미확보,건조,맑음,단일로 - 기타,화물,남,43세,상해없음,이륜,남,60세,경상
2013011600100327,2013년 1월 16일 17시,수요일,광주광역시 북구 중흥동,경상사고,0,0,1,0,차대차 - 추돌 - 주정차중,안전운전불이행,건조,맑음,단일로 - 기타,화물,남,27세,상해없음,승용,남,61세,경상
2013011600100364,2013년 1월 16일 18시,수요일,광주광역시 서구 화정동,경상사고,0,0,1,0,차대차 - 추돌 - 주정차중,안전운전불이행,건조,맑음,단일로 - 기타,승용,남,56세,상해없음,승용,남,36세,경상
2013011600100365,2013년 1월 16일 18시,수요일,광주광역시 서구 금호동,경상사고,0,0,2,0,차대차 - 측면직각충돌,신호위반,습기,맑음,단일로 - 횡단보도부근,승용,남,43세,상해없음,승용,남,28세,경상
2013011600100366,2013년 1월 16일 18시,수요일,광주광역시 서구 쌍촌동,경상사고,0,0,3,0,차대차 - 추돌 - 진행중,중앙선침범,건조,맑음,교차로 - 교차로부근,승용,남,42세,상해없음,승용,남,29세,경상
2013011600100367,2013년 1월 16일 18시,수요일,광주광역시 남구 주월동,중상사고,0,1,1,0,차대차 - 추돌 - 주정차중,안전운전불이행,건조,맑음,단일로 - 기타,승용,남,57세,상해없음,화물,남,53세,경상
2013011600100368,2013년 1월 16일 18시,수요일,광주광역시 북구 용봉동,경상사고,0,0,2,0,차대차 - 추돌 - 주정차중,안전운전불이행,습기,비,단일로 - 기타,승용,남,55세,상해없음,승합,남,40세,경상
2013011600100369,2013년 1월 16일 18시,수요일,광주광역시 광산구 우산동,중상사고,0,1,0,0,차대차 - 측면직각충돌,중앙선침범,습기,흐림,교차로 - 교차로부근,승용,남,49세,상해없음,원동기,남,50세,중상
2013011600100370,2013년 1월 16일 18시,수요일,광주광역시 광산구 월계동,경상사고,0,0,3,0,차량단독 - 기타,안전운전불이행,건조,맑음,교차로 - 교차로부근,승용,남,52세,상해없음,,,,
2013011600100439,2013년 1월 16일 20시,수요일,광주광역시 북구 일곡동,경상사고,0,0,9,0,차대차 - 측면직각충돌,교차로운행방법위반,건조,맑음,교차로 - 교차로안,승용,남,44세,경상,승용,여,42세,경상
2013011600100440,2013년 1월 16일 20시,수요일,광주광역시 북구 삼각동,경상사고,0,0,1,0,차대차 - 측면직각충돌,중앙선침범,건조,맑음,단일로 - 기타,승용,남,50세,상해없음,원동기,남,25세,경상
2013011600100441,2013년 1월 16일 20시,수요일,광주광역시 광산구 월전동,경상사고,0,0,3,0,차대차 - 측면직각충돌,안전운전불이행,건조,맑음,교차로 - 교차로안,승용,남,26세,경상,승용,남,30세,경상
2013011600100475,2013년 1월 16일 21시,수요일,광주광역시 광산구 월전동,경상사고,0,0,4,0,차대차 - 측면직각충돌,신호위반,건조,맑음,교차로 - 교차로안,승용,남,64세,경상,승용,남,43세,경상
2013011600100506,2013년 1월 16일 22시,수요일,광주광역시 북구 각화동,중상사고,0,1,0,0,차대사람 - 횡단중,안전운전불이행,습기,맑음,단일로 - 기타,승용,남,48세,상해없음,보행자,남,57세,중상
2013011600100507,2013년 1월 16일 22시,수요일,광주광역시 광산구 신창동,경상사고,0,0,2,0,차대차 - 추돌 - 진행중,안전거리미확보,건조,맑음,단일로 - 기타,승용,남,23세,경상,원동기,남,35세,경상
2013011700100020,2013년 1월 17일 00시,목요일,광주광역시 광산구 월계동,경상사고,0,0,1,0,차대차 - 추돌 - 주정차중,안전운전불이행,건조,맑음,단일로 - 기타,원동기,남,57세,경상,승용,남,33세,상해없음
2013011700100065,2013년 1월 17일 03시,목요일,광주광역시 광산구 신가동,경상사고,0,0,1,0,차대사람 - 차도통행중,안전운전불이행,건조,맑음,단일로 - 기타,승용,남,53세,상해없음,보행자,남,58세,경상
2013011700100116,2013년 1월 17일 07시,목요일,광주광역시 북구 오치동,경상사고,0,0,1,0,차대차 - 기타,차로위반,건조,흐림,단일로 - 기타,화물,남,37세,상해없음,승용,남,39세,경상
2013011700100124,2013년 1월 17일 07시,목요일,광주광역시 북구 임동,중상사고,0,1,0,0,차대사람 - 보도통행중,신호위반,건조,맑음,단일로 - 횡단보도상,승용,남,49세,상해없음,보행자,여,16세,중상
2013011700100148,2013년 1월 17일 08시,목요일,광주광역시 동구 금남로5가,경상사고,0,0,1,0,차대차 - 추돌 - 진행중,안전거리미확보,건조,맑음,교차로 - 교차로부근,승용,남,51세,상해없음,승용,남,66세,상해없음
2013011700100227,2013년 1월 17일 11시,목요일,광주광역시 남구 봉선동,경상사고,0,0,1,0,차대사람 - 기타,안전운전불이행,건조,맑음,단일로 - 기타,승용,기타불명,기타불명,기타불명,보행자,여,14세,경상
2013011700100228,2013년 1월 17일 11시,목요일,광주광역시 남구 봉선동,중상사고,0,1,0,0,차량단독 - 전도전복,기타,건조,맑음,단일로 - 기타,화물,남,51세,중상,,,,
2013011700100238,2013년 1월 17일 12시,목요일,광주광역시 북구 용봉동,경상사고,0,0,1,0,차대차 - 측면직각충돌,교차로운행방법위반,건조,맑음,교차로 - 교차로안,승용,남,52세,상해없음,승용,남,55세,경상
2013011700100283,2013년 1월 17일 14시,목요일,광주광역시 북구 일곡동,사망사고,1,0,0,0,차대차 - 측면직각충돌,중앙선침범,건조,맑음,교차로 - 교차로부근,이륜,남,76세,사망,승용,남,37세,상해없음
2013011700100331,2013년 1월 17일 16시,목요일,광주광역시 북구 유동,경상사고,0,0,1,0,차대차 - 기타,안전거리미확보,건조,맑음,교차로 - 교차로부근,승용,남,44세,상해없음,승용,남,34세,경상
2013011700100399,2013년 1월 17일 18시,목요일,광주광역시 서구 서창동,중상사고,0,2,1,0,차대차 - 기타,신호위반,건조,맑음,교차로 - 교차로안,승용,남,57세,경상,승용,남,51세,중상
2013011700100400,2013년 1월 17일 18시,목요일,광주광역시 서구 치평동,경상사고,0,0,3,0,차대차 - 추돌 - 주정차중,기타,건조,맑음,교차로 - 교차로부근,승용,남,60세,상해없음,승용,남,31세,경상
2013011700100401,2013년 1월 17일 18시,목요일,광주광역시 북구 임동,경상사고,0,0,1,0,차대차 - 추돌 - 진행중,안전거리미확보,건조,맑음,단일로 - 기타,승용,남,31세,상해없음,이륜,남,69세,경상
2013011700100439,2013년 1월 17일 19시,목요일,광주광역시 서구 쌍촌동,경상사고,0,0,1,0,차대차 - 기타,안전거리미확보,건조,맑음,단일로 - 기타,승용,남,42세,상해없음,이륜,남,25세,경상
2013011700100523,2013년 1월 17일 22시,목요일,광주광역시 서구 농성동,경상사고,0,0,1,0,차대차 - 측면직각충돌,교차로운행방법위반,건조,맑음,교차로 - 교차로안,승용,남,42세,상해없음,승용,남,36세,경상
2013011700100524,2013년 1월 17일 22시,목요일,광주광역시 북구 오치동,경상사고,0,0,2,0,차대차 - 기타,안전운전불이행,건조,맑음,단일로 - 기타,승용,남,64세,상해없음,승용,남,38세,경상
2013011700100525,2013년 1월 17일 22시,목요일,광주광역시 북구 신안동,경상사고,0,0,1,0,차대차 - 측면직각충돌,안전운전불이행,건조,맑음,교차로 - 교차로안,승용,남,52세,상해없음,승용,남,47세,경상
2013011700100526,2013년 1월 17일 22시,목요일,광주광역시 북구 중흥동,경상사고,0,0,1,0,차대차 - 측면직각충돌,신호위반,건조,맑음,교차로 - 교차로안,승용,남,29세,상해없음,승용,여,20세,경상
2013011700100527,2013년 1월 17일 22시,목요일,광주광역시 광산구 신촌동,경상사고,0,0,1,0,차대차 - 측면직각충돌,중앙선침범,건조,맑음,단일로 - 교량,승용,남,34세,상해없음,승용,남,43세,경상
2013011700100555,2013년 1월 17일 23시,목요일,광주광역시 동구 계림동,경상사고,0,0,2,0,차대차 - 추돌 - 진행중,안전운전불이행,건조,맑음,단일로 - 기타,승용,남,51세,상해없음,승용,남,64세,경상
2013011700100556,2013년 1월 17일 23시,목요일,광주광역시 광산구 신가동,중상사고,0,1,0,0,차대차 - 측면직각충돌,신호위반,건조,맑음,교차로 - 교차로안,승용,남,38세,상해없음,승용,남,23세,중상
2013011800100022,2013년 1월 18일 00시,금요일,광주광역시 서구 농성동,중상사고,0,1,0,0,차대사람 - 횡단중,신호위반,건조,맑음,교차로 - 교차로안,기타불명,기타불명,기타불명,기타불명,보행자,여,23세,중상
2013011800100047,2013년 1월 18일 02시,금요일,광주광역시 서구 농성동,경상사고,0,0,2,0,차대차 - 추돌 - 진행중,안전운전불이행,건조,맑음,단일로 - 기타,승용,남,26세,상해없음,승용,남,28세,경상
2013011800100082,2013년 1월 18일 06시,금요일,광주광역시 서구 금호동,경상사고,0,0,1,0,차대사람 - 횡단중,신호위반,건조,맑음,교차로 - 교차로부근,승용,남,46세,상해없음,보행자,여,56세,경상
2013011800100143,2013년 1월 18일 08시,금요일,광주광역시 광산구 월계동,경상사고,0,0,1,0,차대사람 - 차도통행중,안전운전불이행,건조,맑음,단일로 - 기타,승용,남,50세,상해없음,보행자,남,18세,경상
2013011800100179,2013년 1월 18일 09시,금요일,광주광역시 동구 선교동,경상사고,0,0,5,0,차대차 - 추돌 - 진행중,안전거리미확보,건조,맑음,단일로 - 기타,승용,남,42세,경상,승용,남,56세,경상
2013011800100180,2013년 1월 18일 09시,금요일,광주광역시 동구 선교동,경상사고,0,0,5,0,차대차 - 추돌 - 진행중,안전거리미확보,건조,맑음,단일로 - 기타,승용,남,55세,상해없음,승용,남,42세,경상
2013011800100207,2013년 1월 18일 10시,금요일,광주광역시 동구 내남동,중상사고,0,1,0,0,차량단독 - 기타,기타,건조,맑음,단일로 - 기타,승합,남,52세,상해없음,,,,
2013011800100208,2013년 1월 18일 10시,금요일,광주광역시 남구 송하동,경상사고,0,0,1,0,차대차 - 측면직각충돌,안전거리미확보,건조,맑음,단일로 - 기타,화물,남,81세,상해없음,승용,여,40세,경상
2013011800100209,2013년 1월 18일 10시,금요일,광주광역시 광산구 송정동,부상신고사고,0,0,0,1,차대사람 - 기타,안전운전불이행,건조,맑음,교차로 - 교차로부근,기타불명,기타불명,기타불명,기타불명,보행자,여,88세,부상신고
2013011800100232,2013년 1월 18일 11시,금요일,광주광역시 광산구 월곡동,경상사고,0,0,1,0,차대사람 - 횡단중,보행자보호의무위반,건조,맑음,교차로 - 교차로부근,화물,남,61세,상해없음,보행자,여,34세,경상
2013011800100279,2013년 1월 18일 13시,금요일,광주광역시 광산구 신가동,경상사고,0,0,1,0,차대차 - 측면직각충돌,불법유턴,건조,맑음,단일로 - 기타,승용,남,47세,상해없음,원동기,남,50세,경상
2013011800100280,2013년 1월 18일 13시,금요일,광주광역시 광산구 쌍암동,경상사고,0,0,1,0,차대차 - 측면직각충돌,교차로운행방법위반,건조,맑음,교차로 - 교차로안,화물,남,25세,상해없음,승용,여,30세,경상
2013011800100281,2013년 1월 18일 13시,금요일,광주광역시 광산구 월계동,경상사고,0,0,3,0,차대차 - 추돌 - 진행중,안전거리미확보,건조,맑음,교차로 - 교차로부근,승용,남,64세,상해없음,승용,여,51세,경상
2013011800100301,2013년 1월 18일 14시,금요일,광주광역시 서구 금호동,경상사고,0,0,2,0,차대차 - 기타,교차로운행방법위반,건조,맑음,교차로 - 교차로안,승용,남,60세,상해없음,승용,여,41세,경상
2013011800100328,2013년 1월 18일 15시,금요일,광주광역시 광산구 옥동,중상사고,0,1,1,0,차대차 - 측면직각충돌,교차로운행방법위반,건조,맑음,교차로 - 교차로안,승용,남,36세,상해없음,승용,남,33세,중상
2013011800100329,2013년 1월 18일 15시,금요일,광주광역시 광산구 신창동,경상사고,0,0,2,0,차대차 - 추돌 - 진행중,안전운전불이행,건조,맑음,교차로 - 교차로안,승용,남,49세,상해없음,승용,남,49세,경상
2013011800100359,2013년 1월 18일 16시,금요일,광주광역시 서구 치평동,경상사고,0,0,2,0,차대차 - 기타,신호위반,건조,맑음,교차로 - 교차로안,승용,여,55세,상해없음,승용,남,27세,경상
2013011800100360,2013년 1월 18일 16시,금요일,광주광역시 광산구 신가동,경상사고,0,0,2,0,차대차 - 측면직각충돌,신호위반,건조,맑음,교차로 - 교차로안,승용,여,52세,경상,승용,남,28세,경상
2013011800100361,2013년 1월 18일 16시,금요일,광주광역시 광산구 옥동,경상사고,0,0,1,0,차대차 - 측면직각충돌,불법유턴,건조,맑음,단일로 - 기타,화물,남,30세,상해없음,승합,남,55세,상해없음
2013011800100453,2013년 1월 18일 18시,금요일,광주광역시 서구 금호동,경상사고,0,0,1,0,차대차 - 측면직각충돌,교차로운행방법위반,건조,맑음,교차로 - 교차로안,승용,남,67세,상해없음,이륜,남,22세,경상
2013011800100454,2013년 1월 18일 18시,금요일,광주광역시 남구 양과동,경상사고,0,0,1,0,차대차 - 추돌 - 진행중,안전거리미확보,건조,맑음,단일로 - 기타,화물,남,47세,상해없음,승용,남,27세,경상
2013011800100455,2013년 1월 18일 18시,금요일,광주광역시 북구 본촌동,경상사고,0,0,2,0,차대차 - 추돌 - 진행중,신호위반,건조,맑음,교차로 - 교차로안,승용,남,56세,상해없음,승용,남,38세,경상
2013011800100456,2013년 1월 18일 18시,금요일,광주광역시 광산구 우산동,경상사고,0,0,1,0,차대사람 - 횡단중,안전운전불이행,건조,맑음,교차로 - 교차로부근,승용,기타불명,기타불명,기타불명,보행자,남,7세,경상
2013011800100489,2013년 1월 18일 19시,금요일,광주광역시 서구 농성동,경상사고,0,0,1,0,차대차 - 기타,안전운전불이행,건조,맑음,단일로 - 기타,승합,남,58세,상해없음,기타불명,여,53세,경상
2013011800100490,2013년 1월 18일 19시,금요일,광주광역시 북구 문흥동,경상사고,0,0,3,0,차대차 - 기타,신호위반,건조,맑음,교차로 - 교차로부근,이륜,남,17세,경상,승용,여,37세,경상
2013011800100518,2013년 1월 18일 20시,금요일,광주광역시 북구 운암동,중상사고,0,1,0,0,차대사람 - 기타,안전운전불이행,건조,맑음,기타 - 기타,승용,남,52세,상해없음,보행자,여,75세,중상
2013011800100519,2013년 1월 18일 20시,금요일,광주광역시 광산구 운남동,중상사고,0,1,1,0,차대차 - 측면직각충돌,안전운전불이행,건조,맑음,단일로 - 기타,승용,여,53세,경상,이륜,남,61세,중상
2013011800100520,2013년 1월 18일 20시,금요일,광주광역시 광산구 송정동,경상사고,0,0,2,0,차대차 - 측면직각충돌,안전운전불이행,건조,맑음,단일로 - 기타,승용,남,30세,경상,이륜,남,51세,경상
2013011800100559,2013년 1월 18일 21시,금요일,광주광역시 남구 송하동,중상사고,0,1,0,0,차량단독 - 공작물충돌,안전운전불이행,건조,맑음,단일로 - 기타,승용,남,64세,상해없음,,,,
2013011800100560,2013년 1월 18일 21시,금요일,광주광역시 광산구 월곡동,경상사고,0,0,1,0,차대차 - 측면직각충돌,안전운전불이행,건조,맑음,단일로 - 기타,승용,남,50세,상해없음,이륜,남,46세,경상
2013011800100597,2013년 1월 18일 22시,금요일,광주광역시 북구 삼각동,경상사고,0,0,3,0,차대차 - 추돌 - 진행중,차로위반,건조,맑음,단일로 - 기타,승용,남,33세,상해없음,승합,남,52세,경상
2013011800100598,2013년 1월 18일 22시,금요일,광주광역시 북구 오치동,경상사고,0,0,1,0,차대차 - 추돌 - 진행중,안전운전불이행,건조,맑음,단일로 - 기타,승용,남,48세,상해없음,승합,남,47세,경상
2013011800100639,2013년 1월 18일 23시,금요일,광주광역시 서구 금호동,경상사고,0,0,1,0,차대차 - 측면직각충돌,신호위반,건조,맑음,교차로 - 교차로안,승용,여,34세,상해없음,승용,남,41세,경상
2013011800100640,2013년 1월 18일 23시,금요일,광주광역시 북구 용봉동,경상사고,0,0,1,0,차대차 - 측면직각충돌,안전거리미확보,건조,맑음,단일로 - 기타,승용,남,62세,상해없음,승용,남,35세,경상
2013011900100028,2013년 1월 19일 00시,토요일,광주광역시 북구 용봉동,중상사고,0,1,1,0,차대사람 - 횡단중,신호위반,건조,맑음,단일로 - 횡단보도상,이륜,남,25세,경상,보행자,여,53세,중상
2013011900100029,2013년 1월 19일 00시,토요일,광주광역시 광산구 월곡동,경상사고,0,0,1,0,차대차 - 추돌 - 진행중,안전거리미확보,건조,맑음,단일로 - 기타,승용,남,37세,상해없음,승용,남,25세,경상
2013011900100067,2013년 1월 19일 01시,토요일,광주광역시 북구 두암동,경상사고,0,0,2,0,차대차 - 추돌 - 진행중,안전거리미확보,건조,맑음,단일로 - 횡단보도부근,승용,남,45세,상해없음,승용,남,39세,경상
2013011900100107,2013년 1월 19일 03시,토요일,광주광역시 광산구 우산동,경상사고,0,0,1,0,차량단독 - 공작물충돌,안전운전불이행,건조,맑음,교차로 - 교차로부근,승용,남,32세,경상,,,,
2013011900100121,2013년 1월 19일 04시,토요일,광주광역시 동구 서석동,경상사고,0,0,1,0,차대차 - 추돌 - 주정차중,안전운전불이행,건조,맑음,교차로 - 교차로부근,승용,여,32세,상해없음,승합,남,50세,경상
2013011900100122,2013년 1월 19일 04시,토요일,광주광역시 남구 월산동,경상사고,0,0,2,0,차대차 - 추돌 - 주정차중,안전운전불이행,건조,맑음,단일로 - 기타,승용,남,60세,상해없음,승용,남,65세,상해없음
2013011900100123,2013년 1월 19일 04시,토요일,광주광역시 북구 중흥동,경상사고,0,0,3,0,차대차 - 측면직각충돌,중앙선침범,건조,맑음,단일로 - 기타,승용,남,27세,상해없음,승용,남,29세,경상