사고번호,사고일시,요일,시군구,사고내용,사망자수,중상자수,경상자수,부상신고자수,사고유형,법규위반,노면상태,기상상태,도로형태,가해운전자 차종,가해운전자 성별,가해운전자 연령,가해운전자 상해정도,피해운전자 차종,피해운전자 성별,피해운전자 연령,피해운전자 상해정도
2013011900100144,2013년 1월 19일 06시,토요일,광주광역시 북구 오치동,경상사고,0,0,1,0,차대차 - 추돌 - 주정차중,안전운전불이행,건조,맑음,단일로 - 기타,승용,남,38세,상해없음,승용,여,38세,경상
2013011900100163,2013년 1월 19일 07시,토요일,광주광역시 북구 임동,중상사고,0,1,0,0,차대사람 - 횡단중,보행자보호의무위반,건조,맑음,교차로 - 교차로안,승용,남,64세,상해없음,보행자,여,68세,중상
2013011900100216,2013년 1월 19일 09시,토요일,광주광역시 광산구 신창동,경상사고,0,0,1,0,차대사람 - 기타,안전운전불이행,건조,맑음,단일로 - 기타,승용,남,44세,상해없음,보행자,남,40세,경상
2013011900100242,2013년 1월 19일 10시,토요일,광주광역시 서구 농성동,중상사고,0,1,0,0,차대사람 - 기타,안전운전불이행,건조,맑음,교차로 - 교차로안,승용,남,60세,상해없음,보행자,여,74세,중상
2013011900100287,2013년 1월 19일 12시,토요일,광주광역시 광산구 신창동,중상사고,0,1,1,0,차대차 - 측면직각충돌,안전운전불이행,건조,맑음,단일로 - 기타,이륜,남,43세,중상,승용,남,37세,경상
2013011900100308,2013년 1월 19일 13시,토요일,광주광역시 동구 계림동,경상사고,0,0,1,0,차대차 - 측면직각충돌,교차로운행방법위반,건조,맑음,교차로 - 교차로안,승용,남,48세,상해없음,이륜,남,45세,상해없음
2013011900100330,2013년 1월 19일 14시,토요일,광주광역시 남구 백운동,중상사고,0,1,0,0,차대사람 - 횡단중,중앙선침범,건조,맑음,단일로 - 횡단보도상,기타불명,기타불명,기타불명,기타불명,보행자,여,63세,중상
2013011900100346,2013년 1월 19일 15시,토요일,광주광역시 북구 동림동,경상사고,0,0,1,0,차대차 - 추돌 - 진행중,안전거리미확보,건조,맑음,단일로 - 기타,화물,남,32세,상해없음,승용,남,36세,경상
2013011900100363,2013년 1월 19일 16시,토요일,광주광역시 남구 봉선동,경상사고,0,0,2,1,차대차 - 측면직각충돌,안전거리미확보,건조,맑음,단일로 - 기타,승용,여,42세,상해없음,승용,여,36세,경상
2013011900100426,2013년 1월 19일 18시,토요일,광주광역시 광산구 도산동,중상사고,0,1,2,0,차대차 - 추돌 - 진행중,안전거리미확보,건조,맑음,단일로 - 기타,화물,남,51세,상해없음,화물,남,70세,중상
2013011900100467,2013년 1월 19일 19시,토요일,광주광역시 광산구 연산동,경상사고,0,0,1,0,차량단독 - 공작물충돌,안전운전불이행,건조,맑음,단일로 - 기타,화물,남,46세,경상,,,,
2013011900100468,2013년 1월 19일 19시,토요일,광주광역시 광산구 월계동,경상사고,0,0,1,0,차대차 - 측면직각충돌,신호위반,건조,맑음,교차로 - 교차로안,승용,남,66세,상해없음,승용,남,52세,경상
2013011900100506,2013년 1월 19일 20시,토요일,광주광역시 서구 광천동,경상사고,0,0,2,0,차대차 - 기타,안전운전불이행,건조,맑음,교차로 - 교차로부근,승용,여,40세,상해없음,승용,남,28세,경상
2013011900100549,2013년 1월 19일 21시,토요일,광주광역시 남구 주월동,경상사고,0,0,1,0,차대사람 - 기타,안전운전불이행,건조,맑음,단일로 - 기타,승용,남,59세,상해없음,보행자,여,60세,경상
2013011900100583,2013년 1월 19일 22시,토요일,광주광역시 광산구 비아동,경상사고,0,0,2,0,차대차 - 측면직각충돌,교차로운행방법위반,건조,맑음,교차로 - 교차로안,승용,남,18세,상해없음,승용,남,46세,경상
2013011900100613,2013년 1월 19일 23시,토요일,광주광역시 남구 방림동,경상사고,0,0,1,0,차대차 - 정면충돌,교차로운행방법위반,건조,맑음,교차로 - 교차로안,승용,남,26세,상해없음,원동기,남,22세,경상
2013011900100614,2013년 1월 19일 23시,토요일,광주광역시 광산구 본덕동,경상사고,0,0,2,0,차대차 - 측면직각충돌,안전운전불이행,습기,눈,단일로 - 기타,승용,남,48세,상해없음,승용,남,28세,경상
2013012000100059,2013년 1월 20일 02시,일요일,광주광역시 북구 용봉동,경상사고,0,0,1,0,차대사람 - 기타,안전운전불이행,건조,맑음,단일로 - 기타,승용,남,27세,상해없음,보행자,남,18세,경상
2013012000100080,2013년 1월 20일 03시,일요일,광주광역시 남구 백운동,중상사고,0,1,0,0,차대사람 - 기타,안전운전불이행,건조,맑음,단일로 - 기타,승용,남,59세,상해없음,보행자,남,38세,중상
2013012000100096,2013년 1월 20일 04시,일요일,광주광역시 북구 임동,경상사고,0,0,2,0,차대차 - 측면직각충돌,신호위반,건조,맑음,교차로 - 교차로안,승용,남,53세,상해없음,승용,남,53세,상해없음
2013012000100128,2013년 1월 20일 06시,일요일,광주광역시 북구 용봉동,경상사고,0,0,1,0,차대차 - 기타,안전운전불이행,건조,맑음,단일로 - 기타,승용,남,25세,상해없음,승합,남,48세,상해없음
2013012000100144,2013년 1월 20일 08시,일요일,광주광역시 남구 백운동,부상신고사고,0,0,0,1,차대차 - 기타,직진우회전진행방해,건조,맑음,단일로 - 기타,승용,남,51세,상해없음,자전거,남,41세,부상신고
2013012000100145,2013년 1월 20일 08시,일요일,광주광역시 북구 오치동,경상사고,0,0,2,0,차대차 - 측면직각충돌,안전운전불이행,건조,맑음,교차로 - 교차로부근,승용,남,52세,상해없음,승용,남,23세,경상
2013012000100188,2013년 1월 20일 10시,일요일,광주광역시 광산구 월계동,경상사고,0,0,4,0,차대차 - 측면직각충돌,안전운전불이행,건조,맑음,단일로 - 기타,승용,여,38세,상해없음,화물,남,44세,경상
2013012000100225,2013년 1월 20일 13시,일요일,광주광역시 남구 노대동,경상사고,0,0,1,0,차대차 - 추돌 - 주정차중,안전거리미확보,건조,맑음,단일로 - 기타,승용,남,28세,상해없음,승용,여,54세,경상
2013012000100235,2013년 1월 20일 14시,일요일,광주광역시 서구 농성동,경상사고,0,0,3,0,차대차 - 측면직각충돌,신호위반,건조,맑음,교차로 - 교차로안,승용,남,68세,경상,승용,남,25세,경상
2013012000100296,2013년 1월 20일 17시,일요일,광주광역시 서구 금호동,경상사고,0,0,1,0,차대사람 - 차도통행중,안전운전불이행,건조,맑음,단일로 - 기타,승용,남,56세,상해없음,보행자,여,29세,경상
2013012000100297,2013년 1월 20일 17시,일요일,광주광역시 북구 문흥동,중상사고,0,1,0,0,차대사람 - 길가장자리구역통행중,안전운전불이행,건조,맑음,단일로 - 기타,승용,남,44세,상해없음,보행자,여,66세,중상
2013012000100326,2013년 1월 20일 18시,일요일,광주광역시 동구 대의동,경상사고,0,0,1,0,차대차 - 추돌 - 진행중,교차로운행방법위반,건조,흐림,교차로 - 교차로안,승용,남,54세,상해없음,승용,남,55세,경상
2013012000100327,2013년 1월 20일 18시,일요일,광주광역시 광산구 월곡동,경상사고,0,0,1,0,차대사람 - 기타,안전운전불이행,건조,맑음,기타 - 기타,승용,남,34세,상해없음,보행자,남,48세,경상
2013012000100354,2013년 1월 20일 19시,일요일,광주광역시 광산구 수완동,경상사고,0,0,1,0,차대차 - 측면직각충돌,중앙선침범,건조,맑음,단일로 - 기타,승용,남,59세,상해없음,이륜,남,17세,경상
2013012000100382,2013년 1월 20일 20시,일요일,광주광역시 광산구 신창동,경상사고,0,0,2,0,차대차 - 정면충돌,신호위반,건조,맑음,단일로 - 기타,승용,남,27세,상해없음,승용,남,40세,경상
2013012000100424,2013년 1월 20일 22시,일요일,광주광역시 광산구 송정동,경상사고,0,0,2,0,차대차 - 측면직각충돌,안전거리미확보,건조,맑음,단일로 - 기타,승용,남,52세,기타불명,승용,남,31세,경상
2013012000100438,2013년 1월 20일 23시,일요일,광주광역시 서구 금호동,경상사고,0,0,1,0,차대차 - 추돌 - 주정차중,안전운전불이행,습기,비,교차로 - 교차로부근,승용,남,23세,상해없음,승용,남,29세,경상
2013012000100439,2013년 1월 20일 23시,일요일,광주광역시 북구 두암동,경상사고,0,0,1,0,차대사람 - 기타,신호위반,습기,비,단일로 - 횡단보도상,승용,남,28세,상해없음,보행자,여,31세,경상
2013012100100048,2013년 1월 21일 04시,월요일,광주광역시 남구 주월동,경상사고,0,0,1,0,차대차 - 추돌 - 진행중,안전운전불이행,습기,비,교차로 - 교차로부근,승용,남,24세,상해없음,승용,남,66세,경상
2013012100100124,2013년 1월 21일 07시,월요일,광주광역시 광산구 장록동,경상사고,0,0,3,0,차대차 - 기타,신호위반,건조,맑음,교차로 - 교차로안,승합,남,47세,상해없음,화물,남,62세,상해없음
2013012100100201,2013년 1월 21일 10시,월요일,광주광역시 서구 화정동,경상사고,0,0,4,0,차대차 - 정면충돌,중앙선침범,습기,비,교차로 - 교차로부근,승용,남,19세,상해없음,승용,남,35세,경상
2013012100100202,2013년 1월 21일 10시,월요일,광주광역시 광산구 월계동,경상사고,0,0,2,1,차대차 - 측면직각충돌,안전거리미확보,습기,비,단일로 - 기타,승용,남,32세,부상신고,화물,남,25세,경상
2013012100100286,2013년 1월 21일 14시,월요일,광주광역시 서구 풍암동,경상사고,0,0,1,0,차대차 - 측면직각충돌,안전거리미확보,습기,비,단일로 - 기타,화물,남,56세,상해없음,승용,여,62세,경상
2013012100100287,2013년 1월 21일 14시,월요일,광주광역시 광산구 우산동,경상사고,0,0,2,0,차대차 - 측면직각충돌,교차로운행방법위반,습기,비,교차로 - 교차로안,승용,남,49세,상해없음,승용,남,50세,경상
2013012100100317,2013년 1월 21일 15시,월요일,광주광역시 광산구 하남동,경상사고,0,0,1,0,차대차 - 측면직각충돌,신호위반,건조,맑음,교차로 - 교차로안,화물,남,47세,상해없음,승용,여,30세,경상
2013012100100343,2013년 1월 21일 16시,월요일,광주광역시 서구 광천동,경상사고,0,0,2,0,차대차 - 측면직각충돌,중앙선침범,습기,비,단일로 - 기타,승용,남,43세,상해없음,승용,남,46세,경상
2013012100100344,2013년 1월 21일 16시,월요일,광주광역시 남구 봉선동,중상사고,0,1,0,0,차량단독 - 기타,안전운전불이행,습기,비,단일로 - 기타,승합,남,50세,기타불명,,,,
2013012100100371,2013년 1월 21일 17시,월요일,광주광역시 동구 대인동,중상사고,0,1,1,0,차대차 - 측면직각충돌,신호위반,습기,비,교차로 - 교차로안,승용,남,66세,상해없음,승용,남,27세,중상
2013012100100372,2013년 1월 21일 17시,월요일,광주광역시 북구 본촌동,경상사고,0,0,3,0,차대차 - 측면직각충돌,안전운전불이행,습기,비,단일로 - 기타,기타불명,기타불명,기타불명,기타불명,승용,남,38세,경상
2013012100100469,2013년 1월 21일 19시,월요일,광주광역시 서구 유촌동,경상사고,0,0,1,0,차대차 - 측면직각충돌,안전거리미확보,건조,맑음,단일로 - 기타,화물,남,49세,기타불명,승용,남,39세,경상
2013012100100470,2013년 1월 21일 19시,월요일,광주광역시 북구 운암동,경상사고,0,0,4,0,차대차 - 측면직각충돌,안전거리미확보,건조,맑음,미분류 - 미분류,화물,남,60세,상해없음,승용,남,20세,경상
2013012100100504,2013년 1월 21일 20시,월요일,광주광역시 서구 벽진동,경상사고,0,0,3,0,차대차 - 측면직각충돌,신호위반,습기,비,교차로 - 교차로안,승용,남,36세,상해없음,승용,여,33세,경상
2013012100100505,2013년 1월 21일 20시,월요일,광주광역시 북구 두암동,경상사고,0,0,1,0,차대사람 - 길가장자리구역통행중,안전운전불이행,습기,비,교차로 - 교차로부근,승용,남,46세,상해없음,보행자,여,26세,경상
2013012100100532,2013년 1월 21일 21시,월요일,광주광역시 서구 서창동,경상사고,0,0,3,0,차대차 - 추돌 - 주정차중,안전운전불이행,습기,비,단일로 - 기타,승용,남,38세,상해없음,승용,여,40세,경상
2013012100100558,2013년 1월 21일 22시,월요일,광주광역시 서구 벽진동,경상사고,0,0,3,0,차대차 - 추돌 - 주정차중,안전운전불이행,습기,흐림,단일로 - 기타,승용,남,33세,상해없음,승합,남,57세,경상
2013012200100122,2013년 1월 22일 06시,화요일,광주광역시 서구 유촌동,경상사고,0,0,1,0,차대차 - 추돌 - 주정차중,안전거리미확보,건조,맑음,단일로 - 기타,승용,남,38세,상해없음,승용,여,58세,경상
2013012200100154,2013년 1월 22일 07시,화요일,광주광역시 광산구 월곡동,중상사고,0,1,0,0,차대사람 - 기타,안전운전불이행,건조,맑음,단일로 - 기타,승용,남,30세,상해없음,보행자,여,38세,중상
2013012200100179,2013년 1월 22일 08시,화요일,광주광역시 북구 중흥동,중상사고,0,1,1,0,차대차 - 정면충돌,중앙선침범,건조,흐림,단일로 - 기타,승용,남,21세,상해없음,승용,여,24세,경상
2013012200100197,2013년 1월 22일 09시,화요일,광주광역시 북구 운암동,경상사고,0,0,5,0,차대차 - 측면직각충돌,안전거리미확보,건조,맑음,미분류 - 미분류,승용,남,50세,상해없음,승용,남,19세,경상
2013012200100215,2013년 1월 22일 10시,화요일,광주광역시 서구 마륵동,부상신고사고,0,0,0,1,차대차 - 기타,차로위반,건조,맑음,기타 - 기타,화물,남,56세,상해없음,승용,여,30세,부상신고
2013012200100233,2013년 1월 22일 11시,화요일,광주광역시 북구 용봉동,중상사고,0,1,1,0,차대사람 - 횡단중,신호위반,건조,흐림,교차로 - 교차로부근,승용,여,67세,상해없음,보행자,남,7세,중상
2013012200100250,2013년 1월 22일 12시,화요일,광주광역시 서구 농성동,경상사고,0,0,1,0,차대차 - 추돌 - 진행중,안전거리미확보,건조,맑음,교차로 - 교차로부근,승용,남,67세,상해없음,승용,남,58세,경상
2013012200100288,2013년 1월 22일 14시,화요일,광주광역시 북구 신안동,경상사고,0,0,1,0,차대차 - 추돌 - 진행중,안전거리미확보,건조,맑음,단일로 - 기타,승용,남,38세,상해없음,승용,남,34세,경상
2013012200100289,2013년 1월 22일 14시,화요일,광주광역시 북구 중흥동,중상사고,0,1,0,0,차대차 - 측면직각충돌,안전거리미확보,건조,맑음,단일로 - 기타,이륜,남,72세,중상,화물,남,61세,상해없음
2013012200100302,2013년 1월 22일 15시,화요일,광주광역시 북구 임동,경상사고,0,0,1,0,차대차 - 기타,안전운전불이행,건조,맑음,교차로 - 교차로부근,승용,남,32세,상해없음,승합,남,54세,상해없음
2013012200100400,2013년 1월 22일 19시,화요일,광주광역시 북구 두암동,중상사고,0,1,1,0,차대사람 - 횡단중,신호위반,건조,맑음,단일로 - 횡단보도상,승용,여,42세,상해없음,보행자,여,17세,중상
2013012200100401,2013년 1월 22일 19시,화요일,광주광역시 북구 용봉동,경상사고,0,0,1,0,차대사람 - 횡단중,신호위반,건조,맑음,단일로 - 횡단보도상,화물,남,51세,상해없음,보행자,남,22세,경상
2013012200100449,2013년 1월 22일 21시,화요일,광주광역시 서구 화정동,경상사고,0,0,1,0,차대차 - 기타,안전운전불이행,건조,맑음,단일로 - 기타,승용,남,62세,상해없음,승용,남,29세,경상
2013012200100450,2013년 1월 22일 21시,화요일,광주광역시 북구 일곡동,중상사고,0,1,0,0,차대차 - 측면직각충돌,교차로운행방법위반,습기,흐림,교차로 - 교차로안,승용,남,41세,상해없음,원동기,남,18세,중상
2013012200100451,2013년 1월 22일 21시,화요일,광주광역시 광산구 신가동,경상사고,0,0,1,0,차대차 - 추돌 - 주정차중,안전운전불이행,습기,흐림,교차로 - 교차로부근,승용,남,49세,상해없음,승용,여,36세,경상
2013012200100493,2013년 1월 22일 22시,화요일,광주광역시 서구 쌍촌동,경상사고,0,0,1,0,차대차 - 추돌 - 주정차중,안전운전불이행,습기,비,단일로 - 기타,승용,남,32세,상해없음,승용,남,31세,경상
2013012200100494,2013년 1월 22일 22시,화요일,광주광역시 서구 화정동,경상사고,0,0,1,0,차대사람 - 횡단중,보행자보호의무위반,건조,맑음,단일로 - 횡단보도상,승용,남,22세,상해없음,보행자,남,23세,경상
2013012200100495,2013년 1월 22일 22시,화요일,광주광역시 남구 백운동,경상사고,0,0,1,0,차대차 - 측면직각충돌,교차로운행방법위반,건조,맑음,교차로 - 교차로안,이륜,남,15세,경상,승용,남,34세,상해없음
2013012200100496,2013년 1월 22일 22시,화요일,광주광역시 북구 매곡동,경상사고,0,0,1,1,차대차 - 측면직각충돌,신호위반,습기,흐림,교차로 - 교차로안,원동기,남,16세,부상신고,승용,남,44세,경상
2013012200100497,2013년 1월 22일 22시,화요일,광주광역시 북구 북동,경상사고,0,0,3,0,차대차 - 측면직각충돌,안전거리미확보,건조,맑음,단일로 - 기타,승용,남,29세,경상,승용,남,37세,상해없음
2013012300100034,2013년 1월 23일 00시,수요일,광주광역시 서구 치평동,경상사고,0,0,3,0,차대차 - 정면충돌,안전운전불이행,습기,비,교차로 - 교차로안,승용,남,34세,상해없음,승용,남,27세,경상
2013012300100051,2013년 1월 23일 01시,수요일,광주광역시 북구 중흥동,경상사고,0,0,1,0,차대차 - 추돌 - 주정차중,안전운전불이행,건조,맑음,교차로 - 교차로부근,승용,남,59세,경상,승합,여,53세,기타불명
2013012300100086,2013년 1월 23일 04시,수요일,광주광역시 광산구 쌍암동,경상사고,0,0,2,0,차대사람 - 횡단중,안전운전불이행,습기,비,교차로 - 교차로부근,승용,남,53세,상해없음,보행자,남,28세,경상
2013012300100100,2013년 1월 23일 05시,수요일,광주광역시 동구 금남로5가,경상사고,0,0,1,0,차대차 - 기타,교차로운행방법위반,습기,비,교차로 - 교차로안,승용,남,60세,상해없음,이륜,남,34세,경상
2013012300100122,2013년 1월 23일 06시,수요일,광주광역시 동구 금남로1가,중상사고,0,3,3,0,차대차 - 정면충돌,중앙선침범,습기,비,단일로 - 기타,승용,남,21세,경상,승합,남,34세,중상
2013012300100148,2013년 1월 23일 07시,수요일,광주광역시 북구 문흥동,중상사고,0,1,0,0,차대사람 - 횡단중,안전운전불이행,습기,비,단일로 - 횡단보도상,승용,여,40세,상해없음,보행자,여,70세,중상
2013012300100149,2013년 1월 23일 07시,수요일,광주광역시 광산구 신창동,중상사고,0,2,0,0,차대사람 - 횡단중,신호위반,습기,비,단일로 - 횡단보도상,승용,남,60세,상해없음,보행자,여,61세,중상
2013012300100170,2013년 1월 23일 08시,수요일,광주광역시 서구 광천동,경상사고,0,0,3,0,차대차 - 측면직각충돌,신호위반,건조,맑음,교차로 - 교차로안,승용,남,70세,상해없음,화물,남,40세,경상
2013012300100171,2013년 1월 23일 08시,수요일,광주광역시 남구 진월동,부상신고사고,0,0,0,1,차대사람 - 차도통행중,안전운전불이행,습기,비,단일로 - 기타,기타불명,기타불명,기타불명,기타불명,보행자,여,23세,부상신고
2013012300100172,2013년 1월 23일 08시,수요일,광주광역시 북구 신안동,경상사고,0,0,1,0,차대차 - 측면직각충돌,중앙선침범,습기,비,단일로 - 기타,승용,남,32세,상해없음,승용,남,35세,경상
2013012300100222,2013년 1월 23일 11시,수요일,광주광역시 광산구 월계동,경상사고,0,0,4,0,차대차 - 측면직각충돌,안전운전불이행,습기,비,교차로 - 교차로안,승용,남,60세,상해없음,승용,여,39세,경상
2013012300100294,2013년 1월 23일 15시,수요일,광주광역시 서구 화정동,경상사고,0,0,2,0,차대차 - 추돌 - 주정차중,안전거리미확보,건조,맑음,단일로 - 기타,승용,여,52세,상해없음,승용,남,24세,경상
2013012300100295,2013년 1월 23일 15시,수요일,광주광역시 북구 일곡동,중상사고,0,1,0,0,차대사람 - 횡단중,안전운전불이행,습기,비,단일로 - 기타,승용,남,60세,상해없음,보행자,여,82세,중상
2013012300100316,2013년 1월 23일 16시,수요일,광주광역시 광산구 송정동,경상사고,0,0,1,0,차대차 - 측면직각충돌,중앙선침범,건조,맑음,단일로 - 기타,승용,기타불명,기타불명,기타불명,자전거,여,67세,경상
2013012300100393,2013년 1월 23일 18시,수요일,광주광역시 북구 일곡동,경상사고,0,0,2,0,차대차 - 측면직각충돌,신호위반,건조,흐림,교차로 - 교차로안,승용,여,35세,상해없음,승용,여,46세,경상
2013012300100394,2013년 1월 23일 18시,수요일,광주광역시 북구 신안동,중상사고,0,1,0,0,차대차 - 측면직각충돌,중앙선침범,습기,비,단일로 - 기타,승용,여,48세,상해없음,원동기,남,61세,중상
2013012300100395,2013년 1월 23일 18시,수요일,광주광역시 광산구 우산동,경상사고,0,0,1,0,차대차 - 측면직각충돌,교차로운행방법위반,건조,맑음,교차로 - 교차로부근,화물,남,47세,상해없음,자전거,남,68세,경상
2013012300100433,2013년 1월 23일 19시,수요일,광주광역시 서구 쌍촌동,경상사고,0,0,1,0,차대사람 - 기타,안전운전불이행,건조,흐림,단일로 - 기타,승용,남,38세,상해없음,보행자,여,49세,경상
2013012300100434,2013년 1월 23일 19시,수요일,광주광역시 북구 동림동,경상사고,0,0,1,0,차대차 - 측면직각충돌,교차로운행방법위반,건조,맑음,교차로 - 교차로안,승용,남,28세,상해없음,이륜,남,35세,경상
2013012300100435,2013년 1월 23일 19시,수요일,광주광역시 북구 운암동,경상사고,0,0,1,0,차대차 - 추돌 - 주정차중,안전운전불이행,건조,맑음,단일로 - 기타,승용,여,54세,상해없음,화물,남,49세,상해없음
2013012300100436,2013년 1월 23일 19시,수요일,광주광역시 광산구 소촌동,경상사고,0,0,1,0,차대차 - 측면직각충돌,안전거리미확보,건조,맑음,단일로 - 기타,원동기,남,41세,경상,승용,남,25세,상해없음
2013012300100469,2013년 1월 23일 20시,수요일,광주광역시 광산구 신가동,경상사고,0,0,1,0,차대차 - 측면직각충돌,신호위반,건조,맑음,교차로 - 교차로안,화물,남,54세,상해없음,승용,남,21세,경상
2013012300100504,2013년 1월 23일 21시,수요일,광주광역시 북구 삼각동,경상사고,0,0,2,0,차대차 - 추돌 - 주정차중,안전운전불이행,건조,맑음,단일로 - 기타,승용,남,44세,상해없음,승용,여,42세,경상
2013012300100572,2013년 1월 23일 23시,수요일,광주광역시 북구 대촌동,경상사고,0,0,1,0,차대차 - 기타,안전거리미확보,습기,비,교차로 - 교차로부근,승용,남,43세,상해없음,승용,남,36세,경상
2013012400100046,2013년 1월 24일 01시,목요일,광주광역시 동구 계림동,경상사고,0,0,2,0,차대차 - 추돌 - 진행중,안전운전불이행,건조,맑음,단일로 - 기타,승용,남,25세,상해없음,승용,남,63세,상해없음
2013012400100061,2013년 1월 24일 02시,목요일,광주광역시 북구 동림동,경상사고,0,0,2,0,차대차 - 추돌 - 진행중,안전거리미확보,건조,맑음,단일로 - 기타,승용,남,42세,상해없음,승용,남,42세,경상
2013012400100147,2013년 1월 24일 07시,목요일,광주광역시 서구 금호동,경상사고,0,0,1,0,차대차 - 추돌 - 주정차중,중앙선침범,건조,맑음,교차로 - 교차로안,승용,남,22세,상해없음,승용,남,64세,경상
2013012400100185,2013년 1월 24일 08시,목요일,광주광역시 북구 중흥동,중상사고,0,1,0,0,차대사람 - 기타,안전운전불이행,습기,맑음,교차로 - 교차로부근,승용,남,28세,상해없음,보행자,여,27세,중상
2013012400100186,2013년 1월 24일 08시,목요일,광주광역시 광산구 장덕동,중상사고,0,1,0,0,차대사람 - 길가장자리구역통행중,보행자보호의무위반,건조,맑음,단일로 - 기타,승용,여,63세,상해없음,보행자,여,9세,중상
2013012400100218,2013년 1월 24일 09시,목요일,광주광역시 서구 쌍촌동,경상사고,0,0,1,0,차대차 - 추돌 - 주정차중,안전운전불이행,건조,맑음,단일로 - 기타,승용,남,63세,상해없음,승용,남,33세,경상
2013012400100252,2013년 1월 24일 10시,목요일,광주광역시 남구 월산동,경상사고,0,0,1,0,차대차 - 측면직각충돌,안전운전불이행,건조,흐림,교차로 - 교차로부근,승용,여,63세,상해없음,승용,남,28세,경상
2013012400100312,2013년 1월 24일 13시,목요일,광주광역시 남구 월산동,중상사고,0,1,0,0,차대사람 - 횡단중,신호위반,건조,맑음,단일로 - 횡단보도상,승용,남,46세,상해없음,보행자,여,8세,중상
2013012400100383,2013년 1월 24일 16시,목요일,광주광역시 북구 신안동,중상사고,0,1,0,0,차대사람 - 횡단중,안전운전불이행,기타,흐림,교차로 - 교차로부근,화물,남,24세,상해없음,보행자,남,18세,중상
2013012400100415,2013년 1월 24일 17시,목요일,광주광역시 서구 쌍촌동,경상사고,0,0,1,0,차대사람 - 보도통행중,기타,건조,맑음,단일로 - 기타,승용,남,31세,상해없음,보행자,남,32세,경상
2013012400100452,2013년 1월 24일 18시,목요일,광주광역시 동구 서석동,경상사고,0,0,1,0,차대차 - 기타,안전운전불이행,습기,비,단일로 - 기타,화물,남,56세,상해없음,승용,남,55세,경상
2013012400100453,2013년 1월 24일 18시,목요일,광주광역시 북구 연제동,경상사고,0,0,1,0,차대차 - 정면충돌,안전운전불이행,건조,맑음,단일로 - 기타,승용,남,48세,상해없음,승용,남,52세,경상
2013012400100479,2013년 1월 24일 19시,목요일,광주광역시 남구 백운동,경상사고,0,0,1,0,차대차 - 측면직각충돌,불법유턴,건조,맑음,교차로 - 교차로안,이륜,남,17세,경상,승용,남,61세,상해없음
2013012400100480,2013년 1월 24일 19시,목요일,광주광역시 북구 일곡동,경상사고,0,0,4,0,차대차 - 추돌 - 진행중,안전운전불이행,건조,맑음,단일로 - 기타,승용,남,51세,상해없음,승용,여,54세,경상
2013012400100519,2013년 1월 24일 21시,목요일,광주광역시 광산구 산월동,경상사고,0,0,1,0,차대차 - 추돌 - 주정차중,안전운전불이행,습기,비,단일로 - 기타,승용,남,53세,상해없음,승용,남,26세,경상
2013012400100551,2013년 1월 24일 22시,목요일,광주광역시 서구 화정동,경상사고,0,0,2,0,차대차 - 추돌 - 주정차중,안전거리미확보,건조,맑음,단일로 - 기타,승용,남,55세,상해없음,승용,남,28세,경상
2013012500100020,2013년 1월 25일 00시,금요일,광주광역시 서구 금호동,경상사고,0,0,1,0,차대차 - 측면직각충돌,교차로운행방법위반,건조,흐림,교차로 - 교차로안,승용,남,65세,상해없음,승용,남,42세,경상
2013012500100033,2013년 1월 25일 01시,금요일,광주광역시 동구 광산동,경상사고,0,0,1,0,차대차 - 추돌 - 주정차중,안전운전불이행,습기,눈,교차로 - 교차로안,승용,남,22세,상해없음,승용,남,21세,기타불명
2013012500100034,2013년 1월 25일 01시,금요일,광주광역시 광산구 옥동,경상사고,0,0,1,0,차대차 - 기타,신호위반,습기,눈,교차로 - 교차로안,승용,남,30세,상해없음,승용,남,20세,경상
2013012500100070,2013년 1월 25일 06시,금요일,광주광역시 남구 주월동,경상사고,0,0,1,0,차대사람 - 보도통행중,안전운전불이행,건조,맑음,기타 - 기타,승용,남,66세,상해없음,보행자,남,21세,경상
2013012500100090,2013년 1월 25일 07시,금요일,광주광역시 서구 농성동,중상사고,0,1,2,0,차대차 - 기타,안전운전불이행,건조,맑음,교차로 - 교차로안,승용,남,66세,중상,화물,남,52세,경상
2013012500100091,2013년 1월 25일 07시,금요일,광주광역시 광산구 흑석동,경상사고,0,0,1,2,차대차 - 기타,안전거리미확보,건조,맑음,교차로 - 교차로부근,승용,여,44세,상해없음,승용,남,38세,경상
2013012500100141,2013년 1월 25일 09시,금요일,광주광역시 서구 광천동,경상사고,0,0,2,0,차대차 - 추돌 - 주정차중,안전운전불이행,건조,맑음,단일로 - 기타,승용,남,50세,상해없음,화물,남,31세,경상
2013012500100184,2013년 1월 25일 11시,금요일,광주광역시 북구 두암동,부상신고사고,0,0,0,1,차대차 - 측면직각충돌,안전운전불이행,건조,맑음,교차로 - 교차로안,승용,남,41세,부상신고,승용,남,47세,상해없음
2013012500100298,2013년 1월 25일 16시,금요일,광주광역시 서구 치평동,경상사고,0,0,1,0,차대사람 - 기타,기타,건조,맑음,단일로 - 기타,승용,남,26세,상해없음,보행자,여,21세,경상