사고번호,사고일시,요일,시군구,사고내용,사망자수,중상자수,경상자수,부상신고자수,사고유형,법규위반,노면상태,기상상태,도로형태,가해운전자 차종,가해운전자 성별,가해운전자 연령,가해운전자 상해정도,피해운전자 차종,피해운전자 성별,피해운전자 연령,피해운전자 상해정도
2013012500100299,2013년 1월 25일 16시,금요일,광주광역시 북구 운암동,경상사고,0,0,1,0,차대차 - 측면직각충돌,신호위반,건조,맑음,교차로 - 교차로안,승용,남,68세,상해없음,승용,여,55세,경상
2013012500100367,2013년 1월 25일 18시,금요일,광주광역시 서구 광천동,경상사고,0,0,1,0,차대차 - 측면직각충돌,신호위반,건조,흐림,교차로 - 교차로안,승용,남,70세,상해없음,승용,남,36세,경상
2013012500100368,2013년 1월 25일 18시,금요일,광주광역시 서구 광천동,경상사고,0,0,1,0,차대사람 - 횡단중,보행자보호의무위반,건조,맑음,단일로 - 횡단보도상,화물,남,37세,상해없음,보행자,여,27세,경상
2013012500100369,2013년 1월 25일 18시,금요일,광주광역시 북구 두암동,중상사고,0,1,0,0,차대사람 - 횡단중,중앙선침범,건조,맑음,단일로 - 기타,화물,남,64세,상해없음,보행자,여,65세,중상
2013012500100399,2013년 1월 25일 19시,금요일,광주광역시 서구 쌍촌동,경상사고,0,0,3,0,차대차 - 측면직각충돌,중앙선침범,습기,맑음,단일로 - 기타,승용,남,53세,상해없음,승용,남,41세,경상
2013012500100400,2013년 1월 25일 19시,금요일,광주광역시 서구 화정동,경상사고,0,0,1,0,차대차 - 추돌 - 주정차중,안전운전불이행,건조,맑음,단일로 - 기타,승용,남,50세,상해없음,승용,남,46세,경상
2013012500100508,2013년 1월 25일 23시,금요일,광주광역시 북구 신용동,경상사고,0,0,2,0,차대차 - 추돌 - 진행중,안전거리미확보,건조,맑음,단일로 - 기타,승용,남,22세,상해없음,화물,남,33세,상해없음
2013012600100095,2013년 1월 26일 04시,토요일,광주광역시 북구 양산동,경상사고,0,0,1,0,차량단독 - 공작물충돌,안전운전불이행,결빙,눈,단일로 - 기타,승용,여,25세,경상,,,,
2013012600100117,2013년 1월 26일 07시,토요일,광주광역시 동구 불로동,중상사고,0,1,3,0,차대차 - 측면직각충돌,신호위반,습기,비,교차로 - 교차로안,승용,남,33세,경상,승용,남,63세,경상
2013012600100243,2013년 1월 26일 13시,토요일,광주광역시 광산구 송정동,중상사고,0,1,1,0,차대사람 - 보도통행중,신호위반,건조,맑음,교차로 - 교차로안,원동기,남,66세,경상,보행자,여,59세,중상
2013012600100291,2013년 1월 26일 15시,토요일,광주광역시 북구 운암동,경상사고,0,0,4,0,차대차 - 측면직각충돌,교차로운행방법위반,건조,맑음,교차로 - 교차로안,승용,남,32세,경상,승용,남,54세,경상
2013012600100292,2013년 1월 26일 15시,토요일,광주광역시 북구 용봉동,경상사고,0,0,1,0,차대차 - 추돌 - 주정차중,안전운전불이행,건조,맑음,단일로 - 기타,승용,남,32세,상해없음,승용,여,38세,경상
2013012600100293,2013년 1월 26일 15시,토요일,광주광역시 북구 운암동,경상사고,0,0,2,0,차대차 - 추돌 - 주정차중,안전운전불이행,건조,맑음,단일로 - 교량,승용,남,64세,상해없음,승용,남,60세,상해없음
2013012600100294,2013년 1월 26일 15시,토요일,광주광역시 북구 유동,경상사고,0,0,1,0,차대차 - 측면직각충돌,안전거리미확보,건조,맑음,단일로 - 기타,원동기,남,42세,상해없음,원동기,남,29세,경상
2013012600100318,2013년 1월 26일 16시,토요일,광주광역시 동구 계림동,경상사고,0,0,1,0,차대사람 - 기타,안전운전불이행,건조,맑음,단일로 - 기타,승용,남,56세,상해없음,보행자,여,53세,경상
2013012600100319,2013년 1월 26일 16시,토요일,광주광역시 서구 농성동,중상사고,0,1,0,0,차대사람 - 기타,안전운전불이행,건조,맑음,단일로 - 기타,승합,남,54세,상해없음,보행자,여,48세,중상
2013012600100338,2013년 1월 26일 17시,토요일,광주광역시 북구 두암동,경상사고,0,0,1,0,차대차 - 기타,교차로운행방법위반,건조,맑음,교차로 - 교차로안,승용,여,50세,상해없음,이륜,남,21세,경상
2013012600100339,2013년 1월 26일 17시,토요일,광주광역시 광산구 운남동,경상사고,0,0,1,0,차대사람 - 차도통행중,안전운전불이행,건조,맑음,단일로 - 기타,승용,남,50세,상해없음,보행자,남,23세,경상
2013012600100398,2013년 1월 26일 19시,토요일,광주광역시 동구 충장로3가,경상사고,0,0,1,0,차대사람 - 보도통행중,기타,건조,맑음,단일로 - 기타,이륜,남,43세,상해없음,보행자,남,26세,경상
2013012600100413,2013년 1월 26일 20시,토요일,광주광역시 북구 풍향동,중상사고,0,1,0,0,차대차 - 측면직각충돌,신호위반,건조,맑음,교차로 - 교차로안,화물,남,19세,상해없음,승용,남,29세,중상
2013012600100446,2013년 1월 26일 21시,토요일,광주광역시 북구 본촌동,경상사고,0,0,1,0,차대차 - 측면직각충돌,신호위반,건조,맑음,교차로 - 교차로안,이륜,남,48세,상해없음,승용,남,37세,상해없음
2013012600100474,2013년 1월 26일 22시,토요일,광주광역시 서구 치평동,중상사고,0,1,0,0,차대사람 - 길가장자리구역통행중,안전운전불이행,건조,맑음,단일로 - 기타,승용,여,31세,상해없음,보행자,남,30세,중상
2013012600100475,2013년 1월 26일 22시,토요일,광주광역시 서구 치평동,경상사고,0,0,1,0,차대차 - 추돌 - 주정차중,안전운전불이행,건조,맑음,교차로 - 교차로부근,승용,남,62세,상해없음,승용,남,23세,상해없음
2013012700100012,2013년 1월 27일 00시,일요일,광주광역시 서구 유촌동,경상사고,0,0,1,0,차대차 - 측면직각충돌,차로위반,건조,맑음,단일로 - 기타,승용,남,42세,상해없음,승용,여,29세,경상
2013012700100013,2013년 1월 27일 00시,일요일,광주광역시 북구 임동,경상사고,0,0,1,0,차량단독 - 공작물충돌,안전운전불이행,건조,맑음,교차로 - 교차로안,승용,남,41세,경상,,,,
2013012700100033,2013년 1월 27일 01시,일요일,광주광역시 서구 동천동,경상사고,0,0,3,0,차량단독 - 공작물충돌,안전운전불이행,건조,맑음,교차로 - 교차로부근,승용,남,26세,경상,,,,
2013012700100047,2013년 1월 27일 02시,일요일,광주광역시 서구 화정동,경상사고,0,0,2,0,차대차 - 측면직각충돌,신호위반,건조,맑음,교차로 - 교차로안,승용,남,24세,상해없음,승용,남,57세,경상
2013012700100048,2013년 1월 27일 02시,일요일,광주광역시 서구 덕흥동,경상사고,0,0,2,0,차대차 - 추돌 - 주정차중,안전거리미확보,건조,맑음,단일로 - 기타,승용,여,25세,상해없음,승용,남,58세,경상
2013012700100049,2013년 1월 27일 02시,일요일,광주광역시 북구 신안동,경상사고,0,0,1,0,차대차 - 측면직각충돌,안전거리미확보,건조,맑음,단일로 - 기타,승용,남,36세,상해없음,승용,남,31세,경상
2013012700100050,2013년 1월 27일 02시,일요일,광주광역시 북구 용봉동,경상사고,0,0,1,0,차대사람 - 길가장자리구역통행중,안전운전불이행,건조,맑음,단일로 - 기타,승용,남,19세,상해없음,보행자,남,23세,경상
2013012700100070,2013년 1월 27일 04시,일요일,광주광역시 동구 불로동,경상사고,0,0,1,0,차대사람 - 기타,안전운전불이행,건조,맑음,단일로 - 기타,승용,남,24세,상해없음,보행자,남,21세,경상
2013012700100107,2013년 1월 27일 07시,일요일,광주광역시 북구 우산동,경상사고,0,0,2,0,차대차 - 추돌 - 주정차중,안전운전불이행,건조,맑음,교차로 - 교차로안,승용,남,28세,경상,승용,남,65세,경상
2013012700100131,2013년 1월 27일 09시,일요일,광주광역시 광산구 하산동,경상사고,0,0,1,0,차량단독 - 공작물충돌,안전운전불이행,결빙,맑음,단일로 - 기타,승용,남,43세,경상,,,,
2013012700100143,2013년 1월 27일 10시,일요일,광주광역시 동구 소태동,경상사고,0,0,4,0,차량단독 - 전도전복,안전운전불이행,적설,눈,단일로 - 터널,승용,남,44세,경상,,,,
2013012700100144,2013년 1월 27일 10시,일요일,광주광역시 동구 소태동,경상사고,0,0,1,0,차대차 - 측면직각충돌,안전거리미확보,습기,눈,단일로 - 기타,승용,여,25세,경상,승용,남,42세,상해없음
2013012700100145,2013년 1월 27일 10시,일요일,광주광역시 동구 산수동,경상사고,0,0,1,0,차대차 - 정면충돌,안전운전불이행,결빙,눈,단일로 - 기타,화물,여,43세,상해없음,승용,여,48세,경상
2013012700100146,2013년 1월 27일 10시,일요일,광주광역시 동구 소태동,경상사고,0,0,1,0,차량단독 - 공작물충돌,안전운전불이행,결빙,눈,단일로 - 기타,화물,여,32세,경상,,,,
2013012700100147,2013년 1월 27일 10시,일요일,광주광역시 서구 화정동,경상사고,0,0,1,0,차대차 - 추돌 - 진행중,안전운전불이행,결빙,눈,단일로 - 기타,승용,남,58세,상해없음,승용,남,32세,경상
2013012700100148,2013년 1월 27일 10시,일요일,광주광역시 북구 양산동,중상사고,0,2,0,0,차대차 - 측면직각충돌,안전거리미확보,습기,눈,단일로 - 기타,기타불명,기타불명,기타불명,기타불명,승용,남,43세,중상
2013012700100149,2013년 1월 27일 10시,일요일,광주광역시 북구 연제동,경상사고,0,0,1,0,차대차 - 측면직각충돌,신호위반,건조,맑음,교차로 - 교차로안,승용,남,24세,상해없음,승용,남,32세,경상
2013012700100168,2013년 1월 27일 11시,일요일,광주광역시 서구 풍암동,경상사고,0,0,2,0,차대차 - 측면직각충돌,안전운전불이행,결빙,눈,단일로 - 기타,승용,남,52세,상해없음,승용,남,53세,경상
2013012700100185,2013년 1월 27일 12시,일요일,광주광역시 광산구 우산동,경상사고,0,0,1,0,차량단독 - 공작물충돌,안전운전불이행,건조,맑음,교차로 - 교차로안,승용,남,63세,상해없음,,,,
2013012700100265,2013년 1월 27일 16시,일요일,광주광역시 광산구 우산동,경상사고,0,0,2,0,차대차 - 측면직각충돌,안전운전불이행,습기,맑음,단일로 - 기타,승용,남,42세,경상,승용,남,34세,경상
2013012700100287,2013년 1월 27일 17시,일요일,광주광역시 서구 화정동,경상사고,0,0,1,0,차대사람 - 횡단중,신호위반,건조,맑음,교차로 - 교차로부근,승용,남,41세,상해없음,보행자,여,8세,경상
2013012700100336,2013년 1월 27일 19시,일요일,광주광역시 광산구 월계동,경상사고,0,0,3,0,차대차 - 추돌 - 진행중,안전거리미확보,습기,맑음,교차로 - 교차로부근,승용,여,55세,상해없음,승용,남,23세,경상
2013012700100354,2013년 1월 27일 20시,일요일,광주광역시 서구 광천동,경상사고,0,0,1,0,차대차 - 기타,안전운전불이행,건조,맑음,기타 - 기타,승용,남,60세,상해없음,승용,남,32세,경상
2013012700100390,2013년 1월 27일 23시,일요일,광주광역시 남구 주월동,경상사고,0,0,2,0,차대차 - 측면직각충돌,안전운전불이행,건조,맑음,단일로 - 기타,승용,여,48세,경상,승용,남,52세,경상
2013012800100076,2013년 1월 28일 07시,월요일,광주광역시 서구 쌍촌동,경상사고,0,0,1,0,차대차 - 기타,교차로운행방법위반,건조,맑음,교차로 - 교차로안,승용,남,56세,상해없음,승용,남,63세,경상
2013012800100077,2013년 1월 28일 07시,월요일,광주광역시 북구 운암동,경상사고,0,0,1,0,차대차 - 측면직각충돌,신호위반,건조,맑음,교차로 - 교차로안,승용,여,54세,상해없음,승용,남,55세,경상
2013012800100105,2013년 1월 28일 08시,월요일,광주광역시 북구 두암동,경상사고,0,0,3,1,차대차 - 측면직각충돌,교차로운행방법위반,건조,맑음,교차로 - 교차로안,승용,여,54세,부상신고,승용,남,49세,경상
2013012800100106,2013년 1월 28일 08시,월요일,광주광역시 북구 동림동,경상사고,0,0,1,0,차대차 - 측면직각충돌,안전거리미확보,건조,맑음,교차로 - 교차로부근,승용,여,58세,상해없음,승용,여,25세,경상
2013012800100131,2013년 1월 28일 09시,월요일,광주광역시 서구 쌍촌동,경상사고,0,0,1,0,차대사람 - 횡단중,보행자보호의무위반,건조,맑음,단일로 - 횡단보도상,승용,여,54세,상해없음,보행자,여,19세,경상
2013012800100132,2013년 1월 28일 09시,월요일,광주광역시 북구 운암동,경상사고,0,0,1,0,차대차 - 추돌 - 주정차중,안전운전불이행,건조,맑음,단일로 - 기타,이륜,남,70세,경상,승용,남,48세,상해없음
2013012800100177,2013년 1월 28일 11시,월요일,광주광역시 광산구 우산동,경상사고,0,0,2,0,차대차 - 추돌 - 진행중,안전거리미확보,건조,맑음,단일로 - 기타,화물,남,31세,상해없음,승용,여,38세,경상
2013012800100219,2013년 1월 28일 13시,월요일,광주광역시 광산구 월전동,경상사고,0,0,1,0,차대차 - 측면직각충돌,직진우회전진행방해,건조,맑음,교차로 - 교차로안,화물,남,26세,상해없음,승합,남,26세,경상
2013012800100220,2013년 1월 28일 13시,월요일,광주광역시 광산구 복룡동,경상사고,0,0,1,0,차대차 - 측면직각충돌,불법유턴,건조,맑음,단일로 - 기타,승용,남,32세,상해없음,원동기,남,43세,경상
2013012800100266,2013년 1월 28일 15시,월요일,광주광역시 서구 동천동,경상사고,0,0,1,0,차대사람 - 횡단중,안전운전불이행,건조,맑음,단일로 - 횡단보도부근,기타불명,기타불명,기타불명,기타불명,보행자,여,8세,경상
2013012800100267,2013년 1월 28일 15시,월요일,광주광역시 남구 진월동,경상사고,0,0,1,0,차대사람 - 횡단중,안전운전불이행,건조,맑음,단일로 - 기타,기타불명,기타불명,기타불명,기타불명,보행자,여,56세,경상
2013012800100268,2013년 1월 28일 15시,월요일,광주광역시 북구 효령동,중상사고,0,1,0,0,차대차 - 추돌 - 진행중,안전운전불이행,건조,맑음,단일로 - 기타,건설기계,남,42세,상해없음,자전거,남,87세,중상
2013012800100356,2013년 1월 28일 18시,월요일,광주광역시 서구 화정동,중상사고,0,1,1,0,차대사람 - 횡단중,안전운전불이행,건조,맑음,단일로 - 기타,원동기,남,17세,경상,보행자,남,60세,중상
2013012800100387,2013년 1월 28일 19시,월요일,광주광역시 남구 백운동,경상사고,0,0,1,0,차대차 - 측면직각충돌,안전운전불이행,건조,맑음,단일로 - 기타,승용,남,59세,상해없음,승용,남,29세,경상
2013012800100388,2013년 1월 28일 19시,월요일,광주광역시 북구 문흥동,경상사고,0,0,2,0,차대차 - 추돌 - 주정차중,안전운전불이행,건조,맑음,단일로 - 기타,승용,남,48세,상해없음,승용,남,31세,경상
2013012800100389,2013년 1월 28일 19시,월요일,광주광역시 광산구 장덕동,경상사고,0,0,1,0,차대차 - 기타,안전운전불이행,건조,맑음,단일로 - 기타,승용,남,31세,경상,화물,남,32세,상해없음
2013012800100436,2013년 1월 28일 21시,월요일,광주광역시 북구 운암동,경상사고,0,0,2,0,차대차 - 측면직각충돌,중앙선침범,건조,맑음,교차로 - 교차로부근,승용,남,57세,상해없음,승용,남,34세,경상
2013012800100437,2013년 1월 28일 21시,월요일,광주광역시 광산구 월계동,경상사고,0,0,2,0,차대차 - 기타,안전거리미확보,건조,맑음,단일로 - 기타,승용,남,44세,상해없음,승용,남,53세,경상
2013012800100456,2013년 1월 28일 22시,월요일,광주광역시 북구 양산동,경상사고,0,0,1,0,차대차 - 측면직각충돌,신호위반,건조,맑음,교차로 - 교차로안,승용,남,62세,상해없음,승용,남,50세,경상
2013012800100473,2013년 1월 28일 23시,월요일,광주광역시 북구 유동,경상사고,0,0,2,0,차대차 - 측면직각충돌,신호위반,건조,맑음,교차로 - 교차로안,승용,남,51세,상해없음,승용,남,28세,경상
2013012900100033,2013년 1월 29일 01시,화요일,광주광역시 북구 용봉동,경상사고,0,0,1,0,차대차 - 추돌 - 진행중,안전운전불이행,건조,맑음,단일로 - 기타,승용,여,26세,상해없음,승용,여,26세,경상
2013012900100088,2013년 1월 29일 06시,화요일,광주광역시 서구 유촌동,경상사고,0,0,1,0,차대차 - 측면직각충돌,안전운전불이행,건조,흐림,교차로 - 교차로부근,승용,남,28세,상해없음,이륜,남,42세,경상
2013012900100131,2013년 1월 29일 08시,화요일,광주광역시 북구 풍향동,경상사고,0,0,1,0,차대사람 - 차도통행중,안전운전불이행,건조,맑음,단일로 - 기타,승용,남,30세,기타불명,보행자,여,68세,경상
2013012900100184,2013년 1월 29일 11시,화요일,광주광역시 동구 소태동,중상사고,0,1,0,0,차량단독 - 기타,안전운전불이행,건조,맑음,단일로 - 기타,승합,남,47세,상해없음,,,,
2013012900100202,2013년 1월 29일 12시,화요일,광주광역시 서구 쌍촌동,경상사고,0,0,1,0,차대차 - 측면직각충돌,교차로운행방법위반,건조,맑음,교차로 - 교차로안,화물,남,21세,상해없음,이륜,남,49세,경상
2013012900100271,2013년 1월 29일 15시,화요일,광주광역시 북구 용봉동,경상사고,0,0,3,0,차대차 - 측면직각충돌,신호위반,건조,맑음,교차로 - 교차로안,승용,남,84세,상해없음,승용,여,51세,경상
2013012900100294,2013년 1월 29일 16시,화요일,광주광역시 북구 신안동,경상사고,0,0,3,0,차대차 - 추돌 - 진행중,안전거리미확보,건조,맑음,교차로 - 교차로부근,승용,남,52세,상해없음,승용,남,25세,경상
2013012900100316,2013년 1월 29일 17시,화요일,광주광역시 광산구 월계동,경상사고,0,0,1,0,차대차 - 측면직각충돌,안전운전불이행,건조,맑음,교차로 - 교차로안,승용,남,33세,상해없음,승용,여,27세,경상
2013012900100358,2013년 1월 29일 18시,화요일,광주광역시 서구 쌍촌동,부상신고사고,0,0,0,1,차대사람 - 횡단중,안전운전불이행,건조,맑음,단일로 - 기타,승용,여,52세,상해없음,보행자,남,40세,부상신고
2013012900100381,2013년 1월 29일 19시,화요일,광주광역시 동구 지산동,경상사고,0,0,3,0,차대차 - 추돌 - 진행중,안전운전불이행,건조,맑음,교차로 - 교차로안,승합,남,45세,경상,승용,남,45세,경상
2013012900100403,2013년 1월 29일 20시,화요일,광주광역시 남구 방림동,부상신고사고,0,0,0,1,차대차 - 추돌 - 주정차중,안전운전불이행,건조,맑음,단일로 - 기타,이륜,남,60세,부상신고,승용,여,38세,상해없음
2013012900100404,2013년 1월 29일 20시,화요일,광주광역시 북구 문흥동,중상사고,0,1,0,0,차대사람 - 횡단중,보행자보호의무위반,건조,맑음,교차로 - 교차로안,승용,남,53세,상해없음,보행자,남,43세,중상
2013012900100405,2013년 1월 29일 20시,화요일,광주광역시 광산구 송정동,경상사고,0,0,1,0,차대차 - 측면직각충돌,불법유턴,건조,맑음,단일로 - 기타,승용,남,55세,상해없음,원동기,남,19세,경상
2013012900100431,2013년 1월 29일 21시,화요일,광주광역시 남구 송하동,중상사고,0,1,0,0,차대사람 - 기타,안전운전불이행,건조,맑음,교차로 - 교차로부근,승용,여,47세,상해없음,보행자,여,26세,중상
2013012900100432,2013년 1월 29일 21시,화요일,광주광역시 북구 오치동,경상사고,0,0,1,0,차대차 - 추돌 - 주정차중,안전운전불이행,건조,맑음,교차로 - 교차로부근,승용,남,49세,상해없음,승용,남,37세,경상
2013012900100455,2013년 1월 29일 22시,화요일,광주광역시 광산구 양동,중상사고,0,1,0,0,차대사람 - 차도통행중,안전운전불이행,건조,맑음,단일로 - 기타,승용,남,32세,상해없음,보행자,남,49세,중상
2013013000100023,2013년 1월 30일 00시,수요일,광주광역시 동구 계림동,경상사고,0,0,1,0,차대차 - 측면직각충돌,직진우회전진행방해,건조,맑음,교차로 - 교차로안,화물,남,46세,상해없음,승용,남,39세,경상
2013013000100048,2013년 1월 30일 02시,수요일,광주광역시 북구 우산동,경상사고,0,0,1,0,차대사람 - 횡단중,안전운전불이행,건조,맑음,교차로 - 교차로안,승용,기타불명,기타불명,기타불명,보행자,남,51세,경상
2013013000100081,2013년 1월 30일 05시,수요일,광주광역시 광산구 송정동,사망사고,1,0,0,0,차대사람 - 횡단중,보행자보호의무위반,습기,안개,단일로 - 횡단보도상,승용,남,45세,상해없음,보행자,여,71세,사망
2013013000100153,2013년 1월 30일 08시,수요일,광주광역시 광산구 신창동,경상사고,0,0,1,0,차대사람 - 횡단중,중앙선침범,건조,맑음,단일로 - 횡단보도상,승용,여,32세,상해없음,보행자,남,8세,경상
2013013000100197,2013년 1월 30일 10시,수요일,광주광역시 서구 동천동,경상사고,0,0,2,0,차대차 - 측면직각충돌,교차로운행방법위반,건조,맑음,단일로 - 기타,승용,여,47세,경상,승용,남,36세,경상
2013013000100223,2013년 1월 30일 11시,수요일,광주광역시 서구 광천동,경상사고,0,0,3,1,차대차 - 기타,교차로운행방법위반,건조,맑음,교차로 - 교차로안,승용,여,54세,상해없음,승합,남,55세,상해없음
2013013000100224,2013년 1월 30일 11시,수요일,광주광역시 광산구 선암동,경상사고,0,0,1,0,차대차 - 추돌 - 진행중,불법유턴,건조,맑음,교차로 - 교차로안,화물,남,50세,상해없음,승합,남,33세,경상
2013013000100290,2013년 1월 30일 14시,수요일,광주광역시 북구 우산동,경상사고,0,0,3,0,차대차 - 추돌 - 진행중,안전운전불이행,건조,맑음,단일로 - 기타,화물,남,42세,경상,승용,여,54세,경상
2013013000100335,2013년 1월 30일 16시,수요일,광주광역시 서구 광천동,경상사고,0,0,3,0,차대차 - 측면직각충돌,교차로운행방법위반,건조,맑음,교차로 - 교차로안,승용,여,36세,상해없음,승용,여,30세,경상
2013013000100367,2013년 1월 30일 17시,수요일,광주광역시 광산구 장덕동,경상사고,0,0,1,0,차대차 - 추돌 - 진행중,안전거리미확보,건조,맑음,교차로 - 교차로부근,승합,남,60세,상해없음,승합,남,51세,경상
2013013000100411,2013년 1월 30일 18시,수요일,광주광역시 서구 화정동,경상사고,0,0,2,0,차대차 - 추돌 - 주정차중,안전운전불이행,건조,맑음,단일로 - 기타,승용,여,41세,상해없음,승용,여,39세,경상
2013013000100412,2013년 1월 30일 18시,수요일,광주광역시 북구 운암동,경상사고,0,0,2,0,차대사람 - 횡단중,안전운전불이행,건조,맑음,단일로 - 기타,승용,남,76세,상해없음,보행자,남,5세,경상
2013013000100530,2013년 1월 30일 22시,수요일,광주광역시 서구 금호동,경상사고,0,0,3,0,차대차 - 측면직각충돌,신호위반,건조,흐림,교차로 - 교차로안,승용,여,42세,경상,승용,남,51세,경상
2013013000100531,2013년 1월 30일 22시,수요일,광주광역시 서구 화정동,경상사고,0,0,2,0,차대차 - 추돌 - 주정차중,안전운전불이행,건조,맑음,단일로 - 기타,승용,남,45세,상해없음,승용,여,38세,경상
2013013000100532,2013년 1월 30일 22시,수요일,광주광역시 북구 운암동,경상사고,0,0,2,0,차대차 - 측면직각충돌,안전거리미확보,건조,맑음,단일로 - 기타,화물,남,55세,상해없음,승용,여,31세,경상
2013013100100077,2013년 1월 31일 06시,목요일,광주광역시 북구 운암동,사망사고,1,0,0,0,차대사람 - 횡단중,안전운전불이행,건조,맑음,단일로 - 기타,승용,남,48세,상해없음,보행자,여,73세,사망
2013013100100107,2013년 1월 31일 07시,목요일,광주광역시 남구 백운동,경상사고,0,0,2,0,차대차 - 측면직각충돌,신호위반,건조,맑음,교차로 - 교차로안,승합,남,64세,상해없음,승용,남,51세,경상
2013013100100154,2013년 1월 31일 08시,목요일,광주광역시 북구 일곡동,경상사고,0,0,2,0,차대차 - 기타,안전운전불이행,건조,맑음,단일로 - 기타,승용,여,45세,상해없음,화물,남,46세,경상
2013013100100155,2013년 1월 31일 08시,목요일,광주광역시 북구 운암동,중상사고,0,1,1,0,차대차 - 정면충돌,중앙선침범,건조,맑음,미분류 - 미분류,이륜,남,16세,중상,승합,남,65세,상해없음
2013013100100227,2013년 1월 31일 11시,목요일,광주광역시 서구 농성동,경상사고,0,0,1,0,차대차 - 추돌 - 주정차중,안전거리미확보,건조,맑음,교차로 - 교차로부근,승용,남,61세,상해없음,승용,여,59세,상해없음
2013013100100228,2013년 1월 31일 11시,목요일,광주광역시 광산구 비아동,경상사고,0,0,1,0,차대차 - 측면직각충돌,기타,건조,맑음,단일로 - 기타,승용,남,62세,상해없음,화물,남,43세,경상
2013013100100308,2013년 1월 31일 14시,목요일,광주광역시 서구 치평동,경상사고,0,0,1,0,차대차 - 측면직각충돌,안전거리미확보,건조,맑음,단일로 - 기타,승합,남,55세,상해없음,이륜,남,30세,경상
2013013100100347,2013년 1월 31일 16시,목요일,광주광역시 광산구 옥동,부상신고사고,0,0,0,1,차대차 - 기타,안전운전불이행,건조,맑음,단일로 - 기타,승용,남,62세,상해없음,승용,여,23세,부상신고
2013013100100370,2013년 1월 31일 17시,목요일,광주광역시 북구 오치동,경상사고,0,0,1,0,차대차 - 측면직각충돌,신호위반,건조,맑음,교차로 - 교차로안,이륜,남,18세,경상,승용,여,46세,상해없음
2013013100100371,2013년 1월 31일 17시,목요일,광주광역시 광산구 우산동,경상사고,0,0,1,0,차대사람 - 보도통행중,기타,건조,맑음,단일로 - 기타,승용,남,54세,상해없음,보행자,남,22세,경상
2013013100100413,2013년 1월 31일 18시,목요일,광주광역시 남구 주월동,경상사고,0,0,1,0,차대사람 - 기타,안전운전불이행,기타,맑음,단일로 - 기타,승용,여,45세,상해없음,보행자,남,18세,경상
2013013100100414,2013년 1월 31일 18시,목요일,광주광역시 북구 오룡동,경상사고,0,0,4,0,차대차 - 측면직각충돌,안전거리미확보,건조,맑음,단일로 - 기타,승용,남,35세,상해없음,승용,남,38세,경상
2013013100100415,2013년 1월 31일 18시,목요일,광주광역시 북구 중흥동,경상사고,0,0,1,0,차대차 - 측면직각충돌,안전거리미확보,습기,비,교차로 - 교차로부근,화물,여,51세,상해없음,승용,남,61세,경상
2013013100100471,2013년 1월 31일 20시,목요일,광주광역시 서구 덕흥동,경상사고,0,0,3,0,차대차 - 기타,안전운전불이행,건조,맑음,미분류 - 미분류,승용,남,49세,상해없음,승용,남,43세,경상
2013020100100014,2013년 2월 1일 00시,금요일,광주광역시 서구 치평동,경상사고,0,0,1,0,차대차 - 추돌 - 주정차중,안전운전불이행,습기,흐림,단일로 - 기타,승용,남,30세,상해없음,승용,남,33세,경상
2013020100100015,2013년 2월 1일 00시,금요일,광주광역시 서구 치평동,경상사고,0,0,3,0,차대차 - 측면직각충돌,신호위반,건조,맑음,교차로 - 교차로안,승용,남,58세,상해없음,승용,남,18세,경상
2013020100100016,2013년 2월 1일 00시,금요일,광주광역시 북구 운암동,경상사고,0,0,1,0,차대차 - 측면직각충돌,안전운전불이행,습기,비,단일로 - 기타,승용,남,33세,상해없음,승용,남,69세,경상
2013020100100047,2013년 2월 1일 01시,금요일,광주광역시 북구 두암동,사망사고,1,1,0,0,차대사람 - 횡단중,안전운전불이행,습기,비,단일로 - 기타,승용,남,47세,상해없음,보행자,여,30세,사망
2013020100100048,2013년 2월 1일 01시,금요일,광주광역시 북구 운암동,경상사고,0,0,2,0,차대차 - 측면직각충돌,안전거리미확보,건조,맑음,단일로 - 기타,승용,남,48세,상해없음,승용,여,24세,경상
2013020100100116,2013년 2월 1일 05시,금요일,광주광역시 서구 치평동,경상사고,0,0,1,0,차대차 - 측면직각충돌,교차로운행방법위반,습기,비,교차로 - 교차로안,승용,남,26세,상해없음,승용,남,58세,경상
2013020100100117,2013년 2월 1일 05시,금요일,광주광역시 광산구 운남동,경상사고,0,0,1,0,차대차 - 기타,안전운전불이행,습기,비,교차로 - 교차로부근,승용,남,38세,상해없음,승용,남,59세,경상
2013020100100133,2013년 2월 1일 06시,금요일,광주광역시 동구 서석동,중상사고,0,1,0,0,차대차 - 추돌 - 진행중,안전운전불이행,습기,흐림,단일로 - 기타,승용,남,45세,상해없음,승용,남,57세,중상
2013020100100134,2013년 2월 1일 06시,금요일,광주광역시 동구 서석동,경상사고,0,0,1,0,차대사람 - 횡단중,안전운전불이행,습기,비,단일로 - 횡단보도부근,승용,남,34세,상해없음,보행자,남,49세,경상
2013020100100166,2013년 2월 1일 07시,금요일,광주광역시 서구 양동,경상사고,0,0,1,0,차대차 - 추돌 - 주정차중,안전운전불이행,습기,비,단일로 - 교량,승용,여,31세,상해없음,이륜,남,62세,경상