사고번호,사고일시,요일,시군구,사고내용,사망자수,중상자수,경상자수,부상신고자수,사고유형,법규위반,노면상태,기상상태,도로형태,가해운전자 차종,가해운전자 성별,가해운전자 연령,가해운전자 상해정도,피해운전자 차종,피해운전자 성별,피해운전자 연령,피해운전자 상해정도
2013020100100167,2013년 2월 1일 07시,금요일,광주광역시 북구 오치동,경상사고,0,0,1,0,차대차 - 추돌 - 주정차중,교차로운행방법위반,습기,비,교차로 - 교차로안,승용,남,47세,상해없음,승용,남,50세,경상
2013020100100168,2013년 2월 1일 07시,금요일,광주광역시 북구 양산동,경상사고,0,0,1,0,차대사람 - 횡단중,안전운전불이행,습기,비,교차로 - 교차로안,승용,남,30세,상해없음,보행자,여,18세,경상
2013020100100197,2013년 2월 1일 08시,금요일,광주광역시 서구 서창동,경상사고,0,0,1,0,차대차 - 추돌 - 진행중,차로위반,습기,비,단일로 - 기타,승용,남,38세,상해없음,특수,남,39세,경상
2013020100100308,2013년 2월 1일 13시,금요일,광주광역시 서구 풍암동,경상사고,0,0,1,0,차량단독 - 기타,안전운전불이행,건조,맑음,교차로 - 교차로부근,승용,남,55세,상해없음,,,,
2013020100100309,2013년 2월 1일 13시,금요일,광주광역시 광산구 신가동,경상사고,0,0,2,0,차대차 - 측면직각충돌,신호위반,건조,맑음,교차로 - 교차로부근,승용,여,27세,경상,승용,여,32세,경상
2013020100100326,2013년 2월 1일 14시,금요일,광주광역시 북구 양산동,경상사고,0,0,1,1,차대차 - 측면직각충돌,신호위반,습기,비,교차로 - 교차로안,승용,남,78세,부상신고,승용,남,76세,경상
2013020100100327,2013년 2월 1일 14시,금요일,광주광역시 광산구 우산동,경상사고,0,0,2,0,차대차 - 추돌 - 진행중,안전거리미확보,습기,비,단일로 - 기타,승용,남,52세,상해없음,승용,남,66세,경상
2013020100100328,2013년 2월 1일 14시,금요일,광주광역시 광산구 송정동,중상사고,0,1,0,0,차대사람 - 횡단중,보행자보호의무위반,습기,비,교차로 - 교차로부근,승합,남,70세,상해없음,보행자,남,56세,중상
2013020100100346,2013년 2월 1일 15시,금요일,광주광역시 서구 치평동,경상사고,0,0,1,0,차대차 - 기타,안전운전불이행,건조,맑음,교차로 - 교차로부근,승용,여,56세,기타불명,승용,여,28세,상해없음
2013020100100347,2013년 2월 1일 15시,금요일,광주광역시 서구 쌍촌동,경상사고,0,0,4,0,차대차 - 정면충돌,교차로운행방법위반,습기,비,교차로 - 교차로안,승용,남,51세,상해없음,승용,남,51세,경상
2013020100100398,2013년 2월 1일 17시,금요일,광주광역시 북구 오치동,경상사고,0,0,3,0,차대차 - 측면직각충돌,신호위반,습기,맑음,교차로 - 교차로안,이륜,남,49세,상해없음,승용,남,44세,경상
2013020100100445,2013년 2월 1일 18시,금요일,광주광역시 동구 운림동,경상사고,0,0,1,0,차대사람 - 차도통행중,안전운전불이행,습기,비,교차로 - 교차로안,승용,남,52세,상해없음,보행자,남,76세,경상
2013020100100446,2013년 2월 1일 18시,금요일,광주광역시 동구 내남동,경상사고,0,0,1,0,차대차 - 추돌 - 진행중,안전거리미확보,건조,맑음,단일로 - 기타,승용,남,37세,상해없음,승용,남,44세,경상
2013020100100447,2013년 2월 1일 18시,금요일,광주광역시 광산구 산월동,경상사고,0,0,1,0,차대차 - 정면충돌,중앙선침범,습기,비,단일로 - 기타,승용,기타불명,기타불명,기타불명,승용,여,36세,경상
2013020100100448,2013년 2월 1일 18시,금요일,광주광역시 광산구 월계동,중상사고,0,1,1,0,차대사람 - 횡단중,안전운전불이행,습기,비,단일로 - 횡단보도상,승용,남,69세,상해없음,보행자,여,27세,경상
2013020100100490,2013년 2월 1일 19시,금요일,광주광역시 북구 신안동,경상사고,0,0,2,0,차대차 - 추돌 - 진행중,안전운전불이행,건조,맑음,교차로 - 교차로부근,승합,남,47세,상해없음,화물,남,33세,경상
2013020100100491,2013년 2월 1일 19시,금요일,광주광역시 광산구 산정동,경상사고,0,0,1,0,차대차 - 측면직각충돌,신호위반,습기,흐림,교차로 - 교차로안,화물,남,56세,상해없음,화물,남,39세,경상
2013020100100492,2013년 2월 1일 19시,금요일,광주광역시 광산구 흑석동,경상사고,0,0,1,0,차대차 - 측면직각충돌,안전운전불이행,건조,맑음,단일로 - 기타,승용,여,45세,상해없음,승용,남,37세,경상
2013020100100522,2013년 2월 1일 20시,금요일,광주광역시 북구 문흥동,경상사고,0,0,1,1,차대차 - 측면직각충돌,신호위반,습기,맑음,교차로 - 교차로안,승용,남,39세,상해없음,승용,남,57세,경상
2013020100100551,2013년 2월 1일 21시,금요일,광주광역시 북구 두암동,경상사고,0,0,3,0,차대차 - 기타,안전운전불이행,건조,맑음,교차로 - 교차로안,승용,남,71세,상해없음,승용,남,32세,경상
2013020100100589,2013년 2월 1일 22시,금요일,광주광역시 서구 쌍촌동,경상사고,0,0,2,0,차대사람 - 기타,보행자보호의무위반,건조,맑음,단일로 - 횡단보도상,승용,남,28세,상해없음,보행자,남,23세,경상
2013020100100590,2013년 2월 1일 22시,금요일,광주광역시 서구 쌍촌동,경상사고,0,0,1,0,차대차 - 기타,교차로운행방법위반,건조,흐림,교차로 - 교차로안,승용,남,56세,상해없음,이륜,남,44세,경상
2013020100100591,2013년 2월 1일 22시,금요일,광주광역시 북구 일곡동,중상사고,0,1,0,0,차대사람 - 차도통행중,안전운전불이행,건조,맑음,교차로 - 교차로안,이륜,남,52세,상해없음,보행자,남,41세,중상
2013020100100620,2013년 2월 1일 23시,금요일,광주광역시 북구 문흥동,경상사고,0,0,1,0,차대차 - 측면직각충돌,안전운전불이행,습기,흐림,단일로 - 기타,승용,남,53세,상해없음,승용,남,29세,상해없음
2013020200100026,2013년 2월 2일 00시,토요일,광주광역시 서구 동천동,중상사고,0,1,0,0,차대사람 - 기타,안전운전불이행,건조,맑음,단일로 - 기타,승용,남,29세,상해없음,보행자,남,30세,중상
2013020200100027,2013년 2월 2일 00시,토요일,광주광역시 서구 쌍촌동,경상사고,0,0,4,0,차대차 - 추돌 - 진행중,안전운전불이행,건조,흐림,단일로 - 횡단보도부근,승용,남,30세,경상,승용,남,51세,경상
2013020200100028,2013년 2월 2일 00시,토요일,광주광역시 북구 용봉동,경상사고,0,0,1,0,차대사람 - 기타,안전운전불이행,건조,맑음,단일로 - 기타,승용,남,54세,상해없음,보행자,남,27세,경상
2013020200100053,2013년 2월 2일 01시,토요일,광주광역시 북구 월출동,사망사고,1,2,0,0,차대차 - 정면충돌,중앙선침범,건조,맑음,단일로 - 기타,승용,남,31세,중상,승용,남,47세,중상
2013020200100054,2013년 2월 2일 01시,토요일,광주광역시 광산구 신창동,경상사고,0,0,2,0,차대차 - 추돌 - 주정차중,안전거리미확보,건조,맑음,교차로 - 교차로부근,승용,남,27세,기타불명,승용,여,28세,경상
2013020200100071,2013년 2월 2일 02시,토요일,광주광역시 남구 월산동,경상사고,0,0,1,0,차대차 - 추돌 - 주정차중,안전거리미확보,건조,맑음,교차로 - 교차로부근,승용,남,55세,상해없음,승용,남,68세,상해없음
2013020200100072,2013년 2월 2일 02시,토요일,광주광역시 북구 신안동,경상사고,0,0,2,0,차대차 - 추돌 - 주정차중,안전운전불이행,건조,흐림,단일로 - 기타,승용,여,26세,상해없음,승용,남,44세,경상
2013020200100105,2013년 2월 2일 04시,토요일,광주광역시 광산구 장덕동,중상사고,0,1,0,0,차대차 - 측면직각충돌,신호위반,습기,비,교차로 - 교차로안,화물,남,54세,상해없음,승용,남,33세,중상
2013020200100192,2013년 2월 2일 09시,토요일,광주광역시 서구 풍암동,경상사고,0,0,4,0,차대차 - 측면직각충돌,신호위반,건조,맑음,교차로 - 교차로안,승용,여,53세,상해없음,승용,남,35세,경상
2013020200100193,2013년 2월 2일 09시,토요일,광주광역시 북구 두암동,경상사고,0,0,1,0,차대사람 - 횡단중,보행자보호의무위반,건조,맑음,단일로 - 기타,화물,남,63세,상해없음,보행자,여,57세,경상
2013020200100220,2013년 2월 2일 10시,토요일,광주광역시 북구 풍향동,사망사고,1,0,0,0,차대사람 - 길가장자리구역통행중,안전운전불이행,건조,맑음,단일로 - 기타,승합,남,56세,상해없음,보행자,여,78세,사망
2013020200100249,2013년 2월 2일 11시,토요일,광주광역시 광산구 수완동,경상사고,0,0,12,0,차대차 - 측면직각충돌,안전거리미확보,건조,맑음,단일로 - 기타,승용,남,24세,경상,승용,남,36세,경상
2013020200100274,2013년 2월 2일 12시,토요일,광주광역시 남구 주월동,중상사고,0,1,0,0,차대사람 - 횡단중,안전운전불이행,건조,맑음,단일로 - 기타,이륜,남,47세,상해없음,보행자,여,60세,중상
2013020200100275,2013년 2월 2일 12시,토요일,광주광역시 광산구 도천동,경상사고,0,0,1,0,차대차 - 측면직각충돌,안전거리미확보,건조,맑음,단일로 - 기타,원동기,남,42세,경상,승용,남,49세,상해없음
2013020200100303,2013년 2월 2일 13시,토요일,광주광역시 북구 용봉동,경상사고,0,0,1,0,차대차 - 측면직각충돌,안전운전불이행,건조,맑음,교차로 - 교차로안,승용,남,32세,상해없음,승용,여,43세,경상
2013020200100366,2013년 2월 2일 16시,토요일,광주광역시 서구 금호동,경상사고,0,0,1,0,차대차 - 측면직각충돌,교차로운행방법위반,건조,흐림,교차로 - 교차로안,승용,남,35세,기타불명,승용,여,32세,경상
2013020200100396,2013년 2월 2일 17시,토요일,광주광역시 서구 치평동,경상사고,0,0,1,0,차대차 - 측면직각충돌,안전운전불이행,건조,맑음,단일로 - 기타,승용,남,30세,상해없음,승용,남,65세,경상
2013020200100437,2013년 2월 2일 18시,토요일,광주광역시 북구 오치동,경상사고,0,0,1,0,차대차 - 기타,안전운전불이행,건조,맑음,교차로 - 교차로안,승용,남,18세,기타불명,승용,남,24세,경상
2013020200100438,2013년 2월 2일 18시,토요일,광주광역시 광산구 우산동,경상사고,0,0,1,0,차대사람 - 차도통행중,안전운전불이행,건조,맑음,단일로 - 기타,승용,남,48세,상해없음,보행자,남,50세,경상
2013020200100497,2013년 2월 2일 20시,토요일,광주광역시 서구 치평동,경상사고,0,0,3,0,차대차 - 측면직각충돌,교차로운행방법위반,건조,맑음,교차로 - 교차로부근,승용,여,36세,경상,승용,남,36세,경상
2013020200100498,2013년 2월 2일 20시,토요일,광주광역시 광산구 월계동,경상사고,0,0,1,0,차대차 - 측면직각충돌,신호위반,건조,맑음,교차로 - 교차로안,이륜,남,42세,경상,승합,남,51세,상해없음
2013020300100015,2013년 2월 3일 00시,일요일,광주광역시 서구 치평동,경상사고,0,0,3,0,차대차 - 측면직각충돌,교차로운행방법위반,건조,맑음,교차로 - 교차로안,승용,남,20세,경상,승용,남,43세,경상
2013020300100016,2013년 2월 3일 00시,일요일,광주광역시 북구 운암동,경상사고,0,0,1,0,차대차 - 추돌 - 진행중,안전운전불이행,건조,맑음,교차로 - 교차로부근,화물,남,29세,상해없음,승용,남,35세,경상
2013020300100044,2013년 2월 3일 02시,일요일,광주광역시 북구 용두동,경상사고,0,0,3,0,차대차 - 추돌 - 주정차중,안전운전불이행,건조,맑음,교차로 - 교차로부근,승용,남,32세,상해없음,승용,남,44세,경상
2013020300100084,2013년 2월 3일 05시,일요일,광주광역시 북구 두암동,경상사고,0,0,3,0,차대차 - 기타,중앙선침범,건조,맑음,단일로 - 기타,승용,남,41세,상해없음,화물,남,40세,경상
2013020300100175,2013년 2월 3일 11시,일요일,광주광역시 서구 광천동,경상사고,0,0,1,0,차대사람 - 기타,안전운전불이행,건조,맑음,미분류 - 미분류,승합,남,56세,상해없음,보행자,여,34세,경상
2013020300100192,2013년 2월 3일 12시,일요일,광주광역시 서구 치평동,중상사고,0,1,2,0,차대차 - 기타,신호위반,건조,흐림,교차로 - 교차로안,승용,남,55세,상해없음,화물,남,65세,중상
2013020300100193,2013년 2월 3일 12시,일요일,광주광역시 광산구 송정동,경상사고,0,0,1,0,차대차 - 측면직각충돌,교차로운행방법위반,건조,맑음,교차로 - 교차로안,화물,남,38세,상해없음,원동기,남,54세,경상
2013020300100213,2013년 2월 3일 13시,일요일,광주광역시 광산구 신가동,중상사고,0,1,0,0,차대차 - 측면직각충돌,교차로운행방법위반,건조,맑음,교차로 - 교차로안,승용,남,34세,상해없음,이륜,남,17세,중상
2013020300100255,2013년 2월 3일 15시,일요일,광주광역시 서구 치평동,경상사고,0,0,1,0,차대차 - 기타,안전운전불이행,건조,맑음,기타 - 기타,화물,남,50세,상해없음,승합,남,26세,경상
2013020300100256,2013년 2월 3일 15시,일요일,광주광역시 광산구 수완동,경상사고,0,0,1,0,차대차 - 측면직각충돌,신호위반,건조,맑음,교차로 - 교차로안,이륜,남,17세,경상,승용,남,30세,상해없음
2013020300100332,2013년 2월 3일 17시,일요일,광주광역시 동구 학동,경상사고,0,0,1,0,차대사람 - 횡단중,안전운전불이행,습기,비,교차로 - 교차로부근,이륜,남,17세,상해없음,보행자,남,33세,경상
2013020300100368,2013년 2월 3일 18시,일요일,광주광역시 동구 산수동,경상사고,0,0,2,0,차대차 - 추돌 - 진행중,안전거리미확보,습기,비,단일로 - 기타,화물,남,60세,상해없음,승용,여,44세,경상
2013020300100369,2013년 2월 3일 18시,일요일,광주광역시 광산구 신창동,경상사고,0,0,1,0,차대차 - 측면직각충돌,안전거리미확보,습기,비,교차로 - 교차로부근,화물,남,63세,상해없음,승용,남,34세,경상
2013020300100402,2013년 2월 3일 19시,일요일,광주광역시 북구 운암동,경상사고,0,0,1,0,차대차 - 추돌 - 진행중,안전운전불이행,건조,맑음,단일로 - 기타,승용,남,52세,상해없음,승용,남,63세,상해없음
2013020300100438,2013년 2월 3일 20시,일요일,광주광역시 북구 중흥동,중상사고,0,1,0,0,차대차 - 추돌 - 주정차중,안전운전불이행,건조,맑음,단일로 - 기타,이륜,남,32세,중상,승용,남,46세,기타불명
2013020300100481,2013년 2월 3일 21시,일요일,광주광역시 동구 학동,경상사고,0,0,1,0,차대사람 - 횡단중,신호위반,습기,비,교차로 - 교차로안,화물,남,42세,상해없음,보행자,여,48세,경상
2013020300100514,2013년 2월 3일 22시,일요일,광주광역시 남구 진월동,경상사고,0,0,1,0,차대차 - 추돌 - 진행중,안전운전불이행,습기,비,단일로 - 기타,승용,남,37세,상해없음,승용,여,44세,경상
2013020300100515,2013년 2월 3일 22시,일요일,광주광역시 남구 서동,경상사고,0,0,2,2,차대차 - 정면충돌,중앙선침범,습기,비,단일로 - 기타,화물,남,48세,상해없음,승용,남,58세,경상
2013020300100550,2013년 2월 3일 23시,일요일,광주광역시 서구 마륵동,경상사고,0,0,2,1,차대차 - 기타,안전운전불이행,습기,비,교차로 - 교차로안,승용,남,51세,부상신고,승용,남,43세,경상
2013020400100024,2013년 2월 4일 00시,월요일,광주광역시 광산구 장덕동,경상사고,0,0,1,0,차대차 - 측면직각충돌,안전운전불이행,습기,비,기타 - 기타,승용,남,29세,상해없음,승용,남,34세,경상
2013020400100058,2013년 2월 4일 02시,월요일,광주광역시 서구 쌍촌동,경상사고,0,0,1,0,차대사람 - 기타,안전운전불이행,습기,비,교차로 - 교차로부근,승용,남,26세,상해없음,보행자,남,27세,경상
2013020400100156,2013년 2월 4일 08시,월요일,광주광역시 서구 치평동,경상사고,0,0,1,0,차대차 - 추돌 - 주정차중,안전운전불이행,습기,비,단일로 - 기타,승용,남,34세,상해없음,승용,남,33세,경상
2013020400100184,2013년 2월 4일 09시,월요일,광주광역시 남구 봉선동,중상사고,0,1,0,0,차대사람 - 기타,안전운전불이행,건조,맑음,교차로 - 교차로안,화물,남,57세,상해없음,보행자,남,22세,중상
2013020400100185,2013년 2월 4일 09시,월요일,광주광역시 남구 주월동,경상사고,0,0,1,0,차대차 - 기타,신호위반,건조,맑음,교차로 - 교차로안,승용,여,42세,상해없음,승용,남,61세,경상
2013020400100244,2013년 2월 4일 12시,월요일,광주광역시 남구 진월동,경상사고,0,0,1,0,차대사람 - 기타,안전운전불이행,건조,맑음,단일로 - 기타,승용,남,56세,상해없음,보행자,남,77세,경상
2013020400100328,2013년 2월 4일 15시,월요일,광주광역시 남구 월산동,경상사고,0,0,1,0,차대차 - 측면직각충돌,안전운전불이행,건조,맑음,단일로 - 기타,승합,여,46세,상해없음,자전거,남,75세,경상
2013020400100329,2013년 2월 4일 15시,월요일,광주광역시 광산구 도산동,경상사고,0,0,1,0,차대사람 - 횡단중,안전운전불이행,건조,맑음,교차로 - 교차로안,화물,남,44세,상해없음,보행자,여,71세,경상
2013020400100373,2013년 2월 4일 17시,월요일,광주광역시 서구 쌍촌동,경상사고,0,0,1,0,차대차 - 추돌 - 주정차중,안전거리미확보,건조,맑음,교차로 - 교차로부근,승용,남,52세,상해없음,승용,여,49세,경상
2013020400100409,2013년 2월 4일 18시,월요일,광주광역시 북구 오치동,경상사고,0,0,1,0,차대차 - 측면직각충돌,차로위반,건조,맑음,단일로 - 기타,승합,남,60세,상해없음,이륜,남,30세,경상
2013020400100410,2013년 2월 4일 18시,월요일,광주광역시 광산구 월곡동,경상사고,0,0,2,0,차대차 - 측면직각충돌,교차로운행방법위반,건조,맑음,교차로 - 교차로부근,승용,여,42세,경상,승용,남,33세,경상
2013020400100421,2013년 2월 4일 19시,월요일,광주광역시 광산구 월계동,경상사고,0,0,2,0,차대차 - 추돌 - 주정차중,안전운전불이행,건조,맑음,교차로 - 교차로부근,승용,남,52세,상해없음,승용,여,34세,경상
2013020400100422,2013년 2월 4일 19시,월요일,광주광역시 광산구 신창동,경상사고,0,0,1,0,차대차 - 추돌 - 진행중,안전거리미확보,건조,맑음,교차로 - 교차로부근,승용,여,36세,상해없음,승용,여,37세,경상
2013020400100465,2013년 2월 4일 21시,월요일,광주광역시 서구 양동,경상사고,0,0,6,0,차대차 - 측면직각충돌,안전운전불이행,습기,흐림,단일로 - 기타,승용,남,19세,경상,승용,남,54세,경상
2013020400100488,2013년 2월 4일 22시,월요일,광주광역시 북구 양산동,경상사고,0,0,7,0,차대차 - 측면직각충돌,신호위반,건조,맑음,교차로 - 교차로안,화물,남,46세,경상,승용,남,46세,경상
2013020400100512,2013년 2월 4일 23시,월요일,광주광역시 서구 금호동,경상사고,0,0,1,0,차대차 - 측면직각충돌,신호위반,습기,비,교차로 - 교차로안,승용,남,51세,상해없음,승용,남,35세,경상
2013020500100029,2013년 2월 5일 01시,화요일,광주광역시 동구 금남로4가,경상사고,0,0,1,0,차대차 - 측면직각충돌,신호위반,건조,맑음,단일로 - 기타,승용,남,39세,상해없음,승용,남,27세,경상
2013020500100030,2013년 2월 5일 01시,화요일,광주광역시 북구 용봉동,중상사고,0,1,0,0,차대차 - 추돌 - 주정차중,안전운전불이행,건조,맑음,단일로 - 기타,승용,남,39세,상해없음,승용,여,33세,중상
2013020500100042,2013년 2월 5일 02시,화요일,광주광역시 서구 쌍촌동,경상사고,0,0,3,0,차대차 - 측면직각충돌,신호위반,건조,맑음,교차로 - 교차로안,승용,여,46세,상해없음,승용,남,62세,경상
2013020500100043,2013년 2월 5일 02시,화요일,광주광역시 광산구 신촌동,중상사고,0,1,0,0,차대사람 - 횡단중,안전운전불이행,건조,맑음,미분류 - 미분류,승용,남,46세,상해없음,보행자,남,57세,중상
2013020500100140,2013년 2월 5일 08시,화요일,광주광역시 북구 중흥동,경상사고,0,0,1,0,차대차 - 기타,중앙선침범,건조,맑음,교차로 - 교차로안,승용,남,61세,상해없음,승용,남,50세,경상
2013020500100192,2013년 2월 5일 10시,화요일,광주광역시 동구 학동,경상사고,0,0,2,0,차대차 - 측면직각충돌,직진우회전진행방해,건조,흐림,교차로 - 교차로안,승용,여,61세,경상,승용,여,43세,경상
2013020500100193,2013년 2월 5일 10시,화요일,광주광역시 남구 양림동,중상사고,0,1,0,0,차대사람 - 횡단중,안전운전불이행,건조,맑음,단일로 - 기타,승용,남,78세,상해없음,보행자,여,72세,중상
2013020500100209,2013년 2월 5일 11시,화요일,광주광역시 서구 광천동,경상사고,0,0,1,0,차대차 - 기타,중앙선침범,건조,맑음,단일로 - 기타,승용,남,54세,상해없음,이륜,남,38세,경상
2013020500100210,2013년 2월 5일 11시,화요일,광주광역시 북구 신용동,경상사고,0,0,3,0,차대차 - 측면직각충돌,안전운전불이행,건조,맑음,단일로 - 기타,화물,남,65세,경상,승용,남,27세,경상
2013020500100211,2013년 2월 5일 11시,화요일,광주광역시 광산구 신창동,경상사고,0,0,1,0,차대차 - 추돌 - 진행중,안전거리미확보,건조,맑음,단일로 - 기타,원동기,남,49세,경상,승용,남,55세,상해없음
2013020500100241,2013년 2월 5일 13시,화요일,광주광역시 북구 운암동,경상사고,0,0,2,0,차대차 - 추돌 - 주정차중,안전운전불이행,건조,맑음,교차로 - 교차로부근,화물,남,51세,상해없음,승용,남,47세,경상
2013020500100262,2013년 2월 5일 14시,화요일,광주광역시 서구 농성동,경상사고,0,0,2,0,차대차 - 측면직각충돌,교차로운행방법위반,건조,맑음,교차로 - 교차로안,승용,남,69세,상해없음,화물,남,64세,경상
2013020500100263,2013년 2월 5일 14시,화요일,광주광역시 남구 월산동,경상사고,0,0,2,0,차대차 - 측면직각충돌,신호위반,건조,흐림,교차로 - 교차로안,승합,남,61세,상해없음,승용,남,49세,경상
2013020500100264,2013년 2월 5일 14시,화요일,광주광역시 광산구 우산동,경상사고,0,0,2,0,차대차 - 추돌 - 진행중,안전운전불이행,건조,맑음,단일로 - 기타,승용,여,42세,경상,화물,남,46세,경상
2013020500100290,2013년 2월 5일 15시,화요일,광주광역시 서구 화정동,경상사고,0,0,1,0,차대차 - 측면직각충돌,안전운전불이행,습기,비,단일로 - 기타,승용,남,44세,상해없음,승용,남,30세,경상
2013020500100339,2013년 2월 5일 17시,화요일,광주광역시 광산구 신촌동,경상사고,0,0,2,0,차대차 - 추돌 - 진행중,차로위반,습기,비,단일로 - 기타,승용,남,43세,상해없음,승용,남,58세,경상
2013020500100386,2013년 2월 5일 18시,화요일,광주광역시 서구 양동,경상사고,0,0,2,0,차대차 - 추돌 - 진행중,안전운전불이행,건조,맑음,교차로 - 교차로부근,승용,남,41세,상해없음,승용,남,51세,경상
2013020500100387,2013년 2월 5일 18시,화요일,광주광역시 서구 화정동,경상사고,0,0,1,0,차대차 - 측면직각충돌,신호위반,건조,맑음,교차로 - 교차로안,승용,남,56세,상해없음,승용,남,62세,경상
2013020500100433,2013년 2월 5일 19시,화요일,광주광역시 서구 동천동,경상사고,0,0,1,0,차대차 - 기타,안전운전불이행,습기,비,단일로 - 교량,승용,남,59세,상해없음,승용,남,64세,상해없음
2013020500100434,2013년 2월 5일 19시,화요일,광주광역시 북구 양산동,중상사고,0,1,0,0,차대사람 - 보도통행중,신호위반,건조,맑음,단일로 - 횡단보도상,승용,여,59세,상해없음,보행자,여,14세,중상
2013020500100467,2013년 2월 5일 20시,화요일,광주광역시 북구 대촌동,경상사고,0,0,2,0,차대차 - 측면직각충돌,중앙선침범,습기,비,단일로 - 기타,승용,남,42세,경상,화물,남,50세,경상
2013020500100502,2013년 2월 5일 21시,화요일,광주광역시 광산구 양동,경상사고,0,0,2,0,차대사람 - 기타,안전운전불이행,습기,비,교차로 - 교차로부근,승합,남,48세,기타불명,보행자,여,61세,경상
2013020500100503,2013년 2월 5일 21시,화요일,광주광역시 북구 신안동,경상사고,0,0,1,0,차대차 - 추돌 - 주정차중,안전운전불이행,습기,비,교차로 - 교차로부근,승용,남,50세,상해없음,승용,여,48세,경상
2013020500100504,2013년 2월 5일 21시,화요일,광주광역시 광산구 우산동,중상사고,0,1,0,0,차대사람 - 보도통행중,신호위반,습기,비,교차로 - 교차로안,원동기,남,54세,상해없음,보행자,남,45세,중상
2013020500100505,2013년 2월 5일 21시,화요일,광주광역시 광산구 신창동,경상사고,0,0,5,0,차대차 - 측면직각충돌,안전운전불이행,습기,비,교차로 - 교차로부근,특수,남,53세,상해없음,승용,남,54세,경상
2013020500100534,2013년 2월 5일 22시,화요일,광주광역시 서구 동천동,경상사고,0,0,1,0,차대차 - 추돌 - 주정차중,안전운전불이행,건조,맑음,단일로 - 기타,승용,남,39세,상해없음,승용,남,35세,경상
2013020500100535,2013년 2월 5일 22시,화요일,광주광역시 서구 화정동,경상사고,0,0,1,0,차대차 - 측면직각충돌,교차로운행방법위반,습기,비,교차로 - 교차로부근,승용,남,49세,상해없음,승용,남,47세,경상
2013020500100536,2013년 2월 5일 22시,화요일,광주광역시 북구 일곡동,경상사고,0,0,2,0,차대차 - 추돌 - 주정차중,안전운전불이행,건조,맑음,단일로 - 기타,승용,남,23세,상해없음,승용,여,28세,경상
2013020500100537,2013년 2월 5일 22시,화요일,광주광역시 광산구 신창동,경상사고,0,0,1,0,차대차 - 추돌 - 진행중,안전운전불이행,습기,비,교차로 - 교차로부근,승용,여,38세,상해없음,승용,남,38세,경상
2013020500100569,2013년 2월 5일 23시,화요일,광주광역시 서구 농성동,경상사고,0,0,1,0,차대차 - 측면직각충돌,안전거리미확보,건조,맑음,단일로 - 기타,승용,남,25세,상해없음,승용,남,26세,경상
2013020500100570,2013년 2월 5일 23시,화요일,광주광역시 서구 치평동,경상사고,0,0,2,0,차대차 - 기타,신호위반,건조,맑음,교차로 - 교차로안,승용,남,52세,기타불명,승용,남,42세,경상
2013020500100571,2013년 2월 5일 23시,화요일,광주광역시 북구 효령동,경상사고,0,0,3,0,차대차 - 측면직각충돌,안전거리미확보,습기,비,교차로 - 교차로안,승용,남,70세,상해없음,승용,남,19세,경상
2013020600100065,2013년 2월 6일 03시,수요일,광주광역시 광산구 월곡동,경상사고,0,0,1,0,차대사람 - 길가장자리구역통행중,안전운전불이행,습기,비,단일로 - 기타,승용,남,56세,상해없음,보행자,남,31세,경상
2013020600100087,2013년 2월 6일 05시,수요일,광주광역시 광산구 우산동,사망사고,1,0,0,0,차대차 - 기타,안전운전불이행,습기,흐림,단일로 - 기타,승용,남,31세,상해없음,승용,남,47세,상해없음
2013020600100101,2013년 2월 6일 06시,수요일,광주광역시 서구 광천동,경상사고,0,0,1,0,차대차 - 추돌 - 주정차중,안전운전불이행,습기,흐림,단일로 - 기타,승용,남,36세,상해없음,화물,남,68세,경상
2013020600100159,2013년 2월 6일 08시,수요일,광주광역시 동구 동명동,경상사고,0,0,1,0,차대사람 - 횡단중,안전운전불이행,습기,비,교차로 - 교차로부근,승용,남,70세,상해없음,보행자,여,22세,경상
2013020600100160,2013년 2월 6일 08시,수요일,광주광역시 광산구 월곡동,중상사고,0,1,0,0,차대사람 - 차도통행중,안전운전불이행,건조,맑음,단일로 - 기타,승용,남,46세,상해없음,보행자,남,7세,중상
2013020600100185,2013년 2월 6일 09시,수요일,광주광역시 광산구 용곡동,중상사고,0,1,0,0,차대차 - 측면직각충돌,교차로운행방법위반,건조,맑음,교차로 - 교차로안,화물,남,29세,상해없음,원동기,남,47세,중상
2013020600100215,2013년 2월 6일 10시,수요일,광주광역시 동구 대인동,중상사고,0,1,0,0,차대사람 - 횡단중,안전운전불이행,습기,흐림,단일로 - 기타,승용,남,62세,상해없음,보행자,여,61세,중상
2013020600100293,2013년 2월 6일 13시,수요일,광주광역시 서구 농성동,경상사고,0,0,1,0,차대차 - 측면직각충돌,신호위반,건조,맑음,단일로 - 기타,기타불명,기타불명,기타불명,기타불명,자전거,여,20세,경상
2013020600100294,2013년 2월 6일 13시,수요일,광주광역시 북구 신안동,경상사고,0,0,1,0,차대차 - 추돌 - 진행중,안전운전불이행,건조,흐림,단일로 - 기타,이륜,남,30세,상해없음,승용,여,48세,경상
2013020600100318,2013년 2월 6일 14시,수요일,광주광역시 북구 문흥동,중상사고,0,1,0,0,차대차 - 추돌 - 주정차중,안전운전불이행,건조,맑음,교차로 - 교차로부근,승용,남,51세,상해없음,승용,남,48세,중상
2013020600100319,2013년 2월 6일 14시,수요일,광주광역시 광산구 신창동,경상사고,0,0,1,0,차대차 - 측면직각충돌,안전운전불이행,건조,맑음,단일로 - 기타,승용,남,26세,상해없음,원동기,남,19세,경상