사고번호,사고일시,요일,시군구,사고내용,사망자수,중상자수,경상자수,부상신고자수,사고유형,법규위반,노면상태,기상상태,도로형태,가해운전자 차종,가해운전자 성별,가해운전자 연령,가해운전자 상해정도,피해운전자 차종,피해운전자 성별,피해운전자 연령,피해운전자 상해정도
2013020600100487,2013년 2월 6일 20시,수요일,광주광역시 북구 용봉동,경상사고,0,0,1,0,차대사람 - 길가장자리구역통행중,안전운전불이행,건조,맑음,교차로 - 교차로안,승용,남,64세,상해없음,보행자,여,12세,경상
2013020600100514,2013년 2월 6일 21시,수요일,광주광역시 남구 주월동,경상사고,0,0,1,0,차대차 - 추돌 - 주정차중,안전운전불이행,건조,맑음,단일로 - 기타,승용,여,46세,상해없음,승용,남,40세,경상
2013020600100515,2013년 2월 6일 21시,수요일,광주광역시 남구 월산동,경상사고,0,0,1,0,차대차 - 추돌 - 주정차중,안전운전불이행,건조,맑음,단일로 - 기타,승용,남,52세,상해없음,승용,여,41세,경상
2013020600100516,2013년 2월 6일 21시,수요일,광주광역시 광산구 신창동,중상사고,0,1,0,0,차대차 - 추돌 - 진행중,안전운전불이행,건조,맑음,단일로 - 기타,이륜,남,16세,중상,승합,남,42세,상해없음
2013020600100537,2013년 2월 6일 22시,수요일,광주광역시 서구 쌍촌동,경상사고,0,0,1,0,차대사람 - 기타,안전운전불이행,건조,맑음,기타 - 기타,승용,남,53세,상해없음,보행자,여,55세,경상
2013020700100017,2013년 2월 7일 00시,목요일,광주광역시 서구 화정동,경상사고,0,0,1,0,차대차 - 기타,교차로운행방법위반,건조,맑음,교차로 - 교차로부근,화물,남,55세,상해없음,승용,남,52세,경상
2013020700100072,2013년 2월 7일 04시,목요일,광주광역시 서구 화정동,경상사고,0,0,2,0,차대차 - 기타,신호위반,건조,맑음,교차로 - 교차로안,승용,여,55세,상해없음,승용,남,47세,경상
2013020700100088,2013년 2월 7일 06시,목요일,광주광역시 남구 주월동,중상사고,0,1,0,0,차대사람 - 횡단중,안전운전불이행,건조,맑음,단일로 - 기타,승용,남,63세,상해없음,보행자,남,16세,중상
2013020700100098,2013년 2월 7일 07시,목요일,광주광역시 북구 신안동,경상사고,0,0,1,0,차대사람 - 횡단중,보행자보호의무위반,건조,맑음,단일로 - 횡단보도상,승용,기타불명,기타불명,기타불명,보행자,여,47세,경상
2013020700100169,2013년 2월 7일 10시,목요일,광주광역시 광산구 월계동,경상사고,0,0,1,0,차대사람 - 기타,안전운전불이행,건조,맑음,교차로 - 교차로안,승용,남,22세,상해없음,보행자,여,21세,경상
2013020700100187,2013년 2월 7일 11시,목요일,광주광역시 남구 주월동,중상사고,0,1,2,0,차대사람 - 기타,안전운전불이행,건조,맑음,단일로 - 기타,승용,여,52세,상해없음,보행자,남,70세,중상
2013020700100199,2013년 2월 7일 12시,목요일,광주광역시 서구 치평동,중상사고,0,1,0,0,차대사람 - 차도통행중,보행자보호의무위반,건조,맑음,교차로 - 교차로안,승용,남,58세,상해없음,보행자,남,16세,중상
2013020700100200,2013년 2월 7일 12시,목요일,광주광역시 서구 화정동,중상사고,0,1,0,0,차대사람 - 횡단중,중앙선침범,건조,맑음,단일로 - 기타,승용,남,26세,상해없음,보행자,남,71세,중상
2013020700100201,2013년 2월 7일 12시,목요일,광주광역시 북구 운암동,경상사고,0,0,3,0,차량단독 - 기타,기타,건조,맑음,교차로 - 교차로부근,승용,남,52세,상해없음,,,,
2013020700100234,2013년 2월 7일 13시,목요일,광주광역시 서구 쌍촌동,중상사고,0,1,0,0,차대사람 - 횡단중,보행자보호의무위반,건조,흐림,단일로 - 횡단보도상,승용,남,33세,상해없음,보행자,여,37세,중상
2013020700100292,2013년 2월 7일 15시,목요일,광주광역시 동구 충장로4가,경상사고,0,0,1,0,차대사람 - 보도통행중,신호위반,건조,맑음,기타 - 기타,승용,여,45세,상해없음,보행자,남,69세,경상
2013020700100293,2013년 2월 7일 15시,목요일,광주광역시 서구 치평동,중상사고,0,1,0,0,차대사람 - 횡단중,보행자보호의무위반,건조,맑음,교차로 - 교차로부근,승용,여,48세,상해없음,보행자,여,35세,중상
2013020700100294,2013년 2월 7일 15시,목요일,광주광역시 북구 운암동,경상사고,0,0,5,0,차대차 - 측면직각충돌,안전운전불이행,건조,맑음,단일로 - 기타,승용,남,25세,경상,승합,남,74세,경상
2013020700100313,2013년 2월 7일 16시,목요일,광주광역시 서구 화정동,경상사고,0,0,1,0,차량단독 - 기타,기타,건조,맑음,단일로 - 기타,승합,남,55세,상해없음,,,,
2013020700100314,2013년 2월 7일 16시,목요일,광주광역시 광산구 우산동,부상신고사고,0,0,0,1,차대사람 - 횡단중,안전운전불이행,건조,맑음,단일로 - 기타,승용,기타불명,기타불명,기타불명,보행자,여,52세,부상신고
2013020700100381,2013년 2월 7일 18시,목요일,광주광역시 남구 월산동,경상사고,0,0,1,0,차대사람 - 기타,안전운전불이행,건조,맑음,기타 - 기타,이륜,여,44세,상해없음,보행자,남,41세,경상
2013020700100382,2013년 2월 7일 18시,목요일,광주광역시 북구 운암동,경상사고,0,0,2,0,차대차 - 기타,안전거리미확보,건조,맑음,단일로 - 기타,승용,남,49세,상해없음,승용,여,25세,경상
2013020700100422,2013년 2월 7일 19시,목요일,광주광역시 서구 농성동,경상사고,0,0,1,0,차대차 - 기타,중앙선침범,건조,맑음,교차로 - 교차로안,승용,남,52세,상해없음,자전거,여,55세,경상
2013020700100423,2013년 2월 7일 19시,목요일,광주광역시 북구 우산동,경상사고,0,0,3,0,차대차 - 추돌 - 진행중,안전운전불이행,건조,맑음,단일로 - 기타,승용,남,46세,상해없음,승용,남,59세,경상
2013020700100424,2013년 2월 7일 19시,목요일,광주광역시 북구 중흥동,경상사고,0,0,1,0,차대차 - 측면직각충돌,신호위반,건조,맑음,교차로 - 교차로안,승용,남,56세,상해없음,승용,남,65세,경상
2013020700100425,2013년 2월 7일 19시,목요일,광주광역시 북구 중흥동,부상신고사고,0,0,0,1,차대사람 - 차도통행중,안전운전불이행,건조,맑음,단일로 - 기타,승용,남,56세,상해없음,보행자,남,30세,부상신고
2013020700100453,2013년 2월 7일 20시,목요일,광주광역시 남구 진월동,경상사고,0,0,1,0,차대차 - 추돌 - 주정차중,안전거리미확보,건조,맑음,단일로 - 기타,승용,남,45세,기타불명,승용,남,42세,경상
2013020700100492,2013년 2월 7일 21시,목요일,광주광역시 서구 농성동,경상사고,0,0,1,0,차대차 - 추돌 - 진행중,안전거리미확보,건조,맑음,교차로 - 교차로부근,승용,남,42세,기타불명,승용,남,50세,경상
2013020700100527,2013년 2월 7일 22시,목요일,광주광역시 광산구 운남동,경상사고,0,0,1,0,차대차 - 측면직각충돌,신호위반,적설,눈,교차로 - 교차로부근,승용,여,49세,상해없음,원동기,남,18세,경상
2013020800100016,2013년 2월 8일 00시,금요일,광주광역시 동구 계림동,경상사고,0,0,3,0,차대차 - 측면직각충돌,교차로운행방법위반,건조,맑음,교차로 - 교차로안,이륜,남,41세,경상,승용,남,55세,경상
2013020800100017,2013년 2월 8일 00시,금요일,광주광역시 북구 오치동,부상신고사고,0,0,0,1,차대사람 - 차도통행중,안전운전불이행,건조,맑음,단일로 - 기타,승용,기타불명,기타불명,기타불명,보행자,남,20세,부상신고
2013020800100173,2013년 2월 8일 10시,금요일,광주광역시 광산구 월곡동,경상사고,0,0,2,0,차대차 - 추돌 - 주정차중,안전운전불이행,건조,맑음,교차로 - 교차로부근,승용,남,29세,상해없음,승용,여,56세,경상
2013020800100198,2013년 2월 8일 11시,금요일,광주광역시 서구 양동,중상사고,0,1,0,0,차대사람 - 횡단중,신호위반,건조,맑음,단일로 - 횡단보도상,승합,남,47세,상해없음,보행자,여,80세,중상
2013020800100220,2013년 2월 8일 12시,금요일,광주광역시 남구 행암동,경상사고,0,0,2,0,차대차 - 측면직각충돌,안전운전불이행,건조,맑음,단일로 - 기타,이륜,남,64세,경상,승용,여,34세,경상
2013020800100221,2013년 2월 8일 12시,금요일,광주광역시 남구 주월동,경상사고,0,0,1,0,차대차 - 측면직각충돌,교차로운행방법위반,건조,맑음,교차로 - 교차로안,승용,남,28세,상해없음,이륜,남,42세,경상
2013020800100253,2013년 2월 8일 13시,금요일,광주광역시 동구 금남로5가,경상사고,0,0,1,0,차대사람 - 횡단중,안전운전불이행,건조,맑음,단일로 - 기타,승용,여,56세,상해없음,보행자,남,53세,경상
2013020800100254,2013년 2월 8일 13시,금요일,광주광역시 광산구 오선동,경상사고,0,0,3,0,차대차 - 기타,안전운전불이행,건조,맑음,단일로 - 기타,건설기계,남,63세,상해없음,화물,남,43세,경상
2013020800100287,2013년 2월 8일 14시,금요일,광주광역시 북구 용봉동,경상사고,0,0,1,0,차대차 - 추돌 - 진행중,안전거리미확보,건조,맑음,단일로 - 기타,승용,남,49세,상해없음,승용,여,43세,경상
2013020800100288,2013년 2월 8일 14시,금요일,광주광역시 광산구 신촌동,경상사고,0,0,1,0,차량단독 - 공작물충돌,기타,건조,흐림,단일로 - 기타,승합,남,57세,상해없음,,,,
2013020800100343,2013년 2월 8일 16시,금요일,광주광역시 서구 금호동,경상사고,0,0,3,0,차대차 - 기타,교차로운행방법위반,건조,흐림,교차로 - 교차로안,승용,남,51세,상해없음,승용,남,59세,경상
2013020800100344,2013년 2월 8일 16시,금요일,광주광역시 서구 풍암동,경상사고,0,0,2,0,차대차 - 기타,교차로운행방법위반,건조,맑음,교차로 - 교차로안,승용,여,34세,상해없음,승용,여,42세,경상
2013020800100345,2013년 2월 8일 16시,금요일,광주광역시 북구 일곡동,경상사고,0,0,1,0,차대사람 - 기타,안전운전불이행,건조,맑음,단일로 - 기타,승용,여,59세,상해없음,보행자,남,43세,경상
2013020800100346,2013년 2월 8일 16시,금요일,광주광역시 북구 운암동,경상사고,0,0,2,0,차대차 - 측면직각충돌,안전운전불이행,건조,맑음,교차로 - 교차로부근,승용,남,24세,상해없음,화물,남,47세,경상
2013020800100378,2013년 2월 8일 17시,금요일,광주광역시 남구 백운동,경상사고,0,0,1,0,차대차 - 측면직각충돌,안전운전불이행,건조,맑음,단일로 - 기타,승용,남,62세,상해없음,승용,남,29세,경상
2013020800100379,2013년 2월 8일 17시,금요일,광주광역시 광산구 운남동,중상사고,0,1,0,0,차대차 - 추돌 - 주정차중,안전운전불이행,건조,맑음,단일로 - 기타,원동기,남,57세,중상,승용,여,35세,기타불명
2013020800100424,2013년 2월 8일 18시,금요일,광주광역시 서구 매월동,경상사고,0,0,1,0,차대차 - 추돌 - 진행중,안전운전불이행,건조,맑음,단일로 - 기타,승용,남,47세,상해없음,승합,남,31세,경상
2013020800100425,2013년 2월 8일 18시,금요일,광주광역시 광산구 신촌동,경상사고,0,0,1,0,차대차 - 추돌 - 주정차중,안전거리미확보,건조,맑음,단일로 - 기타,승용,여,23세,상해없음,승용,남,25세,경상
2013020800100426,2013년 2월 8일 18시,금요일,광주광역시 광산구 송정동,경상사고,0,0,2,0,차대차 - 측면직각충돌,안전거리미확보,건조,흐림,단일로 - 기타,승용,남,53세,경상,승용,남,46세,경상
2013020800100427,2013년 2월 8일 18시,금요일,광주광역시 광산구 송정동,경상사고,0,0,1,0,차대차 - 기타,안전운전불이행,건조,맑음,교차로 - 교차로부근,승용,남,48세,기타불명,승용,남,35세,경상
2013020800100473,2013년 2월 8일 19시,금요일,광주광역시 서구 광천동,경상사고,0,0,1,0,차대차 - 측면직각충돌,교차로운행방법위반,건조,맑음,교차로 - 교차로안,승용,남,45세,상해없음,승용,여,66세,경상
2013020800100511,2013년 2월 8일 20시,금요일,광주광역시 서구 금호동,경상사고,0,0,1,0,차대차 - 기타,안전운전불이행,건조,맑음,단일로 - 기타,승용,남,41세,상해없음,승용,남,21세,경상
2013020800100512,2013년 2월 8일 20시,금요일,광주광역시 북구 용봉동,경상사고,0,0,1,0,차대사람 - 횡단중,안전운전불이행,건조,맑음,단일로 - 기타,승용,남,25세,상해없음,보행자,여,45세,경상
2013020800100580,2013년 2월 8일 22시,금요일,광주광역시 광산구 수완동,경상사고,0,0,7,0,차대차 - 측면직각충돌,신호위반,건조,맑음,교차로 - 교차로안,승용,남,21세,경상,승합,남,47세,상해없음
2013020800100602,2013년 2월 8일 23시,금요일,광주광역시 북구 동림동,경상사고,0,0,2,0,차대차 - 추돌 - 진행중,안전거리미확보,건조,맑음,단일로 - 기타,승용,남,25세,경상,승용,남,34세,경상
2013020800100603,2013년 2월 8일 23시,금요일,광주광역시 광산구 신가동,경상사고,0,0,1,0,차대차 - 측면직각충돌,안전거리미확보,건조,맑음,단일로 - 기타,승용,여,28세,상해없음,승용,남,33세,경상
2013020800100604,2013년 2월 8일 23시,금요일,광주광역시 광산구 신가동,경상사고,0,0,2,0,차대차 - 측면직각충돌,신호위반,건조,맑음,교차로 - 교차로안,이륜,남,19세,경상,이륜,남,16세,경상
2013020900100020,2013년 2월 9일 00시,토요일,광주광역시 동구 대인동,경상사고,0,0,5,0,차대차 - 추돌 - 진행중,안전거리미확보,건조,맑음,단일로 - 기타,승용,남,62세,상해없음,승용,남,31세,경상
2013020900100021,2013년 2월 9일 00시,토요일,광주광역시 북구 용봉동,경상사고,0,0,1,0,차대사람 - 길가장자리구역통행중,안전운전불이행,건조,맑음,단일로 - 기타,화물,남,28세,상해없음,보행자,남,18세,경상
2013020900100022,2013년 2월 9일 00시,토요일,광주광역시 북구 풍향동,경상사고,0,0,2,0,차대차 - 추돌 - 진행중,안전운전불이행,건조,맑음,단일로 - 기타,승용,남,32세,상해없음,승용,남,61세,경상
2013020900100052,2013년 2월 9일 01시,토요일,광주광역시 남구 백운동,경상사고,0,0,2,0,차대차 - 추돌 - 주정차중,안전운전불이행,건조,맑음,단일로 - 기타,승용,남,54세,상해없음,승용,남,40세,경상
2013020900100071,2013년 2월 9일 02시,토요일,광주광역시 남구 진월동,중상사고,0,1,0,0,차대차 - 측면직각충돌,안전운전불이행,건조,맑음,교차로 - 교차로안,승용,남,50세,상해없음,원동기,남,19세,중상
2013020900100118,2013년 2월 9일 06시,토요일,광주광역시 북구 동림동,중상사고,0,1,0,0,차대차 - 측면직각충돌,중앙선침범,건조,맑음,단일로 - 기타,승용,남,64세,상해없음,승용,남,27세,중상
2013020900100124,2013년 2월 9일 07시,토요일,광주광역시 북구 용봉동,경상사고,0,0,3,0,차대차 - 측면직각충돌,안전운전불이행,건조,맑음,단일로 - 기타,승용,남,22세,상해없음,승용,남,43세,경상
2013020900100182,2013년 2월 9일 11시,토요일,광주광역시 북구 문흥동,경상사고,0,0,5,0,차대차 - 측면직각충돌,교차로운행방법위반,건조,맑음,교차로 - 교차로안,승용,남,52세,경상,승용,남,39세,경상
2013020900100201,2013년 2월 9일 12시,토요일,광주광역시 북구 중흥동,경상사고,0,0,1,0,차대차 - 측면직각충돌,교차로운행방법위반,건조,맑음,교차로 - 교차로안,승용,남,33세,상해없음,이륜,남,77세,경상
2013020900100234,2013년 2월 9일 14시,토요일,광주광역시 북구 신안동,경상사고,0,0,1,0,차대차 - 추돌 - 주정차중,안전운전불이행,건조,맑음,단일로 - 기타,승용,남,55세,상해없음,승합,남,45세,경상
2013020900100235,2013년 2월 9일 14시,토요일,광주광역시 광산구 우산동,경상사고,0,0,6,0,차대차 - 추돌 - 주정차중,안전거리미확보,건조,맑음,교차로 - 교차로부근,승용,남,45세,상해없음,승용,남,35세,경상
2013020900100273,2013년 2월 9일 16시,토요일,광주광역시 서구 화정동,경상사고,0,0,1,0,차대차 - 측면직각충돌,신호위반,건조,맑음,교차로 - 교차로안,승용,남,68세,상해없음,원동기,남,20세,경상
2013020900100274,2013년 2월 9일 16시,토요일,광주광역시 광산구 신창동,중상사고,0,1,0,0,차대사람 - 기타,안전운전불이행,건조,맑음,교차로 - 교차로안,승용,남,45세,상해없음,보행자,여,65세,중상
2013020900100289,2013년 2월 9일 17시,토요일,광주광역시 북구 중흥동,경상사고,0,0,1,0,차대차 - 추돌 - 진행중,안전운전불이행,건조,맑음,교차로 - 교차로부근,승합,남,41세,상해없음,승용,남,50세,경상
2013020900100290,2013년 2월 9일 17시,토요일,광주광역시 광산구 소촌동,경상사고,0,0,6,0,차대차 - 추돌 - 주정차중,안전운전불이행,건조,맑음,교차로 - 교차로부근,승용,남,49세,상해없음,승용,남,52세,경상
2013020900100291,2013년 2월 9일 17시,토요일,광주광역시 광산구 우산동,경상사고,0,0,1,0,차대차 - 측면직각충돌,교차로운행방법위반,건조,맑음,교차로 - 교차로안,승용,남,53세,상해없음,화물,남,54세,경상
2013020900100308,2013년 2월 9일 18시,토요일,광주광역시 북구 용봉동,중상사고,0,1,2,0,차대차 - 추돌 - 주정차중,안전운전불이행,건조,맑음,단일로 - 기타,승용,남,37세,상해없음,승용,남,24세,경상
2013020900100329,2013년 2월 9일 19시,토요일,광주광역시 서구 매월동,중상사고,0,1,2,0,차대차 - 측면직각충돌,신호위반,건조,맑음,교차로 - 교차로안,승용,남,41세,경상,화물,여,48세,경상
2013020900100330,2013년 2월 9일 19시,토요일,광주광역시 광산구 삼도동,경상사고,0,0,1,0,차대차 - 추돌 - 진행중,안전거리미확보,건조,맑음,단일로 - 기타,승합,남,66세,기타불명,승용,여,44세,상해없음
2013020900100377,2013년 2월 9일 22시,토요일,광주광역시 광산구 운남동,중상사고,0,1,0,0,차대차 - 측면직각충돌,불법유턴,건조,맑음,단일로 - 기타,승용,남,44세,상해없음,원동기,남,16세,중상
2013020900100378,2013년 2월 9일 22시,토요일,광주광역시 광산구 월계동,경상사고,0,0,1,0,차대차 - 추돌 - 주정차중,안전거리미확보,건조,맑음,교차로 - 교차로부근,승용,남,42세,기타불명,승용,여,30세,경상
2013021000100122,2013년 2월 10일 10시,일요일,광주광역시 북구 지야동,경상사고,0,0,1,0,차대차 - 정면충돌,중앙선침범,건조,맑음,단일로 - 기타,승용,남,51세,상해없음,승용,남,32세,경상
2013021000100123,2013년 2월 10일 10시,일요일,광주광역시 광산구 본덕동,경상사고,0,0,1,0,차대차 - 추돌 - 진행중,안전거리미확보,건조,맑음,교차로 - 교차로부근,승용,남,33세,상해없음,승용,남,32세,경상
2013021000100135,2013년 2월 10일 11시,일요일,광주광역시 북구 신안동,중상사고,0,1,2,0,차대차 - 측면직각충돌,신호위반,건조,맑음,교차로 - 교차로안,승용,남,30세,경상,승용,남,56세,경상
2013021000100136,2013년 2월 10일 11시,일요일,광주광역시 북구 임동,중상사고,0,2,0,0,차대차 - 측면직각충돌,중앙선침범,건조,맑음,단일로 - 기타,승용,남,44세,상해없음,승용,남,65세,중상
2013021000100174,2013년 2월 10일 13시,일요일,광주광역시 북구 운암동,경상사고,0,0,1,0,차대차 - 측면직각충돌,안전운전불이행,건조,맑음,단일로 - 기타,승용,남,75세,상해없음,승용,남,26세,경상
2013021000100221,2013년 2월 10일 15시,일요일,광주광역시 북구 풍향동,경상사고,0,0,1,0,차대차 - 추돌 - 주정차중,중앙선침범,건조,맑음,단일로 - 기타,승용,남,30세,상해없음,승용,남,27세,경상
2013021000100256,2013년 2월 10일 17시,일요일,광주광역시 북구 각화동,경상사고,0,0,2,0,차대차 - 추돌 - 진행중,안전운전불이행,건조,맑음,단일로 - 기타,승용,기타불명,기타불명,기타불명,승용,여,41세,경상
2013021000100257,2013년 2월 10일 17시,일요일,광주광역시 광산구 송정동,부상신고사고,0,0,0,1,차대사람 - 횡단중,보행자보호의무위반,건조,맑음,단일로 - 횡단보도상,기타불명,기타불명,기타불명,기타불명,보행자,남,35세,부상신고
2013021000100273,2013년 2월 10일 18시,일요일,광주광역시 남구 방림동,경상사고,0,0,5,0,차대차 - 측면직각충돌,교차로운행방법위반,건조,맑음,교차로 - 교차로안,승용,남,57세,경상,승용,남,40세,경상
2013021000100294,2013년 2월 10일 19시,일요일,광주광역시 광산구 우산동,경상사고,0,0,1,0,차대차 - 추돌 - 진행중,안전운전불이행,건조,맑음,단일로 - 기타,승용,여,43세,상해없음,승용,여,21세,상해없음
2013021000100329,2013년 2월 10일 21시,일요일,광주광역시 서구 쌍촌동,경상사고,0,0,3,0,차량단독 - 공작물충돌,안전운전불이행,건조,맑음,교차로 - 교차로부근,승용,남,44세,상해없음,,,,
2013021000100330,2013년 2월 10일 21시,일요일,광주광역시 광산구 수완동,경상사고,0,0,1,0,차대차 - 추돌 - 진행중,직진우회전진행방해,건조,맑음,교차로 - 교차로안,원동기,남,17세,경상,승용,남,49세,상해없음
2013021000100374,2013년 2월 10일 23시,일요일,광주광역시 광산구 신창동,중상사고,0,1,5,0,차대차 - 측면직각충돌,신호위반,건조,맑음,교차로 - 교차로안,승용,여,44세,경상,승용,남,43세,상해없음
2013021100100005,2013년 2월 11일 00시,월요일,광주광역시 동구 금동,경상사고,0,0,1,0,차대사람 - 길가장자리구역통행중,안전운전불이행,건조,흐림,단일로 - 기타,승용,남,18세,상해없음,보행자,남,30세,경상
2013021100100018,2013년 2월 11일 01시,월요일,광주광역시 북구 우산동,경상사고,0,0,1,0,차대사람 - 기타,안전운전불이행,건조,맑음,단일로 - 기타,승용,남,29세,상해없음,보행자,남,31세,경상
2013021100100019,2013년 2월 11일 01시,월요일,광주광역시 북구 양산동,중상사고,0,1,1,0,차대차 - 측면직각충돌,신호위반,건조,맑음,교차로 - 교차로안,승합,여,20세,상해없음,승용,남,29세,중상
2013021100100080,2013년 2월 11일 09시,월요일,광주광역시 서구 덕흥동,경상사고,0,0,2,0,차대차 - 추돌 - 진행중,안전거리미확보,건조,맑음,단일로 - 기타,승용,여,53세,기타불명,승용,여,39세,경상
2013021100100125,2013년 2월 11일 13시,월요일,광주광역시 북구 오치동,중상사고,0,1,1,0,차대차 - 측면직각충돌,신호위반,건조,맑음,교차로 - 교차로안,승용,남,33세,상해없음,승용,남,39세,중상
2013021100100142,2013년 2월 11일 14시,월요일,광주광역시 북구 두암동,중상사고,0,1,1,0,차대사람 - 횡단중,보행자보호의무위반,건조,맑음,교차로 - 교차로안,승용,남,55세,상해없음,보행자,여,14세,중상
2013021100100158,2013년 2월 11일 15시,월요일,광주광역시 북구 망월동,경상사고,0,0,2,0,차대차 - 추돌 - 진행중,안전거리미확보,건조,맑음,교차로 - 교차로부근,화물,남,45세,상해없음,승용,남,30세,경상
2013021100100173,2013년 2월 11일 16시,월요일,광주광역시 북구 신용동,경상사고,0,0,8,0,차대차 - 추돌 - 진행중,안전거리미확보,건조,맑음,단일로 - 기타,승용,남,28세,상해없음,승용,남,34세,경상
2013021100100190,2013년 2월 11일 17시,월요일,광주광역시 광산구 쌍암동,경상사고,0,0,1,0,차대차 - 측면직각충돌,교차로운행방법위반,건조,맑음,교차로 - 교차로안,승용,남,30세,경상,승용,기타불명,기타불명,기타불명
2013021100100204,2013년 2월 11일 18시,월요일,광주광역시 서구 치평동,경상사고,0,0,3,0,차대차 - 측면직각충돌,신호위반,건조,맑음,교차로 - 교차로안,승용,남,37세,상해없음,승용,남,30세,경상
2013021100100231,2013년 2월 11일 19시,월요일,광주광역시 광산구 운남동,경상사고,0,0,2,0,차대차 - 추돌 - 주정차중,안전운전불이행,건조,맑음,단일로 - 기타,승용,여,48세,상해없음,승합,남,47세,경상
2013021200100014,2013년 2월 12일 00시,화요일,광주광역시 서구 농성동,경상사고,0,0,1,0,차대차 - 측면직각충돌,신호위반,건조,맑음,교차로 - 교차로안,승용,남,27세,상해없음,승용,남,32세,경상
2013021200100015,2013년 2월 12일 00시,화요일,광주광역시 서구 쌍촌동,경상사고,0,0,6,0,차대차 - 기타,차로위반,건조,맑음,교차로 - 교차로부근,승용,남,35세,상해없음,승용,남,20세,경상
2013021200100038,2013년 2월 12일 02시,화요일,광주광역시 서구 농성동,경상사고,0,0,1,0,차대차 - 기타,안전운전불이행,건조,맑음,교차로 - 교차로부근,승용,남,38세,상해없음,승용,남,27세,경상
2013021200100039,2013년 2월 12일 02시,화요일,광주광역시 남구 구동,경상사고,0,0,1,0,차대차 - 측면직각충돌,신호위반,건조,맑음,교차로 - 교차로안,승용,남,29세,상해없음,승용,남,66세,경상
2013021200100079,2013년 2월 12일 07시,화요일,광주광역시 북구 운암동,경상사고,0,0,1,0,차대차 - 추돌 - 진행중,안전운전불이행,건조,맑음,단일로 - 기타,승용,남,59세,상해없음,승용,남,52세,경상
2013021200100164,2013년 2월 12일 12시,화요일,광주광역시 북구 중흥동,경상사고,0,0,1,0,차대차 - 기타,안전운전불이행,건조,맑음,단일로 - 기타,승용,남,55세,상해없음,승용,남,34세,상해없음
2013021200100165,2013년 2월 12일 12시,화요일,광주광역시 광산구 신가동,경상사고,0,0,1,0,차량단독 - 기타,안전운전불이행,결빙,흐림,단일로 - 기타,승용,남,47세,경상,,,,
2013021200100202,2013년 2월 12일 13시,화요일,광주광역시 동구 산수동,경상사고,0,0,1,0,차대사람 - 길가장자리구역통행중,안전운전불이행,습기,흐림,교차로 - 교차로안,승용,남,58세,상해없음,보행자,여,72세,경상
2013021200100231,2013년 2월 12일 14시,화요일,광주광역시 동구 산수동,경상사고,0,0,1,0,차대사람 - 길가장자리구역통행중,안전운전불이행,습기,눈,단일로 - 기타,승용,남,71세,상해없음,보행자,여,32세,경상
2013021200100232,2013년 2월 12일 14시,화요일,광주광역시 서구 매월동,경상사고,0,0,2,0,차대차 - 측면직각충돌,안전거리미확보,건조,맑음,단일로 - 기타,승용,남,42세,상해없음,화물,남,50세,상해없음
2013021200100233,2013년 2월 12일 14시,화요일,광주광역시 북구 임동,중상사고,0,1,0,1,차대차 - 정면충돌,중앙선침범,습기,흐림,단일로 - 기타,승용,여,57세,부상신고,승용,여,38세,중상
2013021200100257,2013년 2월 12일 15시,화요일,광주광역시 서구 쌍촌동,경상사고,0,0,1,0,차대차 - 측면직각충돌,안전운전불이행,건조,맑음,단일로 - 기타,승용,여,58세,상해없음,승용,여,32세,경상
2013021200100347,2013년 2월 12일 18시,화요일,광주광역시 서구 치평동,경상사고,0,0,1,0,차대차 - 기타,안전운전불이행,건조,맑음,단일로 - 기타,승용,남,59세,상해없음,승용,여,41세,경상
2013021200100348,2013년 2월 12일 18시,화요일,광주광역시 북구 중흥동,경상사고,0,0,1,0,차대사람 - 횡단중,안전운전불이행,건조,맑음,교차로 - 교차로안,승용,남,60세,상해없음,보행자,남,64세,경상
2013021200100378,2013년 2월 12일 19시,화요일,광주광역시 광산구 삼거동,사망사고,1,0,0,0,차대사람 - 차도통행중,안전운전불이행,건조,기타,단일로 - 기타,승용,남,37세,상해없음,보행자,여,51세,사망
2013021200100403,2013년 2월 12일 20시,화요일,광주광역시 광산구 송정동,경상사고,0,0,1,0,차대차 - 측면직각충돌,안전운전불이행,건조,맑음,단일로 - 기타,승용,남,53세,상해없음,원동기,남,49세,경상
2013021200100429,2013년 2월 12일 21시,화요일,광주광역시 남구 주월동,경상사고,0,0,2,0,차대차 - 측면직각충돌,차로위반,건조,맑음,단일로 - 기타,승용,여,44세,상해없음,승용,남,37세,경상
2013021200100430,2013년 2월 12일 21시,화요일,광주광역시 북구 두암동,경상사고,0,0,2,0,차대차 - 추돌 - 주정차중,안전거리미확보,건조,맑음,단일로 - 기타,승용,남,51세,상해없음,승합,남,49세,상해없음
2013021200100455,2013년 2월 12일 22시,화요일,광주광역시 서구 치평동,중상사고,0,1,0,0,차대차 - 측면직각충돌,안전거리미확보,건조,맑음,단일로 - 기타,승용,남,30세,상해없음,이륜,남,28세,중상
2013021200100456,2013년 2월 12일 22시,화요일,광주광역시 북구 우산동,경상사고,0,0,1,0,차대차 - 추돌 - 진행중,안전거리미확보,건조,맑음,단일로 - 기타,기타불명,기타불명,기타불명,기타불명,이륜,남,41세,경상
2013021200100480,2013년 2월 12일 23시,화요일,광주광역시 서구 쌍촌동,경상사고,0,0,3,0,차대차 - 측면직각충돌,교차로운행방법위반,건조,흐림,교차로 - 교차로안,승용,남,53세,경상,승용,남,27세,경상