사고번호,사고일시,요일,시군구,사고내용,사망자수,중상자수,경상자수,부상신고자수,사고유형,법규위반,노면상태,기상상태,도로형태,가해운전자 차종,가해운전자 성별,가해운전자 연령,가해운전자 상해정도,피해운전자 차종,피해운전자 성별,피해운전자 연령,피해운전자 상해정도
2013021200100481,2013년 2월 12일 23시,화요일,광주광역시 광산구 수완동,경상사고,0,0,1,0,차대차 - 추돌 - 주정차중,안전거리미확보,건조,맑음,교차로 - 교차로부근,승용,남,58세,상해없음,승용,남,26세,경상
2013021300100044,2013년 2월 13일 03시,수요일,광주광역시 북구 동림동,사망사고,1,0,0,0,차대차 - 추돌 - 진행중,안전운전불이행,건조,맑음,교차로 - 교차로부근,승용,남,47세,상해없음,승용,여,54세,사망
2013021300100127,2013년 2월 13일 08시,수요일,광주광역시 북구 신안동,경상사고,0,0,5,0,차대차 - 추돌 - 진행중,안전운전불이행,건조,맑음,단일로 - 기타,승용,남,35세,경상,승용,남,43세,경상
2013021300100128,2013년 2월 13일 08시,수요일,광주광역시 북구 신안동,경상사고,0,0,2,0,차대차 - 추돌 - 진행중,안전거리미확보,건조,맑음,단일로 - 기타,승용,남,45세,상해없음,승용,여,36세,경상
2013021300100129,2013년 2월 13일 08시,수요일,광주광역시 광산구 월계동,경상사고,0,0,2,0,차대차 - 측면직각충돌,교차로운행방법위반,건조,맑음,교차로 - 교차로안,화물,남,28세,상해없음,승용,남,58세,경상
2013021300100154,2013년 2월 13일 09시,수요일,광주광역시 동구 금남로4가,중상사고,0,1,0,0,차대사람 - 횡단중,안전운전불이행,건조,맑음,단일로 - 기타,승용,남,48세,상해없음,보행자,여,76세,중상
2013021300100155,2013년 2월 13일 09시,수요일,광주광역시 동구 대인동,경상사고,0,0,1,0,차대차 - 측면직각충돌,신호위반,건조,맑음,교차로 - 교차로안,승용,남,31세,상해없음,승용,남,48세,경상
2013021300100156,2013년 2월 13일 09시,수요일,광주광역시 서구 화정동,경상사고,0,0,2,0,차대차 - 기타,중앙선침범,습기,맑음,교차로 - 교차로부근,승용,남,22세,상해없음,승용,남,52세,경상
2013021300100157,2013년 2월 13일 09시,수요일,광주광역시 남구 송하동,중상사고,0,1,0,0,차대차 - 추돌 - 주정차중,안전운전불이행,결빙,맑음,단일로 - 기타,승용,남,21세,중상,승용,여,46세,기타불명
2013021300100158,2013년 2월 13일 09시,수요일,광주광역시 광산구 월계동,경상사고,0,0,2,0,차대차 - 기타,안전거리미확보,건조,맑음,단일로 - 기타,승용,남,47세,상해없음,승용,여,47세,경상
2013021300100175,2013년 2월 13일 10시,수요일,광주광역시 서구 유촌동,경상사고,0,0,3,0,차대차 - 측면직각충돌,안전거리미확보,건조,맑음,교차로 - 교차로부근,승용,남,53세,상해없음,승용,남,53세,경상
2013021300100176,2013년 2월 13일 10시,수요일,광주광역시 북구 신안동,경상사고,0,0,1,0,차대차 - 측면직각충돌,안전거리미확보,건조,맑음,단일로 - 기타,화물,남,49세,상해없음,승합,남,63세,상해없음
2013021300100177,2013년 2월 13일 10시,수요일,광주광역시 북구 양산동,경상사고,0,0,2,1,차대차 - 측면직각충돌,교차로운행방법위반,건조,맑음,교차로 - 교차로안,승용,남,25세,경상,승용,남,30세,경상
2013021300100195,2013년 2월 13일 11시,수요일,광주광역시 동구 대인동,경상사고,0,0,1,0,차대사람 - 횡단중,안전운전불이행,건조,맑음,교차로 - 교차로부근,승용,남,55세,상해없음,보행자,여,58세,경상
2013021300100196,2013년 2월 13일 11시,수요일,광주광역시 북구 운암동,경상사고,0,0,1,0,차대차 - 추돌 - 진행중,안전운전불이행,건조,맑음,미분류 - 미분류,승용,남,20세,상해없음,승용,여,35세,경상
2013021300100210,2013년 2월 13일 12시,수요일,광주광역시 남구 진월동,경상사고,0,0,2,0,차대차 - 기타,신호위반,건조,맑음,교차로 - 교차로안,승용,남,62세,경상,승용,남,29세,경상
2013021300100211,2013년 2월 13일 12시,수요일,광주광역시 남구 주월동,경상사고,0,0,1,0,차대사람 - 기타,기타,건조,맑음,단일로 - 기타,승합,남,51세,상해없음,보행자,여,72세,경상
2013021300100237,2013년 2월 13일 13시,수요일,광주광역시 서구 쌍촌동,경상사고,0,0,2,0,차대차 - 기타,안전운전불이행,건조,맑음,교차로 - 교차로안,승용,여,23세,경상,승용,여,43세,경상
2013021300100262,2013년 2월 13일 14시,수요일,광주광역시 북구 두암동,중상사고,0,1,0,0,차대사람 - 횡단중,보행자보호의무위반,건조,맑음,단일로 - 기타,승용,남,55세,상해없음,보행자,남,9세,중상
2013021300100263,2013년 2월 13일 14시,수요일,광주광역시 북구 용봉동,중상사고,0,1,0,0,차대차 - 측면직각충돌,교차로운행방법위반,건조,맑음,교차로 - 교차로안,승용,남,26세,상해없음,이륜,남,27세,중상
2013021300100296,2013년 2월 13일 15시,수요일,광주광역시 남구 주월동,부상신고사고,0,0,0,1,차대차 - 추돌 - 주정차중,안전운전불이행,건조,맑음,단일로 - 기타,이륜,남,76세,부상신고,승용,남,53세,상해없음
2013021300100324,2013년 2월 13일 16시,수요일,광주광역시 광산구 양동,경상사고,0,0,2,0,차대차 - 추돌 - 진행중,안전거리미확보,건조,맑음,단일로 - 기타,화물,남,39세,상해없음,승합,남,46세,상해없음
2013021300100325,2013년 2월 13일 16시,수요일,광주광역시 북구 문흥동,경상사고,0,0,1,0,차대사람 - 기타,안전운전불이행,건조,맑음,교차로 - 교차로안,자전거,남,43세,상해없음,보행자,여,71세,경상
2013021300100326,2013년 2월 13일 16시,수요일,광주광역시 북구 두암동,중상사고,0,1,0,0,차대사람 - 횡단중,신호위반,건조,맑음,교차로 - 교차로안,건설기계,남,63세,상해없음,보행자,남,67세,중상
2013021300100341,2013년 2월 13일 17시,수요일,광주광역시 서구 광천동,경상사고,0,0,3,0,차대차 - 추돌 - 진행중,중앙선침범,건조,맑음,단일로 - 기타,승용,남,24세,상해없음,승용,남,32세,상해없음
2013021300100385,2013년 2월 13일 18시,수요일,광주광역시 동구 계림동,경상사고,0,0,1,0,차대차 - 추돌 - 주정차중,안전운전불이행,건조,맑음,교차로 - 교차로부근,승용,남,58세,상해없음,승용,남,44세,경상
2013021300100420,2013년 2월 13일 19시,수요일,광주광역시 북구 용봉동,경상사고,0,0,1,0,차대차 - 측면직각충돌,안전운전불이행,건조,맑음,단일로 - 기타,승용,남,51세,상해없음,승용,남,26세,경상
2013021300100504,2013년 2월 13일 22시,수요일,광주광역시 서구 화정동,경상사고,0,0,3,0,차대차 - 기타,안전거리미확보,건조,맑음,교차로 - 교차로부근,승용,남,58세,상해없음,승용,남,55세,경상
2013021400100016,2013년 2월 14일 00시,목요일,광주광역시 동구 금남로5가,경상사고,0,0,1,0,차대차 - 추돌 - 진행중,안전운전불이행,건조,맑음,단일로 - 기타,승용,남,18세,상해없음,승용,남,45세,경상
2013021400100061,2013년 2월 14일 05시,목요일,광주광역시 서구 쌍촌동,중상사고,0,1,0,0,차대사람 - 횡단중,안전운전불이행,건조,맑음,단일로 - 횡단보도상,승용,남,63세,상해없음,보행자,여,63세,중상
2013021400100108,2013년 2월 14일 08시,목요일,광주광역시 서구 광천동,경상사고,0,0,2,0,차대차 - 추돌 - 주정차중,안전운전불이행,건조,맑음,교차로 - 교차로부근,승용,남,31세,상해없음,승용,남,51세,경상
2013021400100131,2013년 2월 14일 09시,목요일,광주광역시 남구 백운동,중상사고,0,1,0,0,차대사람 - 차도통행중,안전운전불이행,건조,맑음,기타 - 기타,승용,남,61세,상해없음,보행자,남,74세,중상
2013021400100132,2013년 2월 14일 09시,목요일,광주광역시 광산구 송정동,경상사고,0,0,8,0,차대차 - 추돌 - 진행중,직진우회전진행방해,건조,맑음,교차로 - 교차로안,승합,남,60세,경상,승합,여,35세,경상
2013021400100165,2013년 2월 14일 11시,목요일,광주광역시 광산구 수완동,경상사고,0,0,2,0,차대차 - 기타,안전운전불이행,건조,맑음,단일로 - 기타,승용,여,50세,상해없음,승용,남,34세,경상
2013021400100193,2013년 2월 14일 12시,목요일,광주광역시 서구 쌍촌동,경상사고,0,0,1,0,차대사람 - 길가장자리구역통행중,안전운전불이행,건조,맑음,단일로 - 기타,승용,여,41세,상해없음,보행자,여,64세,경상
2013021400100194,2013년 2월 14일 12시,목요일,광주광역시 남구 봉선동,경상사고,0,0,2,0,차대차 - 측면직각충돌,교차로운행방법위반,건조,맑음,교차로 - 교차로안,화물,남,54세,경상,승용,여,57세,경상
2013021400100218,2013년 2월 14일 13시,목요일,광주광역시 동구 불로동,경상사고,0,0,1,0,차대사람 - 길가장자리구역통행중,안전운전불이행,건조,맑음,기타 - 기타,승용,남,38세,상해없음,보행자,남,61세,경상
2013021400100244,2013년 2월 14일 14시,목요일,광주광역시 동구 학동,경상사고,0,0,2,0,차대차 - 추돌 - 진행중,안전운전불이행,건조,맑음,교차로 - 교차로안,승용,남,29세,상해없음,화물,남,70세,경상
2013021400100245,2013년 2월 14일 14시,목요일,광주광역시 광산구 월곡동,경상사고,0,0,1,0,차대차 - 기타,신호위반,건조,맑음,교차로 - 교차로안,승용,남,50세,상해없음,이륜,남,37세,경상
2013021400100315,2013년 2월 14일 17시,목요일,광주광역시 동구 광산동,경상사고,0,0,1,0,차대사람 - 기타,안전운전불이행,건조,맑음,기타 - 기타,승합,남,56세,상해없음,보행자,여,66세,경상
2013021400100316,2013년 2월 14일 17시,목요일,광주광역시 광산구 우산동,경상사고,0,0,1,0,차대사람 - 횡단중,안전운전불이행,건조,맑음,단일로 - 기타,승용,여,55세,기타불명,보행자,여,47세,경상
2013021400100344,2013년 2월 14일 18시,목요일,광주광역시 동구 수기동,경상사고,0,0,1,0,차대차 - 측면직각충돌,신호위반,건조,맑음,교차로 - 교차로부근,화물,남,42세,상해없음,자전거,남,37세,경상
2013021400100345,2013년 2월 14일 18시,목요일,광주광역시 서구 치평동,중상사고,0,1,1,0,차대차 - 기타,안전거리미확보,건조,맑음,교차로 - 교차로부근,승용,여,35세,상해없음,승용,남,52세,중상
2013021400100346,2013년 2월 14일 18시,목요일,광주광역시 서구 치평동,경상사고,0,0,1,0,차대차 - 측면직각충돌,안전운전불이행,건조,맑음,교차로 - 교차로안,화물,남,37세,상해없음,승용,여,23세,경상
2013021400100436,2013년 2월 14일 21시,목요일,광주광역시 광산구 산정동,경상사고,0,0,1,0,차대사람 - 횡단중,보행자보호의무위반,건조,맑음,단일로 - 횡단보도상,승용,남,67세,상해없음,보행자,여,13세,경상
2013021400100469,2013년 2월 14일 22시,목요일,광주광역시 북구 두암동,경상사고,0,0,1,0,차대차 - 측면직각충돌,안전운전불이행,건조,맑음,교차로 - 교차로안,이륜,남,18세,경상,승용,남,53세,상해없음
2013021400100496,2013년 2월 14일 23시,목요일,광주광역시 광산구 쌍암동,경상사고,0,0,4,0,차대차 - 기타,불법유턴,건조,맑음,단일로 - 기타,승용,남,26세,상해없음,승용,남,22세,경상
2013021500100015,2013년 2월 15일 00시,금요일,광주광역시 서구 치평동,중상사고,0,1,3,0,차대차 - 측면직각충돌,신호위반,건조,맑음,교차로 - 교차로부근,화물,남,34세,경상,승용,남,49세,중상
2013021500100016,2013년 2월 15일 00시,금요일,광주광역시 남구 봉선동,중상사고,0,1,0,0,차대차 - 측면직각충돌,교차로운행방법위반,건조,맑음,교차로 - 교차로안,승용,여,19세,상해없음,이륜,남,34세,중상
2013021500100060,2013년 2월 15일 03시,금요일,광주광역시 남구 월산동,경상사고,0,0,1,0,차대차 - 측면직각충돌,신호위반,건조,맑음,교차로 - 교차로안,화물,남,33세,상해없음,승용,남,33세,경상
2013021500100088,2013년 2월 15일 06시,금요일,광주광역시 서구 화정동,경상사고,0,0,1,0,차대사람 - 횡단중,안전운전불이행,건조,맑음,교차로 - 교차로부근,승용,남,61세,상해없음,보행자,남,18세,경상
2013021500100137,2013년 2월 15일 08시,금요일,광주광역시 동구 대인동,중상사고,0,1,0,0,차대사람 - 보도통행중,보행자보호의무위반,건조,맑음,교차로 - 교차로안,승용,남,27세,상해없음,보행자,남,70세,중상
2013021500100138,2013년 2월 15일 08시,금요일,광주광역시 동구 수기동,경상사고,0,0,3,0,차대차 - 측면직각충돌,신호위반,건조,맑음,교차로 - 교차로안,승용,여,44세,경상,승용,남,50세,경상
2013021500100139,2013년 2월 15일 08시,금요일,광주광역시 서구 풍암동,중상사고,0,1,0,0,차대사람 - 횡단중,안전운전불이행,건조,맑음,교차로 - 교차로안,승용,남,29세,상해없음,보행자,남,73세,중상
2013021500100140,2013년 2월 15일 08시,금요일,광주광역시 북구 두암동,경상사고,0,0,2,0,차대차 - 측면직각충돌,교차로운행방법위반,건조,맑음,교차로 - 교차로안,승용,남,53세,경상,승용,여,51세,경상
2013021500100166,2013년 2월 15일 09시,금요일,광주광역시 광산구 신창동,경상사고,0,0,1,0,차대차 - 추돌 - 진행중,안전거리미확보,건조,맑음,교차로 - 교차로부근,건설기계,남,53세,상해없음,승용,남,41세,경상
2013021500100211,2013년 2월 15일 11시,금요일,광주광역시 광산구 신가동,경상사고,0,0,2,0,차대차 - 추돌 - 진행중,교차로운행방법위반,건조,맑음,교차로 - 교차로안,승용,남,48세,상해없음,승용,남,57세,상해없음
2013021500100229,2013년 2월 15일 12시,금요일,광주광역시 서구 금호동,경상사고,0,0,1,0,차대차 - 측면직각충돌,교차로운행방법위반,건조,맑음,교차로 - 교차로안,승용,남,22세,상해없음,승용,남,39세,경상
2013021500100258,2013년 2월 15일 13시,금요일,광주광역시 북구 용봉동,경상사고,0,0,1,0,차대사람 - 기타,기타,건조,맑음,교차로 - 교차로부근,승용,남,21세,상해없음,보행자,여,42세,경상
2013021500100288,2013년 2월 15일 14시,금요일,광주광역시 남구 진월동,경상사고,0,0,2,0,차대차 - 기타,불법유턴,건조,맑음,기타 - 기타,승용,남,64세,상해없음,승용,남,20세,경상
2013021500100311,2013년 2월 15일 15시,금요일,광주광역시 동구 대의동,중상사고,0,1,0,0,차대사람 - 기타,안전운전불이행,건조,맑음,기타 - 기타,승용,남,21세,상해없음,보행자,여,67세,중상
2013021500100339,2013년 2월 15일 16시,금요일,광주광역시 서구 치평동,경상사고,0,0,2,0,차대차 - 측면직각충돌,안전운전불이행,건조,맑음,교차로 - 교차로부근,승용,남,65세,경상,승용,남,28세,경상
2013021500100340,2013년 2월 15일 16시,금요일,광주광역시 서구 금호동,경상사고,0,0,1,0,차대사람 - 기타,안전운전불이행,건조,맑음,단일로 - 기타,화물,남,32세,상해없음,보행자,여,50세,경상
2013021500100368,2013년 2월 15일 17시,금요일,광주광역시 서구 치평동,경상사고,0,0,3,0,차대차 - 측면직각충돌,교차로운행방법위반,건조,맑음,교차로 - 교차로안,승용,여,54세,경상,승용,여,52세,경상
2013021500100369,2013년 2월 15일 17시,금요일,광주광역시 남구 사동,경상사고,0,0,2,0,차대차 - 측면직각충돌,교차로운행방법위반,건조,맑음,교차로 - 교차로안,승용,남,53세,상해없음,승용,남,27세,경상
2013021500100400,2013년 2월 15일 18시,금요일,광주광역시 서구 금호동,경상사고,0,0,1,0,차대사람 - 기타,안전운전불이행,건조,맑음,단일로 - 기타,이륜,남,26세,상해없음,보행자,남,57세,경상
2013021500100440,2013년 2월 15일 20시,금요일,광주광역시 동구 학동,경상사고,0,0,1,0,차대차 - 정면충돌,신호위반,건조,맑음,교차로 - 교차로부근,자전거,남,64세,경상,승용,여,38세,상해없음
2013021500100441,2013년 2월 15일 20시,금요일,광주광역시 서구 화정동,경상사고,0,0,1,0,차대차 - 측면직각충돌,안전거리미확보,건조,맑음,단일로 - 기타,승용,여,51세,상해없음,승용,여,42세,경상
2013021500100442,2013년 2월 15일 20시,금요일,광주광역시 서구 농성동,중상사고,0,1,1,0,차대차 - 측면직각충돌,안전운전불이행,건조,맑음,단일로 - 기타,승용,남,54세,상해없음,승용,남,63세,중상
2013021500100482,2013년 2월 15일 21시,금요일,광주광역시 북구 용두동,경상사고,0,0,1,0,차대차 - 측면직각충돌,신호위반,건조,맑음,교차로 - 교차로안,승용,여,44세,상해없음,승용,남,54세,경상
2013021500100483,2013년 2월 15일 21시,금요일,광주광역시 북구 운암동,경상사고,0,0,1,0,차대차 - 측면직각충돌,안전거리미확보,건조,맑음,단일로 - 기타,승용,남,45세,상해없음,이륜,남,17세,경상
2013021500100511,2013년 2월 15일 22시,금요일,광주광역시 서구 쌍촌동,경상사고,0,0,1,0,차대차 - 추돌 - 진행중,안전운전불이행,건조,맑음,단일로 - 기타,승용,기타불명,기타불명,기타불명,승용,남,43세,경상
2013021500100512,2013년 2월 15일 22시,금요일,광주광역시 광산구 우산동,경상사고,0,0,1,0,차대사람 - 기타,안전운전불이행,건조,맑음,단일로 - 기타,승용,남,48세,기타불명,보행자,남,19세,경상
2013021600100024,2013년 2월 16일 00시,토요일,광주광역시 남구 양림동,경상사고,0,0,1,0,차대차 - 측면직각충돌,신호위반,건조,맑음,교차로 - 교차로안,승용,남,37세,상해없음,원동기,남,29세,경상
2013021600100025,2013년 2월 16일 00시,토요일,광주광역시 광산구 신가동,경상사고,0,0,4,0,차대차 - 추돌 - 진행중,안전운전불이행,건조,맑음,교차로 - 교차로부근,승용,남,29세,경상,승용,남,61세,경상
2013021600100046,2013년 2월 16일 01시,토요일,광주광역시 서구 금호동,경상사고,0,0,1,0,차대사람 - 차도통행중,안전운전불이행,건조,맑음,단일로 - 기타,승용,남,32세,상해없음,보행자,남,44세,경상
2013021600100047,2013년 2월 16일 01시,토요일,광주광역시 광산구 우산동,경상사고,0,0,1,0,차대차 - 추돌 - 진행중,안전거리미확보,건조,맑음,교차로 - 교차로부근,승용,남,40세,상해없음,승용,남,40세,경상
2013021600100058,2013년 2월 16일 02시,토요일,광주광역시 북구 용봉동,경상사고,0,0,1,0,차량단독 - 공작물충돌,안전운전불이행,건조,맑음,단일로 - 기타,승용,남,53세,상해없음,,,,
2013021600100096,2013년 2월 16일 05시,토요일,광주광역시 서구 풍암동,경상사고,0,0,1,0,차량단독 - 공작물충돌,안전운전불이행,건조,맑음,교차로 - 교차로부근,승용,남,29세,경상,,,,
2013021600100114,2013년 2월 16일 06시,토요일,광주광역시 남구 봉선동,중상사고,0,1,0,0,차대사람 - 기타,안전운전불이행,건조,맑음,단일로 - 기타,승용,남,35세,상해없음,보행자,여,72세,중상
2013021600100115,2013년 2월 16일 06시,토요일,광주광역시 북구 임동,경상사고,0,0,4,0,차대차 - 측면직각충돌,신호위반,건조,맑음,교차로 - 교차로안,승용,남,60세,경상,승용,남,60세,경상
2013021600100243,2013년 2월 16일 12시,토요일,광주광역시 광산구 월전동,경상사고,0,0,1,0,차대차 - 측면직각충돌,안전운전불이행,건조,맑음,단일로 - 기타,자전거,여,74세,경상,승용,남,48세,상해없음
2013021600100270,2013년 2월 16일 13시,토요일,광주광역시 서구 농성동,경상사고,0,0,2,0,차대차 - 기타,중앙선침범,건조,맑음,기타 - 기타,승용,남,68세,경상,원동기,남,19세,경상
2013021600100294,2013년 2월 16일 14시,토요일,광주광역시 광산구 신촌동,경상사고,0,0,1,0,차대차 - 추돌 - 진행중,안전거리미확보,건조,맑음,단일로 - 기타,승합,남,54세,상해없음,승용,여,40세,경상
2013021600100386,2013년 2월 16일 18시,토요일,광주광역시 북구 북동,경상사고,0,0,1,0,차대차 - 측면직각충돌,안전운전불이행,건조,맑음,단일로 - 기타,승용,남,41세,상해없음,승용,남,48세,경상
2013021600100410,2013년 2월 16일 19시,토요일,광주광역시 서구 화정동,경상사고,0,0,2,0,차대차 - 기타,교차로운행방법위반,건조,맑음,교차로 - 교차로안,승합,남,50세,상해없음,승용,남,55세,경상
2013021600100411,2013년 2월 16일 19시,토요일,광주광역시 북구 중흥동,중상사고,0,1,0,0,차대사람 - 횡단중,안전운전불이행,건조,맑음,단일로 - 기타,승용,남,57세,상해없음,보행자,남,70세,중상
2013021600100455,2013년 2월 16일 21시,토요일,광주광역시 동구 학동,경상사고,0,0,3,0,차대차 - 추돌 - 진행중,안전거리미확보,건조,기타,교차로 - 교차로안,승합,남,47세,상해없음,승용,여,29세,경상
2013021600100494,2013년 2월 16일 23시,토요일,광주광역시 동구 소태동,중상사고,0,1,0,0,차대차 - 기타,안전운전불이행,건조,기타,단일로 - 기타,승용,남,58세,상해없음,승용,남,25세,기타불명
2013021600100495,2013년 2월 16일 23시,토요일,광주광역시 동구 소태동,부상신고사고,0,0,0,1,차량단독 - 전도전복,안전운전불이행,건조,맑음,단일로 - 터널,승용,남,25세,부상신고,,,,
2013021600100496,2013년 2월 16일 23시,토요일,광주광역시 광산구 신가동,경상사고,0,0,1,0,차대차 - 추돌 - 주정차중,안전운전불이행,건조,맑음,단일로 - 기타,승용,여,25세,상해없음,승용,남,35세,경상
2013021700100011,2013년 2월 17일 00시,일요일,광주광역시 서구 치평동,경상사고,0,0,3,0,차대차 - 추돌 - 주정차중,교차로운행방법위반,건조,맑음,교차로 - 교차로안,승용,남,35세,상해없음,승용,남,34세,경상
2013021700100036,2013년 2월 17일 02시,일요일,광주광역시 광산구 쌍암동,경상사고,0,0,2,0,차대차 - 추돌 - 주정차중,안전운전불이행,건조,맑음,교차로 - 교차로부근,승용,남,23세,상해없음,승용,남,21세,경상
2013021700100119,2013년 2월 17일 10시,일요일,광주광역시 북구 신안동,경상사고,0,0,1,0,차대차 - 측면직각충돌,교차로운행방법위반,건조,맑음,교차로 - 교차로안,승용,남,26세,상해없음,승용,남,27세,경상
2013021700100194,2013년 2월 17일 14시,일요일,광주광역시 동구 대인동,경상사고,0,0,1,0,차대사람 - 횡단중,보행자보호의무위반,습기,비,단일로 - 횡단보도상,승용,남,72세,상해없음,보행자,여,16세,경상
2013021700100213,2013년 2월 17일 15시,일요일,광주광역시 북구 풍향동,경상사고,0,0,1,0,차대차 - 측면직각충돌,안전거리미확보,건조,맑음,단일로 - 기타,이륜,남,40세,상해없음,승용,남,34세,경상
2013021700100235,2013년 2월 17일 16시,일요일,광주광역시 남구 월산동,경상사고,0,0,1,0,차대차 - 추돌 - 진행중,교차로운행방법위반,건조,맑음,교차로 - 교차로안,승용,여,23세,상해없음,화물,남,45세,상해없음
2013021700100236,2013년 2월 17일 16시,일요일,광주광역시 광산구 신가동,부상신고사고,0,0,0,1,차대차 - 추돌 - 주정차중,교차로운행방법위반,습기,비,교차로 - 교차로안,승용,남,29세,기타불명,원동기,남,25세,부상신고
2013021700100249,2013년 2월 17일 17시,일요일,광주광역시 동구 산수동,경상사고,0,0,2,0,차대차 - 측면직각충돌,신호위반,습기,비,교차로 - 교차로안,승용,남,55세,경상,승용,남,60세,경상
2013021700100268,2013년 2월 17일 18시,일요일,광주광역시 북구 임동,경상사고,0,0,1,0,차대사람 - 횡단중,안전운전불이행,습기,비,교차로 - 교차로부근,승용,남,38세,상해없음,보행자,남,72세,경상
2013021700100292,2013년 2월 17일 19시,일요일,광주광역시 서구 화정동,경상사고,0,0,6,0,차대차 - 추돌 - 주정차중,안전거리미확보,건조,맑음,단일로 - 기타,승합,남,47세,상해없음,승용,남,45세,경상
2013021700100309,2013년 2월 17일 20시,일요일,광주광역시 광산구 비아동,경상사고,0,0,1,0,차대차 - 기타,교차로운행방법위반,건조,맑음,교차로 - 교차로안,승용,남,41세,상해없음,원동기,남,29세,경상
2013021700100341,2013년 2월 17일 21시,일요일,광주광역시 서구 화정동,경상사고,0,0,1,0,차대차 - 측면직각충돌,안전운전불이행,습기,비,교차로 - 교차로안,승용,남,54세,상해없음,승용,남,23세,경상
2013021700100359,2013년 2월 17일 22시,일요일,광주광역시 서구 쌍촌동,경상사고,0,0,1,0,차대차 - 추돌 - 주정차중,안전운전불이행,습기,비,단일로 - 기타,승용,남,35세,상해없음,승용,남,63세,경상
2013021700100360,2013년 2월 17일 22시,일요일,광주광역시 광산구 신가동,경상사고,0,0,1,0,차대사람 - 보도통행중,신호위반,습기,비,교차로 - 교차로안,승용,여,35세,상해없음,보행자,여,17세,경상
2013021700100384,2013년 2월 17일 23시,일요일,광주광역시 광산구 옥동,경상사고,0,0,4,0,차대차 - 측면직각충돌,중앙선침범,건조,맑음,단일로 - 기타,승용,남,36세,경상,승용,남,41세,경상
2013021800100022,2013년 2월 18일 01시,월요일,광주광역시 서구 서창동,중상사고,0,1,0,0,차량단독 - 공작물충돌,안전운전불이행,습기,흐림,교차로 - 교차로안,승용,남,31세,중상,,,,
2013021800100023,2013년 2월 18일 01시,월요일,광주광역시 북구 임동,경상사고,0,0,3,0,차대차 - 기타,신호위반,건조,맑음,교차로 - 교차로안,승용,남,58세,상해없음,승용,남,31세,경상
2013021800100031,2013년 2월 18일 02시,월요일,광주광역시 서구 농성동,부상신고사고,0,0,0,1,차대차 - 측면직각충돌,안전운전불이행,건조,맑음,기타 - 기타,기타불명,기타불명,기타불명,기타불명,원동기,남,40세,부상신고
2013021800100032,2013년 2월 18일 02시,월요일,광주광역시 북구 매곡동,중상사고,0,1,7,0,차대차 - 측면직각충돌,안전거리미확보,습기,비,교차로 - 교차로부근,승용,남,59세,상해없음,승용,남,20세,경상
2013021800100037,2013년 2월 18일 04시,월요일,광주광역시 북구 운암동,중상사고,0,1,0,0,차대차 - 추돌 - 주정차중,안전운전불이행,건조,맑음,단일로 - 기타,원동기,남,36세,중상,승용,남,23세,상해없음
2013021800100064,2013년 2월 18일 06시,월요일,광주광역시 서구 유촌동,경상사고,0,0,4,0,차대차 - 측면직각충돌,안전운전불이행,건조,맑음,단일로 - 기타,승용,여,51세,경상,승용,남,60세,경상
2013021800100075,2013년 2월 18일 07시,월요일,광주광역시 남구 백운동,경상사고,0,0,2,0,차대차 - 추돌 - 주정차중,안전운전불이행,건조,맑음,단일로 - 기타,승용,남,31세,상해없음,승용,남,35세,경상
2013021800100093,2013년 2월 18일 08시,월요일,광주광역시 북구 운암동,경상사고,0,0,1,0,차대차 - 측면직각충돌,안전거리미확보,건조,맑음,단일로 - 기타,승합,남,50세,상해없음,승용,남,50세,상해없음
2013021800100118,2013년 2월 18일 09시,월요일,광주광역시 서구 금호동,사망사고,1,0,0,0,차대사람 - 횡단중,안전운전불이행,건조,맑음,단일로 - 기타,승용,여,48세,상해없음,보행자,여,71세,사망
2013021800100119,2013년 2월 18일 09시,월요일,광주광역시 남구 주월동,경상사고,0,0,2,0,차대차 - 정면충돌,교차로운행방법위반,건조,맑음,교차로 - 교차로안,승용,남,38세,경상,승용,남,53세,경상
2013021800100239,2013년 2월 18일 14시,월요일,광주광역시 광산구 서봉동,중상사고,0,1,0,0,차대사람 - 기타,안전운전불이행,건조,맑음,교차로 - 교차로부근,승용,남,47세,상해없음,보행자,여,25세,중상
2013021800100261,2013년 2월 18일 15시,월요일,광주광역시 서구 화정동,중상사고,0,1,0,0,차대사람 - 기타,안전운전불이행,건조,맑음,기타 - 기타,화물,남,58세,상해없음,보행자,남,3세,중상
2013021800100262,2013년 2월 18일 15시,월요일,광주광역시 북구 운암동,경상사고,0,0,1,0,차대차 - 추돌 - 진행중,안전운전불이행,건조,맑음,단일로 - 기타,승합,남,41세,상해없음,승용,여,41세,상해없음
2013021800100335,2013년 2월 18일 18시,월요일,광주광역시 남구 진월동,경상사고,0,0,1,0,차대차 - 기타,신호위반,건조,맑음,교차로 - 교차로안,승용,여,35세,상해없음,승용,남,64세,상해없음
2013021800100366,2013년 2월 18일 19시,월요일,광주광역시 남구 방림동,경상사고,0,0,5,0,차대차 - 기타,안전거리미확보,건조,맑음,단일로 - 기타,승용,남,56세,상해없음,승용,남,32세,경상