사고번호,사고일시,요일,시군구,사고내용,사망자수,중상자수,경상자수,부상신고자수,사고유형,법규위반,노면상태,기상상태,도로형태,가해운전자 차종,가해운전자 성별,가해운전자 연령,가해운전자 상해정도,피해운전자 차종,피해운전자 성별,피해운전자 연령,피해운전자 상해정도
2013021800100367,2013년 2월 18일 19시,월요일,광주광역시 남구 주월동,경상사고,0,0,1,0,차대차 - 기타,안전운전불이행,건조,맑음,단일로 - 기타,승용,여,26세,상해없음,승용,남,46세,경상
2013021800100393,2013년 2월 18일 20시,월요일,광주광역시 북구 두암동,경상사고,0,0,1,0,차대차 - 추돌 - 진행중,안전운전불이행,건조,맑음,단일로 - 기타,승용,남,51세,상해없음,승용,여,40세,경상
2013021800100428,2013년 2월 18일 21시,월요일,광주광역시 남구 백운동,경상사고,0,0,1,0,차대차 - 추돌 - 주정차중,안전운전불이행,건조,맑음,기타 - 기타,승용,남,40세,상해없음,승용,남,30세,경상
2013021800100429,2013년 2월 18일 21시,월요일,광주광역시 북구 운암동,경상사고,0,0,1,0,차대차 - 측면직각충돌,안전거리미확보,건조,맑음,단일로 - 기타,승용,남,56세,상해없음,승용,여,38세,상해없음
2013021800100463,2013년 2월 18일 22시,월요일,광주광역시 동구 학동,경상사고,0,0,1,0,차대차 - 기타,안전운전불이행,건조,맑음,기타 - 기타,승용,남,43세,상해없음,승용,남,47세,경상
2013021800100464,2013년 2월 18일 22시,월요일,광주광역시 서구 치평동,경상사고,0,0,2,0,차대차 - 추돌 - 진행중,안전거리미확보,건조,맑음,교차로 - 교차로안,승용,남,47세,상해없음,승용,여,60세,경상
2013021800100465,2013년 2월 18일 22시,월요일,광주광역시 광산구 송정동,중상사고,0,1,2,0,차대차 - 측면직각충돌,안전운전불이행,건조,맑음,단일로 - 기타,원동기,남,14세,경상,승용,남,26세,상해없음
2013021800100466,2013년 2월 18일 22시,월요일,광주광역시 광산구 신촌동,경상사고,0,0,1,0,차대차 - 추돌 - 진행중,안전거리미확보,건조,맑음,교차로 - 교차로안,승용,남,40세,상해없음,승용,남,31세,경상
2013021800100498,2013년 2월 18일 23시,월요일,광주광역시 남구 방림동,중상사고,0,2,0,0,차대차 - 기타,교차로운행방법위반,건조,맑음,교차로 - 교차로안,승용,남,51세,상해없음,원동기,남,56세,중상
2013021800100499,2013년 2월 18일 23시,월요일,광주광역시 광산구 수완동,경상사고,0,0,1,0,차대차 - 추돌 - 진행중,안전운전불이행,건조,맑음,단일로 - 기타,승용,남,48세,상해없음,승용,남,51세,경상
2013021900100017,2013년 2월 19일 00시,화요일,광주광역시 북구 동림동,경상사고,0,0,2,0,차대차 - 추돌 - 진행중,안전운전불이행,건조,맑음,단일로 - 기타,승용,남,52세,상해없음,승용,남,31세,경상
2013021900100044,2013년 2월 19일 02시,화요일,광주광역시 남구 백운동,경상사고,0,0,1,0,차대사람 - 차도통행중,안전운전불이행,건조,맑음,단일로 - 기타,승용,남,47세,상해없음,보행자,남,46세,경상
2013021900100091,2013년 2월 19일 07시,화요일,광주광역시 광산구 장덕동,경상사고,0,0,2,0,차대차 - 측면직각충돌,안전운전불이행,건조,맑음,교차로 - 교차로안,승용,여,56세,상해없음,승용,남,44세,경상
2013021900100144,2013년 2월 19일 10시,화요일,광주광역시 서구 화정동,경상사고,0,0,1,0,차대차 - 측면직각충돌,교차로운행방법위반,건조,맑음,교차로 - 교차로안,승용,남,43세,상해없음,승용,여,35세,경상
2013021900100170,2013년 2월 19일 11시,화요일,광주광역시 동구 지산동,경상사고,0,0,1,0,차대사람 - 횡단중,안전운전불이행,건조,맑음,단일로 - 기타,승용,남,36세,상해없음,보행자,여,52세,경상
2013021900100171,2013년 2월 19일 11시,화요일,광주광역시 남구 양과동,중상사고,0,3,16,0,차대차 - 측면직각충돌,신호위반,건조,맑음,교차로 - 교차로안,승합,남,50세,상해없음,승용,남,55세,중상
2013021900100190,2013년 2월 19일 12시,화요일,광주광역시 남구 진월동,중상사고,0,1,0,0,차대사람 - 횡단중,보행자보호의무위반,건조,맑음,단일로 - 횡단보도상,승용,남,35세,상해없음,보행자,여,50세,중상
2013021900100191,2013년 2월 19일 12시,화요일,광주광역시 남구 송하동,경상사고,0,0,1,0,차대차 - 기타,안전운전불이행,건조,맑음,단일로 - 기타,승용,여,60세,상해없음,승용,남,23세,경상
2013021900100223,2013년 2월 19일 13시,화요일,광주광역시 동구 수기동,경상사고,0,0,2,0,차대차 - 측면직각충돌,교차로운행방법위반,건조,맑음,교차로 - 교차로안,승용,남,27세,상해없음,승용,남,30세,경상
2013021900100224,2013년 2월 19일 13시,화요일,광주광역시 북구 우산동,경상사고,0,0,1,0,차대차 - 측면직각충돌,안전운전불이행,건조,맑음,단일로 - 기타,기타불명,기타불명,기타불명,기타불명,이륜,남,29세,경상
2013021900100247,2013년 2월 19일 14시,화요일,광주광역시 남구 진월동,경상사고,0,0,2,0,차대차 - 측면직각충돌,교차로운행방법위반,건조,맑음,교차로 - 교차로안,승용,여,21세,상해없음,승용,남,22세,경상
2013021900100248,2013년 2월 19일 14시,화요일,광주광역시 북구 오치동,중상사고,0,1,0,0,차대차 - 측면직각충돌,교차로운행방법위반,건조,맑음,교차로 - 교차로안,승합,남,54세,상해없음,승용,남,62세,상해없음
2013021900100298,2013년 2월 19일 16시,화요일,광주광역시 서구 화정동,경상사고,0,0,1,0,차대차 - 측면직각충돌,신호위반,건조,맑음,교차로 - 교차로안,승용,여,42세,상해없음,승용,남,30세,경상
2013021900100330,2013년 2월 19일 17시,화요일,광주광역시 광산구 송정동,경상사고,0,0,2,0,차대차 - 추돌 - 진행중,안전운전불이행,건조,맑음,단일로 - 기타,승용,여,43세,상해없음,승용,남,31세,경상
2013021900100363,2013년 2월 19일 18시,화요일,광주광역시 남구 주월동,경상사고,0,0,1,0,차대차 - 측면직각충돌,교차로운행방법위반,건조,맑음,교차로 - 교차로안,승용,여,46세,상해없음,승용,남,52세,상해없음
2013021900100364,2013년 2월 19일 18시,화요일,광주광역시 광산구 신촌동,경상사고,0,0,3,0,차대차 - 기타,안전거리미확보,건조,맑음,단일로 - 기타,승용,남,25세,상해없음,승용,남,57세,경상
2013021900100388,2013년 2월 19일 19시,화요일,광주광역시 서구 광천동,경상사고,0,0,3,0,차대차 - 측면직각충돌,안전운전불이행,건조,맑음,교차로 - 교차로안,승합,남,51세,상해없음,승용,남,60세,경상
2013021900100389,2013년 2월 19일 19시,화요일,광주광역시 북구 양산동,경상사고,0,0,3,0,차대차 - 측면직각충돌,중앙선침범,건조,맑음,단일로 - 기타,승용,남,71세,상해없음,승용,남,39세,경상
2013021900100424,2013년 2월 19일 20시,화요일,광주광역시 광산구 우산동,경상사고,0,0,1,0,차대사람 - 차도통행중,교차로운행방법위반,건조,맑음,교차로 - 교차로안,승용,남,26세,상해없음,보행자,남,43세,경상
2013021900100447,2013년 2월 19일 21시,화요일,광주광역시 동구 산수동,경상사고,0,0,1,0,차대차 - 측면직각충돌,안전거리미확보,건조,맑음,기타 - 기타,승용,남,40세,상해없음,이륜,남,19세,경상
2013021900100448,2013년 2월 19일 21시,화요일,광주광역시 동구 학동,경상사고,0,0,1,0,차대차 - 추돌 - 주정차중,안전운전불이행,건조,맑음,교차로 - 교차로부근,승용,남,60세,상해없음,승용,여,44세,경상
2013021900100449,2013년 2월 19일 21시,화요일,광주광역시 서구 쌍촌동,경상사고,0,0,2,0,차대차 - 추돌 - 진행중,안전거리미확보,건조,기타,교차로 - 교차로부근,승용,남,46세,상해없음,승용,남,33세,경상
2013021900100450,2013년 2월 19일 21시,화요일,광주광역시 북구 신용동,경상사고,0,0,1,0,차대차 - 측면직각충돌,신호위반,건조,맑음,교차로 - 교차로안,승용,남,52세,상해없음,승용,남,29세,경상
2013021900100478,2013년 2월 19일 22시,화요일,광주광역시 남구 진월동,경상사고,0,0,1,0,차대차 - 측면직각충돌,교차로운행방법위반,건조,맑음,교차로 - 교차로안,화물,남,66세,상해없음,승용,여,47세,경상
2013021900100479,2013년 2월 19일 22시,화요일,광주광역시 남구 주월동,경상사고,0,0,1,0,차대차 - 측면직각충돌,신호위반,건조,맑음,교차로 - 교차로안,승용,남,56세,상해없음,승용,남,59세,경상
2013021900100499,2013년 2월 19일 23시,화요일,광주광역시 광산구 신가동,중상사고,0,1,3,0,차대차 - 측면직각충돌,신호위반,건조,맑음,교차로 - 교차로안,승용,여,42세,경상,승용,남,51세,경상
2013022000100066,2013년 2월 20일 05시,수요일,광주광역시 서구 쌍촌동,경상사고,0,0,1,0,차대차 - 측면직각충돌,중앙선침범,건조,맑음,단일로 - 기타,승용,남,39세,상해없음,승용,남,37세,경상
2013022000100067,2013년 2월 20일 05시,수요일,광주광역시 광산구 산정동,중상사고,0,1,0,0,차대사람 - 보도통행중,신호위반,건조,맑음,단일로 - 횡단보도상,승합,남,29세,상해없음,보행자,여,74세,중상
2013022000100115,2013년 2월 20일 08시,수요일,광주광역시 서구 쌍촌동,경상사고,0,0,2,0,차대차 - 측면직각충돌,교차로운행방법위반,건조,맑음,교차로 - 교차로안,승용,여,31세,상해없음,승용,여,44세,경상
2013022000100116,2013년 2월 20일 08시,수요일,광주광역시 북구 문흥동,경상사고,0,0,1,0,차대차 - 기타,안전운전불이행,건조,맑음,교차로 - 교차로안,승용,남,49세,상해없음,승용,남,41세,경상
2013022000100148,2013년 2월 20일 09시,수요일,광주광역시 동구 계림동,경상사고,0,0,2,0,차량단독 - 기타,안전운전불이행,건조,맑음,단일로 - 기타,승합,남,48세,상해없음,,,,
2013022000100149,2013년 2월 20일 09시,수요일,광주광역시 북구 풍향동,중상사고,0,1,0,0,차대사람 - 횡단중,보행자보호의무위반,건조,맑음,단일로 - 횡단보도상,화물,남,45세,상해없음,보행자,여,65세,중상
2013022000100207,2013년 2월 20일 12시,수요일,광주광역시 북구 각화동,부상신고사고,0,0,0,3,차대차 - 측면직각충돌,신호위반,건조,맑음,교차로 - 교차로안,승용,남,52세,부상신고,승용,남,38세,상해없음
2013022000100273,2013년 2월 20일 15시,수요일,광주광역시 서구 광천동,경상사고,0,0,1,0,차대차 - 기타,안전운전불이행,건조,맑음,교차로 - 교차로부근,승용,남,72세,상해없음,원동기,남,19세,경상
2013022000100295,2013년 2월 20일 16시,수요일,광주광역시 남구 지석동,부상신고사고,0,0,0,1,차대차 - 기타,안전운전불이행,건조,맑음,교차로 - 교차로안,승용,남,65세,상해없음,자전거,여,7세,부상신고
2013022000100296,2013년 2월 20일 16시,수요일,광주광역시 북구 중흥동,경상사고,0,0,2,0,차대차 - 측면직각충돌,교차로운행방법위반,건조,맑음,교차로 - 교차로안,승용,남,54세,상해없음,승용,여,52세,경상
2013022000100297,2013년 2월 20일 16시,수요일,광주광역시 광산구 안청동,경상사고,0,0,1,0,차대차 - 정면충돌,중앙선침범,건조,맑음,단일로 - 기타,화물,남,55세,상해없음,화물,남,35세,경상
2013022000100321,2013년 2월 20일 17시,수요일,광주광역시 남구 주월동,경상사고,0,0,1,0,차대차 - 기타,기타,건조,맑음,단일로 - 기타,승용,남,56세,상해없음,자전거,여,51세,경상
2013022000100370,2013년 2월 20일 19시,수요일,광주광역시 서구 금호동,경상사고,0,0,1,0,차대사람 - 횡단중,안전운전불이행,건조,맑음,단일로 - 기타,승용,남,44세,상해없음,보행자,여,18세,경상
2013022000100371,2013년 2월 20일 19시,수요일,광주광역시 북구 중흥동,경상사고,0,0,1,0,차대차 - 추돌 - 주정차중,안전운전불이행,건조,맑음,교차로 - 교차로부근,승용,남,55세,상해없음,승용,남,34세,경상
2013022000100372,2013년 2월 20일 19시,수요일,광주광역시 북구 북동,부상신고사고,0,0,0,1,차대차 - 측면직각충돌,안전운전불이행,건조,맑음,교차로 - 교차로안,승용,남,40세,부상신고,승용,남,26세,상해없음
2013022000100373,2013년 2월 20일 19시,수요일,광주광역시 광산구 신가동,경상사고,0,0,1,0,차대차 - 추돌 - 주정차중,안전운전불이행,건조,맑음,교차로 - 교차로부근,승용,남,47세,상해없음,승용,남,56세,경상
2013022000100396,2013년 2월 20일 20시,수요일,광주광역시 동구 서석동,경상사고,0,0,1,0,차대차 - 추돌 - 주정차중,안전거리미확보,건조,맑음,교차로 - 교차로부근,승용,남,23세,상해없음,승용,여,34세,경상
2013022000100397,2013년 2월 20일 20시,수요일,광주광역시 서구 풍암동,경상사고,0,0,1,0,차대차 - 측면직각충돌,안전운전불이행,건조,맑음,교차로 - 교차로안,승용,남,37세,상해없음,이륜,남,17세,경상
2013022000100398,2013년 2월 20일 20시,수요일,광주광역시 서구 농성동,경상사고,0,0,1,0,차대차 - 기타,차로위반,건조,맑음,단일로 - 기타,승용,남,38세,상해없음,승합,남,64세,경상
2013022000100421,2013년 2월 20일 21시,수요일,광주광역시 서구 화정동,경상사고,0,0,2,0,차대차 - 기타,신호위반,건조,맑음,교차로 - 교차로안,승용,남,55세,상해없음,승용,남,49세,경상
2013022000100445,2013년 2월 20일 22시,수요일,광주광역시 광산구 월계동,중상사고,0,1,1,0,차대차 - 추돌 - 진행중,안전운전불이행,건조,맑음,단일로 - 기타,승용,남,37세,상해없음,승용,여,48세,경상
2013022000100463,2013년 2월 20일 23시,수요일,광주광역시 광산구 산정동,경상사고,0,0,1,0,차대차 - 추돌 - 주정차중,안전운전불이행,건조,맑음,단일로 - 기타,승용,남,27세,상해없음,승용,남,47세,경상
2013022100100048,2013년 2월 21일 02시,목요일,광주광역시 서구 금호동,경상사고,0,0,1,0,차대차 - 측면직각충돌,신호위반,건조,맑음,교차로 - 교차로안,화물,남,52세,상해없음,승용,남,50세,경상
2013022100100124,2013년 2월 21일 08시,목요일,광주광역시 동구 산수동,경상사고,0,0,3,0,차대차 - 추돌 - 주정차중,안전운전불이행,건조,맑음,단일로 - 기타,승용,남,33세,상해없음,승용,남,61세,경상
2013022100100125,2013년 2월 21일 08시,목요일,광주광역시 북구 임동,중상사고,0,1,0,0,차대차 - 측면직각충돌,신호위반,건조,맑음,교차로 - 교차로부근,화물,남,34세,상해없음,자전거,남,38세,중상
2013022100100126,2013년 2월 21일 08시,목요일,광주광역시 북구 운암동,경상사고,0,0,1,0,차대차 - 추돌 - 주정차중,안전운전불이행,건조,맑음,교차로 - 교차로부근,기타불명,기타불명,기타불명,기타불명,승합,남,52세,경상
2013022100100184,2013년 2월 21일 10시,목요일,광주광역시 북구 우산동,경상사고,0,0,1,0,차대차 - 기타,교차로운행방법위반,건조,맑음,교차로 - 교차로안,승용,남,58세,기타불명,화물,남,21세,기타불명
2013022100100209,2013년 2월 21일 11시,목요일,광주광역시 광산구 송정동,중상사고,0,1,0,0,차대차 - 기타,안전거리미확보,건조,맑음,단일로 - 기타,원동기,남,57세,중상,승합,남,63세,상해없음
2013022100100230,2013년 2월 21일 12시,목요일,광주광역시 북구 용두동,경상사고,0,0,1,0,차대차 - 측면직각충돌,안전운전불이행,건조,맑음,교차로 - 교차로안,승용,남,70세,상해없음,승용,남,23세,경상
2013022100100266,2013년 2월 21일 14시,목요일,광주광역시 북구 중흥동,경상사고,0,0,1,0,차대차 - 측면직각충돌,안전운전불이행,건조,맑음,단일로 - 기타,승용,남,43세,상해없음,자전거,남,12세,경상
2013022100100286,2013년 2월 21일 15시,목요일,광주광역시 서구 광천동,경상사고,0,0,1,0,차대사람 - 기타,안전운전불이행,건조,맑음,단일로 - 기타,승용,남,47세,상해없음,보행자,여,37세,경상
2013022100100287,2013년 2월 21일 15시,목요일,광주광역시 서구 쌍촌동,경상사고,0,0,4,0,차대차 - 기타,교차로운행방법위반,건조,맑음,교차로 - 교차로안,승용,남,55세,경상,승용,남,34세,경상
2013022100100288,2013년 2월 21일 15시,목요일,광주광역시 광산구 수완동,경상사고,0,0,1,0,차대사람 - 기타,안전운전불이행,건조,맑음,단일로 - 기타,승용,남,42세,상해없음,보행자,여,6세,경상
2013022100100322,2013년 2월 21일 16시,목요일,광주광역시 남구 방림동,경상사고,0,0,1,0,차대사람 - 차도통행중,안전운전불이행,건조,맑음,단일로 - 기타,승용,남,49세,상해없음,보행자,남,34세,경상
2013022100100323,2013년 2월 21일 16시,목요일,광주광역시 광산구 소촌동,경상사고,0,0,2,0,차대차 - 측면직각충돌,안전운전불이행,건조,맑음,단일로 - 기타,원동기,남,28세,상해없음,승용,여,46세,경상
2013022100100352,2013년 2월 21일 17시,목요일,광주광역시 서구 동천동,경상사고,0,0,1,0,차대사람 - 기타,안전운전불이행,건조,맑음,단일로 - 기타,기타불명,기타불명,기타불명,기타불명,보행자,남,12세,경상
2013022100100353,2013년 2월 21일 17시,목요일,광주광역시 북구 오치동,경상사고,0,0,1,0,차대차 - 기타,교차로운행방법위반,건조,맑음,교차로 - 교차로안,승용,남,44세,상해없음,승용,여,51세,경상
2013022100100376,2013년 2월 21일 18시,목요일,광주광역시 남구 송하동,중상사고,0,1,5,0,차대차 - 추돌 - 진행중,안전운전불이행,건조,맑음,단일로 - 기타,승용,남,62세,중상,화물,남,47세,경상
2013022100100377,2013년 2월 21일 18시,목요일,광주광역시 북구 용봉동,경상사고,0,0,1,0,차대차 - 기타,안전운전불이행,건조,맑음,단일로 - 기타,승용,여,50세,상해없음,승용,남,28세,경상
2013022100100412,2013년 2월 21일 19시,목요일,광주광역시 광산구 월곡동,중상사고,0,1,0,0,차대사람 - 횡단중,안전운전불이행,건조,맑음,단일로 - 기타,이륜,남,15세,상해없음,보행자,여,81세,중상
2013022100100413,2013년 2월 21일 19시,목요일,광주광역시 광산구 신창동,경상사고,0,0,1,0,차대차 - 기타,안전거리미확보,건조,맑음,단일로 - 기타,승용,여,34세,상해없음,승합,남,61세,경상
2013022100100441,2013년 2월 21일 20시,목요일,광주광역시 광산구 용봉동,경상사고,0,0,1,0,차대차 - 기타,안전운전불이행,건조,맑음,교차로 - 교차로부근,승용,여,50세,상해없음,승용,여,34세,경상
2013022100100466,2013년 2월 21일 21시,목요일,광주광역시 남구 사동,중상사고,0,1,0,0,차대사람 - 횡단중,안전운전불이행,건조,맑음,교차로 - 교차로부근,승용,여,53세,상해없음,보행자,남,47세,중상
2013022100100467,2013년 2월 21일 21시,목요일,광주광역시 북구 두암동,경상사고,0,0,1,0,차대사람 - 길가장자리구역통행중,안전운전불이행,건조,맑음,단일로 - 기타,승용,남,42세,상해없음,보행자,남,17세,경상
2013022100100484,2013년 2월 21일 22시,목요일,광주광역시 동구 산수동,중상사고,0,1,0,0,차대차 - 정면충돌,중앙선침범,건조,맑음,교차로 - 교차로부근,승용,남,47세,상해없음,이륜,남,33세,중상
2013022100100485,2013년 2월 21일 22시,목요일,광주광역시 동구 남동,경상사고,0,0,1,0,차대사람 - 횡단중,중앙선침범,건조,맑음,단일로 - 기타,승용,남,36세,상해없음,보행자,남,27세,경상
2013022100100486,2013년 2월 21일 22시,목요일,광주광역시 서구 쌍촌동,경상사고,0,0,1,0,차대차 - 기타,중앙선침범,건조,맑음,기타 - 기타,승용,여,20세,상해없음,승용,남,42세,상해없음
2013022100100487,2013년 2월 21일 22시,목요일,광주광역시 광산구 산월동,경상사고,0,0,1,0,차대차 - 기타,교차로운행방법위반,건조,맑음,교차로 - 교차로안,승용,여,47세,상해없음,승용,남,49세,경상
2013022100100519,2013년 2월 21일 23시,목요일,광주광역시 남구 월산동,경상사고,0,0,2,0,차대차 - 추돌 - 주정차중,안전운전불이행,건조,맑음,교차로 - 교차로부근,승용,남,39세,상해없음,승용,남,29세,경상
2013022100100520,2013년 2월 21일 23시,목요일,광주광역시 광산구 신가동,중상사고,0,1,0,0,차대차 - 측면직각충돌,차로위반,건조,맑음,교차로 - 교차로부근,승용,남,33세,상해없음,화물,남,23세,중상
2013022200100038,2013년 2월 22일 01시,금요일,광주광역시 북구 동림동,경상사고,0,0,3,0,차대차 - 측면직각충돌,신호위반,건조,맑음,교차로 - 교차로안,승용,남,24세,상해없음,승용,남,62세,경상
2013022200100147,2013년 2월 22일 08시,금요일,광주광역시 서구 금호동,중상사고,0,3,11,0,차대차 - 추돌 - 주정차중,안전거리미확보,건조,맑음,단일로 - 기타,승합,남,40세,상해없음,화물,남,35세,경상
2013022200100148,2013년 2월 22일 08시,금요일,광주광역시 북구 본촌동,경상사고,0,0,1,0,차대차 - 정면충돌,신호위반,건조,맑음,교차로 - 교차로안,승용,남,42세,상해없음,승용,남,31세,경상
2013022200100149,2013년 2월 22일 08시,금요일,광주광역시 광산구 신촌동,경상사고,0,0,2,0,차대차 - 추돌 - 진행중,안전거리미확보,건조,맑음,교차로 - 교차로부근,승용,남,50세,경상,승용,남,52세,상해없음
2013022200100150,2013년 2월 22일 08시,금요일,광주광역시 광산구 옥동,경상사고,0,0,4,0,차대차 - 정면충돌,중앙선침범,건조,맑음,단일로 - 기타,화물,남,26세,상해없음,승용,남,28세,경상
2013022200100151,2013년 2월 22일 08시,금요일,광주광역시 광산구 쌍암동,경상사고,0,0,2,0,차대차 - 측면직각충돌,안전운전불이행,건조,맑음,단일로 - 기타,승용,여,30세,경상,승용,여,31세,경상
2013022200100182,2013년 2월 22일 09시,금요일,광주광역시 북구 운암동,경상사고,0,0,3,0,차대차 - 추돌 - 주정차중,안전거리미확보,건조,맑음,단일로 - 기타,승용,남,38세,상해없음,승용,남,68세,경상
2013022200100183,2013년 2월 22일 09시,금요일,광주광역시 광산구 신촌동,경상사고,0,0,2,0,차대차 - 측면직각충돌,신호위반,건조,맑음,교차로 - 교차로안,승용,남,66세,경상,승용,여,28세,경상
2013022200100260,2013년 2월 22일 12시,금요일,광주광역시 동구 황금동,경상사고,0,0,1,0,차대사람 - 기타,신호위반,건조,맑음,기타 - 기타,승용,남,30세,상해없음,보행자,남,81세,경상
2013022200100283,2013년 2월 22일 13시,금요일,광주광역시 동구 대인동,중상사고,0,1,0,0,차대사람 - 기타,안전운전불이행,건조,맑음,기타 - 기타,승용,남,25세,상해없음,보행자,여,76세,중상
2013022200100284,2013년 2월 22일 13시,금요일,광주광역시 광산구 월계동,경상사고,0,0,2,0,차대차 - 추돌 - 주정차중,안전거리미확보,건조,맑음,교차로 - 교차로안,승용,남,22세,경상,승용,남,46세,경상
2013022200100371,2013년 2월 22일 16시,금요일,광주광역시 광산구 장록동,경상사고,0,0,2,0,차대차 - 측면직각충돌,교차로운행방법위반,건조,맑음,교차로 - 교차로안,승용,남,27세,경상,승용,여,37세,경상
2013022200100427,2013년 2월 22일 18시,금요일,광주광역시 북구 두암동,경상사고,0,0,1,0,차대사람 - 횡단중,안전운전불이행,습기,비,단일로 - 기타,승용,남,25세,상해없음,보행자,남,54세,경상
2013022200100468,2013년 2월 22일 19시,금요일,광주광역시 북구 용봉동,경상사고,0,0,1,0,차대사람 - 기타,안전운전불이행,건조,흐림,교차로 - 교차로부근,승용,여,38세,상해없음,보행자,남,65세,경상
2013022200100469,2013년 2월 22일 19시,금요일,광주광역시 북구 중흥동,경상사고,0,0,1,0,차대차 - 기타,안전운전불이행,건조,맑음,교차로 - 교차로부근,승용,남,63세,상해없음,승용,남,43세,상해없음
2013022200100470,2013년 2월 22일 19시,금요일,광주광역시 광산구 월곡동,경상사고,0,0,1,0,차대차 - 측면직각충돌,중앙선침범,건조,맑음,단일로 - 기타,승용,남,27세,상해없음,원동기,남,48세,경상
2013022200100545,2013년 2월 22일 21시,금요일,광주광역시 북구 풍향동,경상사고,0,0,3,0,차대차 - 정면충돌,중앙선침범,건조,맑음,교차로 - 교차로부근,승용,남,36세,상해없음,승용,여,38세,경상
2013022200100546,2013년 2월 22일 21시,금요일,광주광역시 북구 오치동,경상사고,0,0,2,0,차대차 - 기타,안전거리미확보,건조,맑음,단일로 - 횡단보도부근,승용,남,43세,상해없음,승용,남,60세,경상
2013022200100573,2013년 2월 22일 22시,금요일,광주광역시 북구 운암동,경상사고,0,0,2,0,차대차 - 측면직각충돌,안전거리미확보,건조,맑음,단일로 - 기타,승용,남,37세,경상,승용,남,45세,경상
2013022200100574,2013년 2월 22일 22시,금요일,광주광역시 북구 용봉동,경상사고,0,0,2,0,차대차 - 기타,안전운전불이행,건조,맑음,단일로 - 기타,승합,남,49세,상해없음,승용,남,28세,경상
2013022300100029,2013년 2월 23일 00시,토요일,광주광역시 동구 학동,경상사고,0,0,1,0,차대차 - 기타,안전거리미확보,건조,맑음,기타 - 기타,승용,남,29세,상해없음,승용,남,47세,경상
2013022300100030,2013년 2월 23일 00시,토요일,광주광역시 광산구 소촌동,부상신고사고,0,0,0,1,차대사람 - 기타,안전운전불이행,건조,맑음,단일로 - 기타,승용,남,30세,상해없음,보행자,여,27세,부상신고
2013022300100070,2013년 2월 23일 02시,토요일,광주광역시 서구 화정동,경상사고,0,0,2,0,차대차 - 추돌 - 주정차중,안전운전불이행,건조,맑음,단일로 - 기타,승용,남,30세,경상,건설기계,남,50세,경상
2013022300100071,2013년 2월 23일 02시,토요일,광주광역시 광산구 월계동,경상사고,0,0,5,0,차대차 - 측면직각충돌,차로위반,건조,맑음,단일로 - 기타,승용,남,45세,상해없음,승용,남,20세,경상
2013022300100085,2013년 2월 23일 03시,토요일,광주광역시 서구 풍암동,경상사고,0,0,2,0,차대차 - 추돌 - 주정차중,안전운전불이행,건조,맑음,단일로 - 기타,승용,남,20세,상해없음,승용,남,41세,경상
2013022300100086,2013년 2월 23일 03시,토요일,광주광역시 남구 백운동,경상사고,0,0,2,0,차대차 - 측면직각충돌,중앙선침범,건조,맑음,미분류 - 미분류,기타불명,기타불명,기타불명,기타불명,승용,남,46세,경상
2013022300100135,2013년 2월 23일 06시,토요일,광주광역시 서구 치평동,경상사고,0,0,1,0,차대차 - 추돌 - 주정차중,안전운전불이행,건조,맑음,단일로 - 기타,기타불명,기타불명,기타불명,기타불명,승용,남,39세,경상
2013022300100205,2013년 2월 23일 09시,토요일,광주광역시 서구 쌍촌동,경상사고,0,0,1,0,차대사람 - 횡단중,안전운전불이행,건조,맑음,단일로 - 기타,승합,남,53세,상해없음,보행자,남,21세,경상
2013022300100258,2013년 2월 23일 11시,토요일,광주광역시 남구 구동,경상사고,0,0,2,0,차대차 - 추돌 - 진행중,안전운전불이행,건조,맑음,교차로 - 교차로부근,승용,남,50세,상해없음,승용,남,52세,경상
2013022300100298,2013년 2월 23일 12시,토요일,광주광역시 북구 효령동,중상사고,0,2,0,0,차대차 - 추돌 - 주정차중,기타,건조,맑음,단일로 - 기타,승합,남,58세,상해없음,승용,남,60세,중상
2013022300100346,2013년 2월 23일 14시,토요일,광주광역시 동구 용산동,경상사고,0,0,1,0,차대차 - 측면직각충돌,안전운전불이행,건조,맑음,교차로 - 교차로부근,승용,남,59세,기타불명,화물,남,58세,경상
2013022300100347,2013년 2월 23일 14시,토요일,광주광역시 동구 충장로4가,경상사고,0,0,1,0,차대사람 - 기타,안전운전불이행,건조,맑음,단일로 - 기타,승용,남,21세,상해없음,보행자,남,30세,경상
2013022300100348,2013년 2월 23일 14시,토요일,광주광역시 서구 광천동,경상사고,0,0,1,0,차대차 - 측면직각충돌,신호위반,건조,맑음,단일로 - 기타,승용,여,55세,상해없음,승용,남,42세,경상
2013022300100380,2013년 2월 23일 15시,토요일,광주광역시 북구 두암동,중상사고,0,1,0,0,차대사람 - 횡단중,안전운전불이행,건조,맑음,단일로 - 기타,승용,남,25세,상해없음,보행자,여,69세,중상
2013022300100381,2013년 2월 23일 15시,토요일,광주광역시 광산구 신촌동,경상사고,0,0,7,0,차대차 - 추돌 - 진행중,안전거리미확보,건조,맑음,단일로 - 기타,승용,남,45세,경상,승합,남,50세,경상
2013022300100406,2013년 2월 23일 16시,토요일,광주광역시 동구 계림동,경상사고,0,0,2,1,차대차 - 추돌 - 주정차중,안전운전불이행,건조,맑음,교차로 - 교차로안,승용,남,52세,상해없음,승용,여,40세,경상