사고번호,사고일시,요일,시군구,사고내용,사망자수,중상자수,경상자수,부상신고자수,사고유형,법규위반,노면상태,기상상태,도로형태,가해운전자 차종,가해운전자 성별,가해운전자 연령,가해운전자 상해정도,피해운전자 차종,피해운전자 성별,피해운전자 연령,피해운전자 상해정도
2013022300100407,2013년 2월 23일 16시,토요일,광주광역시 북구 누문동,중상사고,0,1,0,0,차대사람 - 횡단중,안전운전불이행,건조,맑음,단일로 - 기타,승용,여,53세,상해없음,보행자,여,40세,중상
2013022300100428,2013년 2월 23일 17시,토요일,광주광역시 동구 금동,경상사고,0,0,1,0,차대사람 - 길가장자리구역통행중,안전운전불이행,건조,맑음,단일로 - 기타,승용,남,68세,상해없음,보행자,남,20세,경상
2013022300100429,2013년 2월 23일 17시,토요일,광주광역시 서구 유촌동,경상사고,0,0,6,0,차대차 - 추돌 - 주정차중,안전운전불이행,건조,맑음,교차로 - 교차로부근,승용,남,29세,기타불명,승용,남,48세,경상
2013022300100465,2013년 2월 23일 18시,토요일,광주광역시 서구 매월동,경상사고,0,0,2,0,차대차 - 기타,안전거리미확보,건조,맑음,기타 - 기타,승용,여,40세,상해없음,승용,남,67세,경상
2013022300100503,2013년 2월 23일 19시,토요일,광주광역시 동구 학동,중상사고,0,1,0,0,차대사람 - 횡단중,안전운전불이행,건조,맑음,단일로 - 기타,승용,남,56세,상해없음,보행자,여,47세,중상
2013022300100504,2013년 2월 23일 19시,토요일,광주광역시 서구 매월동,중상사고,0,1,3,0,차대차 - 추돌 - 주정차중,안전거리미확보,건조,맑음,단일로 - 기타,승용,여,35세,상해없음,승용,남,52세,경상
2013022300100505,2013년 2월 23일 19시,토요일,광주광역시 북구 용봉동,경상사고,0,0,5,0,차대차 - 기타,안전거리미확보,건조,맑음,단일로 - 기타,승용,남,37세,상해없음,승용,여,38세,경상
2013022300100534,2013년 2월 23일 20시,토요일,광주광역시 동구 학동,경상사고,0,0,2,0,차대차 - 기타,안전운전불이행,건조,맑음,단일로 - 기타,승용,남,21세,상해없음,승용,남,35세,경상
2013022300100535,2013년 2월 23일 20시,토요일,광주광역시 서구 쌍촌동,경상사고,0,0,3,0,차대차 - 기타,안전운전불이행,건조,맑음,단일로 - 기타,승용,남,53세,기타불명,승용,남,42세,경상
2013022300100586,2013년 2월 23일 22시,토요일,광주광역시 서구 쌍촌동,경상사고,0,0,1,0,차대사람 - 기타,안전운전불이행,건조,맑음,단일로 - 기타,기타불명,기타불명,기타불명,기타불명,보행자,남,23세,경상
2013022300100611,2013년 2월 23일 23시,토요일,광주광역시 서구 치평동,경상사고,0,0,1,0,차대차 - 기타,신호위반,건조,맑음,교차로 - 교차로안,승용,남,37세,상해없음,승용,남,46세,경상
2013022400100036,2013년 2월 24일 00시,일요일,광주광역시 서구 치평동,중상사고,0,1,1,0,차대차 - 기타,중앙선침범,건조,맑음,단일로 - 기타,원동기,남,18세,중상,원동기,남,30세,경상
2013022400100037,2013년 2월 24일 00시,일요일,광주광역시 광산구 운남동,경상사고,0,0,1,0,차대차 - 측면직각충돌,신호위반,건조,맑음,교차로 - 교차로부근,승용,남,26세,상해없음,승용,남,69세,경상
2013022400100056,2013년 2월 24일 01시,일요일,광주광역시 북구 용봉동,경상사고,0,0,1,0,차대차 - 추돌 - 주정차중,안전거리미확보,건조,맑음,교차로 - 교차로부근,승용,남,23세,상해없음,승용,여,26세,경상
2013022400100057,2013년 2월 24일 01시,일요일,광주광역시 광산구 우산동,경상사고,0,0,1,0,차량단독 - 공작물충돌,안전운전불이행,건조,맑음,단일로 - 기타,승용,남,32세,경상,,,,
2013022400100099,2013년 2월 24일 04시,일요일,광주광역시 동구 호남동,경상사고,0,0,1,0,차대차 - 측면직각충돌,차로위반,건조,맑음,단일로 - 기타,승용,남,26세,상해없음,승용,남,30세,경상
2013022400100137,2013년 2월 24일 07시,일요일,광주광역시 서구 농성동,경상사고,0,0,1,0,차대차 - 기타,신호위반,건조,맑음,교차로 - 교차로안,승용,남,25세,상해없음,승용,남,63세,경상
2013022400100216,2013년 2월 24일 11시,일요일,광주광역시 서구 매월동,경상사고,0,0,1,0,차대차 - 측면직각충돌,신호위반,건조,맑음,단일로 - 기타,화물,남,40세,상해없음,승용,남,65세,경상
2013022400100250,2013년 2월 24일 13시,일요일,광주광역시 광산구 하산동,경상사고,0,0,2,0,차대차 - 기타,안전운전불이행,건조,맑음,교차로 - 교차로부근,승용,남,27세,경상,승용,여,46세,경상
2013022400100251,2013년 2월 24일 13시,일요일,광주광역시 광산구 수완동,경상사고,0,0,4,0,차대차 - 기타,교차로운행방법위반,건조,맑음,교차로 - 교차로안,승용,남,27세,경상,승용,여,27세,경상
2013022400100252,2013년 2월 24일 13시,일요일,광주광역시 광산구 운수동,경상사고,0,0,3,0,차대차 - 측면직각충돌,교차로운행방법위반,건조,맑음,교차로 - 교차로안,승용,남,54세,경상,승용,남,59세,경상
2013022400100292,2013년 2월 24일 15시,일요일,광주광역시 남구 월산동,경상사고,0,0,1,0,차대사람 - 기타,기타,건조,맑음,단일로 - 기타,승합,남,52세,상해없음,보행자,여,19세,경상
2013022400100384,2013년 2월 24일 18시,일요일,광주광역시 동구 산수동,경상사고,0,0,6,0,차대차 - 정면충돌,중앙선침범,건조,기타,단일로 - 기타,승용,남,22세,경상,승용,남,29세,경상
2013022400100385,2013년 2월 24일 18시,일요일,광주광역시 북구 용봉동,경상사고,0,0,3,0,차대차 - 측면직각충돌,안전운전불이행,건조,맑음,교차로 - 교차로안,원동기,남,34세,경상,승용,남,28세,경상
2013022400100421,2013년 2월 24일 19시,일요일,광주광역시 동구 대인동,경상사고,0,0,1,0,차대사람 - 차도통행중,안전운전불이행,건조,맑음,단일로 - 기타,승용,남,41세,상해없음,보행자,여,48세,경상
2013022400100422,2013년 2월 24일 19시,일요일,광주광역시 서구 마륵동,경상사고,0,0,1,0,차대차 - 측면직각충돌,신호위반,건조,맑음,교차로 - 교차로안,승용,여,41세,상해없음,화물,남,72세,경상
2013022400100423,2013년 2월 24일 19시,일요일,광주광역시 북구 양산동,경상사고,0,0,1,0,차대차 - 추돌 - 주정차중,안전운전불이행,건조,맑음,단일로 - 기타,승용,남,24세,상해없음,승용,남,53세,경상
2013022400100473,2013년 2월 24일 21시,일요일,광주광역시 서구 광천동,경상사고,0,0,2,0,차대차 - 기타,안전거리미확보,건조,맑음,단일로 - 기타,승합,남,59세,상해없음,승용,남,55세,경상
2013022400100474,2013년 2월 24일 21시,일요일,광주광역시 남구 봉선동,경상사고,0,0,2,0,차대차 - 추돌 - 주정차중,안전운전불이행,건조,맑음,기타 - 기타,승용,남,42세,상해없음,승용,남,34세,경상
2013022400100475,2013년 2월 24일 21시,일요일,광주광역시 북구 운암동,경상사고,0,0,1,0,차대차 - 기타,안전거리미확보,건조,맑음,단일로 - 기타,승용,여,39세,기타불명,승용,남,39세,경상
2013022400100476,2013년 2월 24일 21시,일요일,광주광역시 광산구 우산동,경상사고,0,0,2,0,차대차 - 추돌 - 진행중,안전거리미확보,건조,맑음,단일로 - 기타,승용,남,41세,상해없음,승용,남,43세,상해없음
2013022400100498,2013년 2월 24일 22시,일요일,광주광역시 북구 용봉동,경상사고,0,0,1,0,차대사람 - 기타,안전운전불이행,건조,맑음,교차로 - 교차로안,승용,남,45세,상해없음,보행자,남,53세,경상
2013022500100013,2013년 2월 25일 02시,월요일,광주광역시 광산구 월곡동,경상사고,0,0,2,0,차대차 - 추돌 - 진행중,안전운전불이행,건조,맑음,단일로 - 기타,승용,남,32세,상해없음,화물,남,29세,경상
2013022500100016,2013년 2월 25일 03시,월요일,광주광역시 북구 용봉동,경상사고,0,0,1,0,차대사람 - 기타,기타,건조,맑음,단일로 - 기타,승용,남,57세,상해없음,보행자,남,53세,경상
2013022500100022,2013년 2월 25일 04시,월요일,광주광역시 서구 광천동,경상사고,0,0,1,0,차대차 - 기타,안전운전불이행,건조,맑음,단일로 - 기타,승용,남,64세,상해없음,자전거,여,66세,경상
2013022500100028,2013년 2월 25일 05시,월요일,광주광역시 북구 임동,중상사고,0,1,2,0,차대차 - 측면직각충돌,교차로운행방법위반,건조,맑음,교차로 - 교차로안,승용,남,81세,경상,승용,남,40세,경상
2013022500100029,2013년 2월 25일 05시,월요일,광주광역시 광산구 수완동,경상사고,0,0,1,0,차대차 - 기타,안전운전불이행,건조,맑음,교차로 - 교차로부근,승용,남,35세,상해없음,승용,여,44세,경상
2013022500100037,2013년 2월 25일 06시,월요일,광주광역시 북구 동림동,경상사고,0,0,1,0,차대사람 - 기타,안전운전불이행,건조,맑음,단일로 - 교량,승용,남,59세,상해없음,보행자,남,66세,경상
2013022500100052,2013년 2월 25일 07시,월요일,광주광역시 광산구 소촌동,경상사고,0,0,1,0,차대차 - 기타,기타,건조,맑음,단일로 - 기타,승용,남,34세,상해없음,승용,남,48세,상해없음
2013022500100053,2013년 2월 25일 07시,월요일,광주광역시 광산구 도덕동,경상사고,0,0,2,0,차대차 - 추돌 - 주정차중,안전거리미확보,건조,맑음,단일로 - 기타,승용,여,49세,경상,승용,남,34세,경상
2013022500100074,2013년 2월 25일 08시,월요일,광주광역시 광산구 하남동,경상사고,0,0,1,0,차대차 - 측면직각충돌,신호위반,건조,맑음,교차로 - 교차로안,건설기계,남,42세,상해없음,승용,여,35세,경상
2013022500100112,2013년 2월 25일 10시,월요일,광주광역시 북구 대촌동,중상사고,0,2,3,0,차대차 - 측면직각충돌,교차로운행방법위반,건조,맑음,교차로 - 교차로안,승용,남,26세,경상,승용,여,26세,중상
2013022500100148,2013년 2월 25일 12시,월요일,광주광역시 남구 방림동,중상사고,0,1,0,0,차대사람 - 횡단중,안전운전불이행,건조,맑음,단일로 - 횡단보도상,승용,여,54세,상해없음,보행자,여,67세,중상
2013022500100149,2013년 2월 25일 12시,월요일,광주광역시 광산구 장록동,경상사고,0,0,1,0,차대차 - 정면충돌,신호위반,건조,맑음,교차로 - 교차로안,이륜,남,56세,경상,특수,남,40세,상해없음
2013022500100221,2013년 2월 25일 15시,월요일,광주광역시 광산구 운남동,경상사고,0,0,1,0,차대차 - 추돌 - 주정차중,안전운전불이행,건조,맑음,단일로 - 기타,승용,여,35세,경상,승용,여,48세,상해없음
2013022500100272,2013년 2월 25일 17시,월요일,광주광역시 광산구 수완동,경상사고,0,0,3,0,차대차 - 추돌 - 진행중,안전거리미확보,건조,맑음,단일로 - 기타,승용,남,50세,상해없음,승용,여,39세,경상
2013022500100306,2013년 2월 25일 18시,월요일,광주광역시 북구 누문동,경상사고,0,0,1,0,차대차 - 측면직각충돌,안전운전불이행,건조,맑음,단일로 - 기타,승용,여,54세,상해없음,승합,남,54세,상해없음
2013022500100357,2013년 2월 25일 20시,월요일,광주광역시 서구 치평동,중상사고,0,1,0,0,차대차 - 측면직각충돌,안전거리미확보,건조,맑음,단일로 - 기타,승용,남,32세,상해없음,이륜,남,19세,중상
2013022500100358,2013년 2월 25일 20시,월요일,광주광역시 광산구 송정동,경상사고,0,0,2,0,차대사람 - 횡단중,신호위반,건조,맑음,단일로 - 횡단보도상,이륜,남,62세,상해없음,보행자,여,32세,경상
2013022500100421,2013년 2월 25일 22시,월요일,광주광역시 서구 화정동,경상사고,0,0,1,0,차대사람 - 횡단중,안전운전불이행,건조,맑음,단일로 - 기타,이륜,남,20세,상해없음,보행자,여,17세,경상
2013022500100422,2013년 2월 25일 22시,월요일,광주광역시 남구 구동,경상사고,0,0,1,0,차대차 - 기타,차로위반,건조,맑음,단일로 - 기타,승용,남,53세,상해없음,승합,남,55세,경상
2013022500100444,2013년 2월 25일 23시,월요일,광주광역시 서구 마륵동,경상사고,0,0,1,0,차대차 - 추돌 - 주정차중,안전운전불이행,건조,맑음,교차로 - 교차로부근,승용,여,42세,상해없음,승합,남,53세,경상
2013022500100445,2013년 2월 25일 23시,월요일,광주광역시 남구 봉선동,경상사고,0,0,1,0,차대사람 - 기타,안전운전불이행,건조,맑음,단일로 - 기타,승용,남,37세,상해없음,보행자,남,48세,경상
2013022500100446,2013년 2월 25일 23시,월요일,광주광역시 북구 동림동,경상사고,0,0,2,0,차대차 - 추돌 - 주정차중,안전거리미확보,건조,맑음,단일로 - 기타,화물,남,42세,상해없음,화물,남,51세,경상
2013022600100025,2013년 2월 26일 00시,화요일,광주광역시 서구 치평동,경상사고,0,0,1,0,차대차 - 추돌 - 진행중,안전운전불이행,건조,맑음,단일로 - 기타,승용,남,40세,상해없음,승용,여,55세,경상
2013022600100192,2013년 2월 26일 11시,화요일,광주광역시 서구 농성동,경상사고,0,0,1,0,차대차 - 기타,안전운전불이행,건조,맑음,기타 - 기타,승용,여,53세,상해없음,승용,여,43세,경상
2013022600100312,2013년 2월 26일 17시,화요일,광주광역시 동구 학동,경상사고,0,0,1,0,차대사람 - 길가장자리구역통행중,안전운전불이행,건조,맑음,단일로 - 기타,기타불명,기타불명,기타불명,기타불명,보행자,남,9세,경상
2013022600100337,2013년 2월 26일 18시,화요일,광주광역시 동구 대의동,경상사고,0,0,1,0,차대차 - 기타,교차로운행방법위반,건조,맑음,교차로 - 교차로안,승용,남,54세,상해없음,원동기,남,18세,경상
2013022600100338,2013년 2월 26일 18시,화요일,광주광역시 북구 두암동,경상사고,0,0,1,0,차대사람 - 기타,안전운전불이행,건조,맑음,단일로 - 기타,승용,남,70세,상해없음,보행자,남,62세,경상
2013022600100373,2013년 2월 26일 19시,화요일,광주광역시 북구 양산동,부상신고사고,0,0,0,1,차대차 - 추돌 - 주정차중,안전거리미확보,건조,맑음,단일로 - 기타,이륜,남,16세,부상신고,승용,남,34세,상해없음
2013022600100400,2013년 2월 26일 20시,화요일,광주광역시 서구 농성동,경상사고,0,0,1,0,차대차 - 기타,안전운전불이행,건조,맑음,기타 - 기타,이륜,남,20세,경상,화물,남,47세,상해없음
2013022600100401,2013년 2월 26일 20시,화요일,광주광역시 광산구 신가동,경상사고,0,0,1,0,차대차 - 추돌 - 진행중,안전거리미확보,건조,맑음,단일로 - 기타,승용,남,58세,상해없음,승용,남,47세,경상
2013022600100428,2013년 2월 26일 21시,화요일,광주광역시 남구 월산동,중상사고,0,1,0,0,차대사람 - 기타,안전운전불이행,건조,맑음,단일로 - 기타,승용,남,49세,상해없음,보행자,여,49세,중상
2013022600100460,2013년 2월 26일 22시,화요일,광주광역시 서구 치평동,부상신고사고,0,0,0,1,차대사람 - 기타,안전운전불이행,건조,맑음,교차로 - 교차로안,승용,남,22세,상해없음,보행자,남,35세,부상신고
2013022600100461,2013년 2월 26일 22시,화요일,광주광역시 남구 월산동,경상사고,0,0,1,0,차대차 - 기타,중앙선침범,건조,맑음,단일로 - 기타,승용,남,59세,상해없음,이륜,남,43세,경상
2013022600100485,2013년 2월 26일 23시,화요일,광주광역시 광산구 월계동,경상사고,0,0,1,0,차대차 - 추돌 - 주정차중,안전운전불이행,건조,맑음,교차로 - 교차로안,승용,기타불명,기타불명,기타불명,승용,남,27세,상해없음
2013022700100023,2013년 2월 27일 00시,수요일,광주광역시 북구 오치동,경상사고,0,0,1,0,차대사람 - 기타,안전운전불이행,건조,맑음,단일로 - 기타,승용,남,23세,상해없음,보행자,남,28세,경상
2013022700100024,2013년 2월 27일 00시,수요일,광주광역시 광산구 신창동,경상사고,0,0,1,0,차대차 - 측면직각충돌,신호위반,건조,맑음,교차로 - 교차로안,승용,남,34세,상해없음,승용,남,55세,경상
2013022700100057,2013년 2월 27일 02시,수요일,광주광역시 광산구 쌍암동,경상사고,0,0,1,0,차대차 - 기타,안전운전불이행,건조,맑음,단일로 - 기타,승용,남,25세,상해없음,승용,남,36세,경상
2013022700100100,2013년 2월 27일 06시,수요일,광주광역시 광산구 하산동,중상사고,0,1,0,0,차대차 - 측면직각충돌,안전운전불이행,건조,맑음,단일로 - 기타,승용,여,34세,상해없음,원동기,남,78세,중상
2013022700100142,2013년 2월 27일 08시,수요일,광주광역시 서구 유촌동,경상사고,0,0,1,0,차량단독 - 기타,안전운전불이행,건조,맑음,단일로 - 기타,승용,남,62세,상해없음,,,,
2013022700100143,2013년 2월 27일 08시,수요일,광주광역시 서구 마륵동,경상사고,0,0,1,0,차대차 - 기타,차로위반,건조,맑음,교차로 - 교차로부근,승용,남,66세,상해없음,승용,여,31세,경상
2013022700100192,2013년 2월 27일 10시,수요일,광주광역시 서구 치평동,경상사고,0,0,1,0,차대사람 - 횡단중,안전운전불이행,건조,맑음,단일로 - 횡단보도상,승용,남,49세,상해없음,보행자,여,55세,경상
2013022700100250,2013년 2월 27일 12시,수요일,광주광역시 서구 농성동,경상사고,0,0,2,0,차대차 - 추돌 - 주정차중,안전거리미확보,건조,맑음,교차로 - 교차로부근,승용,남,58세,기타불명,승용,여,48세,경상
2013022700100277,2013년 2월 27일 13시,수요일,광주광역시 북구 중흥동,경상사고,0,0,1,0,차대사람 - 기타,안전운전불이행,건조,맑음,단일로 - 기타,승용,여,50세,상해없음,보행자,남,61세,경상
2013022700100331,2013년 2월 27일 15시,수요일,광주광역시 동구 학동,경상사고,0,0,1,0,차대차 - 측면직각충돌,신호위반,건조,맑음,교차로 - 교차로안,승용,남,54세,상해없음,자전거,남,19세,경상
2013022700100368,2013년 2월 27일 16시,수요일,광주광역시 서구 화정동,경상사고,0,0,1,0,차대차 - 추돌 - 진행중,안전운전불이행,건조,맑음,교차로 - 교차로부근,승용,남,72세,상해없음,승용,남,34세,경상
2013022700100369,2013년 2월 27일 16시,수요일,광주광역시 북구 중흥동,경상사고,0,0,1,0,차대사람 - 기타,기타,건조,맑음,단일로 - 기타,승용,남,77세,상해없음,보행자,남,22세,경상
2013022700100397,2013년 2월 27일 17시,수요일,광주광역시 동구 동명동,경상사고,0,0,1,0,차대사람 - 기타,안전운전불이행,건조,맑음,단일로 - 기타,승용,남,47세,상해없음,보행자,여,43세,경상
2013022700100398,2013년 2월 27일 17시,수요일,광주광역시 북구 신안동,경상사고,0,0,4,0,차대차 - 측면직각충돌,교차로운행방법위반,건조,맑음,교차로 - 교차로안,이륜,남,16세,경상,화물,남,29세,경상
2013022700100428,2013년 2월 27일 18시,수요일,광주광역시 남구 월산동,중상사고,0,1,1,0,차대사람 - 기타,보행자보호의무위반,건조,맑음,단일로 - 기타,승용,남,63세,상해없음,보행자,여,19세,중상
2013022700100454,2013년 2월 27일 19시,수요일,광주광역시 북구 용봉동,경상사고,0,0,1,0,차대사람 - 기타,안전운전불이행,건조,맑음,단일로 - 기타,승용,남,49세,상해없음,보행자,여,33세,경상
2013022700100482,2013년 2월 27일 20시,수요일,광주광역시 서구 금호동,경상사고,0,0,1,0,차대차 - 측면직각충돌,차로위반,건조,맑음,단일로 - 기타,승용,남,51세,상해없음,이륜,남,28세,경상
2013022700100513,2013년 2월 27일 21시,수요일,광주광역시 동구 산수동,경상사고,0,0,1,0,차대차 - 측면직각충돌,신호위반,건조,맑음,교차로 - 교차로안,화물,여,52세,상해없음,승용,남,39세,경상
2013022700100565,2013년 2월 27일 23시,수요일,광주광역시 서구 치평동,중상사고,0,2,3,0,차대차 - 측면직각충돌,신호위반,건조,맑음,교차로 - 교차로안,승용,남,62세,상해없음,승용,남,41세,경상
2013022700100566,2013년 2월 27일 23시,수요일,광주광역시 북구 동림동,경상사고,0,0,1,0,차대차 - 추돌 - 주정차중,안전거리미확보,건조,맑음,교차로 - 교차로부근,승용,여,28세,상해없음,승용,남,44세,기타불명
2013022800100147,2013년 2월 28일 08시,목요일,광주광역시 서구 동천동,경상사고,0,0,1,0,차대사람 - 횡단중,신호위반,건조,맑음,단일로 - 횡단보도상,승합,남,58세,상해없음,보행자,여,24세,경상
2013022800100169,2013년 2월 28일 09시,목요일,광주광역시 서구 농성동,경상사고,0,0,1,0,차대차 - 기타,안전운전불이행,건조,맑음,교차로 - 교차로안,승용,남,31세,상해없음,승용,남,59세,경상
2013022800100226,2013년 2월 28일 11시,목요일,광주광역시 광산구 하남동,경상사고,0,0,2,0,차대차 - 측면직각충돌,신호위반,건조,맑음,교차로 - 교차로안,건설기계,남,37세,상해없음,화물,남,43세,경상
2013022800100227,2013년 2월 28일 11시,목요일,광주광역시 광산구 하산동,경상사고,0,0,1,0,차대차 - 추돌 - 진행중,안전거리미확보,건조,맑음,교차로 - 교차로부근,특수,남,36세,상해없음,승용,남,62세,경상
2013022800100250,2013년 2월 28일 12시,목요일,광주광역시 광산구 명도동,중상사고,0,1,0,0,차량단독 - 전도전복,안전운전불이행,건조,맑음,단일로 - 기타,승용,여,56세,중상,,,,
2013022800100277,2013년 2월 28일 13시,목요일,광주광역시 서구 유촌동,중상사고,0,1,0,0,차대사람 - 횡단중,보행자보호의무위반,건조,맑음,교차로 - 교차로부근,승용,남,46세,상해없음,보행자,여,53세,중상
2013022800100307,2013년 2월 28일 14시,목요일,광주광역시 남구 진월동,경상사고,0,0,1,0,차대사람 - 차도통행중,안전운전불이행,건조,맑음,단일로 - 기타,승용,남,43세,상해없음,보행자,여,18세,경상
2013022800100308,2013년 2월 28일 14시,목요일,광주광역시 남구 백운동,경상사고,0,0,3,0,차대차 - 추돌 - 진행중,안전거리미확보,건조,맑음,단일로 - 기타,승용,남,45세,상해없음,승용,남,67세,경상
2013022800100336,2013년 2월 28일 15시,목요일,광주광역시 북구 용봉동,경상사고,0,0,2,0,차대차 - 측면직각충돌,안전거리미확보,건조,맑음,단일로 - 기타,승용,남,71세,상해없음,승용,남,27세,경상
2013022800100359,2013년 2월 28일 16시,목요일,광주광역시 광산구 운남동,경상사고,0,0,1,0,차대사람 - 기타,안전운전불이행,건조,맑음,교차로 - 교차로부근,승용,남,47세,상해없음,보행자,남,60세,경상
2013022800100419,2013년 2월 28일 18시,목요일,광주광역시 서구 치평동,부상신고사고,0,0,0,1,차대차 - 정면충돌,신호위반,건조,맑음,교차로 - 교차로안,승합,여,44세,상해없음,승용,남,44세,부상신고
2013022800100420,2013년 2월 28일 18시,목요일,광주광역시 서구 치평동,경상사고,0,0,1,0,차대사람 - 차도통행중,안전운전불이행,건조,맑음,단일로 - 기타,승용,여,32세,상해없음,보행자,남,28세,경상
2013022800100421,2013년 2월 28일 18시,목요일,광주광역시 서구 농성동,경상사고,0,0,1,0,차대차 - 기타,안전운전불이행,건조,맑음,교차로 - 교차로부근,승용,남,57세,상해없음,승용,여,30세,경상
2013022800100422,2013년 2월 28일 18시,목요일,광주광역시 광산구 월곡동,경상사고,0,0,1,0,차대사람 - 보도통행중,보행자보호의무위반,건조,맑음,단일로 - 기타,승용,남,33세,상해없음,보행자,남,45세,경상
2013022800100457,2013년 2월 28일 19시,목요일,광주광역시 남구 양과동,경상사고,0,0,8,0,차대차 - 추돌 - 진행중,안전거리미확보,습기,비,기타 - 기타,승용,남,50세,상해없음,승용,남,39세,경상
2013022800100458,2013년 2월 28일 19시,목요일,광주광역시 북구 대촌동,중상사고,0,1,1,0,차대사람 - 횡단중,안전운전불이행,건조,맑음,단일로 - 기타,화물,여,48세,상해없음,보행자,남,21세,중상
2013022800100459,2013년 2월 28일 19시,목요일,광주광역시 북구 오치동,사망사고,1,0,0,0,차대사람 - 기타,신호위반,건조,맑음,단일로 - 횡단보도상,이륜,남,40세,상해없음,보행자,남,52세,사망
2013022800100488,2013년 2월 28일 20시,목요일,광주광역시 서구 매월동,경상사고,0,0,2,0,차대차 - 기타,안전운전불이행,건조,맑음,단일로 - 기타,승용,남,29세,상해없음,승용,여,46세,경상
2013022800100541,2013년 2월 28일 22시,목요일,광주광역시 동구 학동,경상사고,0,0,1,0,차대차 - 측면직각충돌,교차로운행방법위반,건조,기타,교차로 - 교차로안,승용,남,44세,상해없음,승용,남,40세,경상
2013022800100542,2013년 2월 28일 22시,목요일,광주광역시 서구 유촌동,경상사고,0,0,1,0,차대차 - 측면직각충돌,안전거리미확보,습기,비,단일로 - 기타,승용,남,61세,상해없음,승용,남,44세,경상
2013022800100543,2013년 2월 28일 22시,목요일,광주광역시 서구 금호동,사망사고,1,0,0,0,차대차 - 정면충돌,신호위반,건조,맑음,교차로 - 교차로안,승용,남,62세,상해없음,이륜,남,15세,사망
2013022800100544,2013년 2월 28일 22시,목요일,광주광역시 남구 주월동,경상사고,0,0,3,0,차대차 - 추돌 - 진행중,안전운전불이행,건조,맑음,단일로 - 기타,승용,남,31세,상해없음,승용,남,31세,경상
2013030100100039,2013년 3월 1일 00시,금요일,광주광역시 서구 치평동,경상사고,0,0,2,0,차대차 - 추돌 - 주정차중,안전거리미확보,건조,맑음,교차로 - 교차로부근,승용,남,40세,상해없음,승용,남,52세,경상
2013030100100040,2013년 3월 1일 00시,금요일,광주광역시 서구 광천동,중상사고,0,1,2,1,차대차 - 기타,불법유턴,습기,비,단일로 - 기타,승용,남,28세,부상신고,승용,남,37세,중상
2013030100100041,2013년 3월 1일 00시,금요일,광주광역시 서구 화정동,중상사고,0,1,0,0,차대사람 - 횡단중,안전운전불이행,건조,맑음,단일로 - 기타,승용,남,34세,상해없음,보행자,남,58세,중상
2013030100100042,2013년 3월 1일 00시,금요일,광주광역시 남구 진월동,경상사고,0,0,1,0,차대차 - 추돌 - 주정차중,안전거리미확보,건조,맑음,교차로 - 교차로부근,승용,남,51세,상해없음,승용,여,56세,경상
2013030100100043,2013년 3월 1일 00시,금요일,광주광역시 북구 신안동,경상사고,0,0,1,0,차대차 - 추돌 - 진행중,안전운전불이행,건조,맑음,단일로 - 기타,승용,남,31세,상해없음,승용,남,38세,경상
2013030100100072,2013년 3월 1일 01시,금요일,광주광역시 북구 풍향동,경상사고,0,0,2,0,차대차 - 측면직각충돌,안전운전불이행,건조,맑음,교차로 - 교차로안,승용,여,45세,상해없음,승용,여,52세,경상
2013030100100089,2013년 3월 1일 02시,금요일,광주광역시 서구 치평동,경상사고,0,0,3,0,차대차 - 측면직각충돌,신호위반,건조,맑음,교차로 - 교차로안,승용,남,60세,상해없음,승용,남,38세,경상
2013030100100090,2013년 3월 1일 02시,금요일,광주광역시 남구 봉선동,중상사고,0,1,3,0,차대차 - 추돌 - 진행중,교차로운행방법위반,습기,비,교차로 - 교차로안,승용,남,28세,중상,승용,남,39세,경상
2013030100100133,2013년 3월 1일 04시,금요일,광주광역시 광산구 산월동,경상사고,0,0,1,0,차대차 - 측면직각충돌,차로위반,건조,맑음,단일로 - 기타,승용,남,49세,상해없음,원동기,남,19세,경상
2013030100100151,2013년 3월 1일 05시,금요일,광주광역시 광산구 수완동,경상사고,0,0,2,0,차대차 - 추돌 - 주정차중,안전운전불이행,습기,비,교차로 - 교차로부근,승용,남,32세,상해없음,승용,남,43세,경상
2013030100100192,2013년 3월 1일 07시,금요일,광주광역시 북구 일곡동,경상사고,0,0,2,0,차량단독 - 전도전복,안전운전불이행,습기,비,단일로 - 기타,승용,여,40세,경상,,,,
2013030100100193,2013년 3월 1일 07시,금요일,광주광역시 광산구 신촌동,경상사고,0,0,1,0,차대사람 - 횡단중,신호위반,습기,비,단일로 - 횡단보도상,화물,남,61세,상해없음,보행자,여,20세,경상
2013030100100226,2013년 3월 1일 09시,금요일,광주광역시 서구 치평동,경상사고,0,0,3,0,차대차 - 측면직각충돌,신호위반,건조,맑음,교차로 - 교차로안,승용,여,28세,경상,승용,여,46세,경상
2013030100100227,2013년 3월 1일 09시,금요일,광주광역시 광산구 월전동,중상사고,0,1,0,0,차대차 - 측면직각충돌,교차로운행방법위반,건조,맑음,교차로 - 교차로안,승용,남,43세,상해없음,원동기,남,79세,중상