사고번호,사고일시,요일,시군구,사고내용,사망자수,중상자수,경상자수,부상신고자수,사고유형,법규위반,노면상태,기상상태,도로형태,가해운전자 차종,가해운전자 성별,가해운전자 연령,가해운전자 상해정도,피해운전자 차종,피해운전자 성별,피해운전자 연령,피해운전자 상해정도
2013030100100322,2013년 3월 1일 14시,금요일,광주광역시 북구 두암동,경상사고,0,0,2,0,차대차 - 측면직각충돌,교차로운행방법위반,건조,맑음,교차로 - 교차로안,승용,남,49세,상해없음,승용,남,24세,경상
2013030100100342,2013년 3월 1일 15시,금요일,광주광역시 서구 치평동,경상사고,0,0,1,0,차대차 - 측면직각충돌,차로위반,건조,맑음,단일로 - 기타,이륜,남,16세,경상,승용,남,30세,상해없음
2013030100100376,2013년 3월 1일 16시,금요일,광주광역시 서구 광천동,경상사고,0,0,1,0,차대사람 - 기타,안전운전불이행,건조,흐림,단일로 - 기타,승용,여,43세,상해없음,보행자,남,20세,경상
2013030100100377,2013년 3월 1일 16시,금요일,광주광역시 서구 광천동,경상사고,0,0,2,0,차대차 - 기타,안전거리미확보,건조,맑음,교차로 - 교차로안,승용,남,45세,상해없음,승용,여,26세,경상
2013030100100378,2013년 3월 1일 16시,금요일,광주광역시 남구 월산동,경상사고,0,0,1,0,차대차 - 측면직각충돌,중앙선침범,건조,맑음,단일로 - 기타,승용,남,66세,상해없음,승용,남,35세,경상
2013030100100401,2013년 3월 1일 17시,금요일,광주광역시 서구 풍암동,경상사고,0,0,2,0,차대차 - 측면직각충돌,교차로운행방법위반,건조,맑음,교차로 - 교차로안,원동기,남,39세,경상,승용,남,56세,경상
2013030100100482,2013년 3월 1일 20시,금요일,광주광역시 동구 월남동,경상사고,0,0,1,0,차량단독 - 도로외이탈 - 추락,안전운전불이행,건조,맑음,단일로 - 기타,승용,남,31세,경상,,,,
2013030100100483,2013년 3월 1일 20시,금요일,광주광역시 북구 용봉동,경상사고,0,0,1,0,차대차 - 측면직각충돌,중앙선침범,건조,맑음,단일로 - 기타,원동기,남,21세,상해없음,원동기,남,28세,경상
2013030100100528,2013년 3월 1일 22시,금요일,광주광역시 북구 용봉동,부상신고사고,0,0,0,1,차대차 - 추돌 - 주정차중,안전운전불이행,건조,맑음,교차로 - 교차로부근,승용,남,42세,상해없음,승용,남,32세,기타불명
2013030100100529,2013년 3월 1일 22시,금요일,광주광역시 북구 두암동,경상사고,0,0,1,0,차대차 - 측면직각충돌,안전운전불이행,건조,맑음,단일로 - 기타,승용,남,18세,상해없음,승용,여,28세,경상
2013030100100544,2013년 3월 1일 23시,금요일,광주광역시 광산구 월곡동,경상사고,0,0,2,0,차대차 - 추돌 - 주정차중,안전운전불이행,건조,맑음,단일로 - 기타,승용,남,37세,상해없음,승용,남,41세,경상
2013030200100045,2013년 3월 2일 01시,토요일,광주광역시 서구 치평동,경상사고,0,0,1,0,차대차 - 측면직각충돌,차로위반,건조,맑음,단일로 - 기타,승용,남,52세,상해없음,승용,남,34세,경상
2013030200100057,2013년 3월 2일 02시,토요일,광주광역시 북구 용봉동,경상사고,0,0,2,0,차대차 - 추돌 - 주정차중,안전운전불이행,건조,맑음,단일로 - 기타,승용,남,40세,상해없음,승용,여,52세,경상
2013030200100095,2013년 3월 2일 06시,토요일,광주광역시 서구 금호동,사망사고,1,0,0,0,차대사람 - 횡단중,신호위반,건조,맑음,단일로 - 횡단보도상,승용,남,26세,상해없음,보행자,남,48세,사망
2013030200100096,2013년 3월 2일 06시,토요일,광주광역시 북구 신용동,중상사고,0,1,0,0,차대차 - 추돌 - 진행중,안전운전불이행,건조,맑음,단일로 - 기타,승용,여,47세,상해없음,이륜,남,63세,중상
2013030200100119,2013년 3월 2일 08시,토요일,광주광역시 서구 양동,경상사고,0,0,1,0,차대차 - 측면직각충돌,신호위반,건조,맑음,교차로 - 교차로안,승용,남,57세,상해없음,승용,여,57세,경상
2013030200100137,2013년 3월 2일 09시,토요일,광주광역시 서구 양동,경상사고,0,0,1,0,차대차 - 기타,안전거리미확보,건조,맑음,단일로 - 기타,이륜,남,43세,경상,승용,남,64세,상해없음
2013030200100175,2013년 3월 2일 11시,토요일,광주광역시 동구 동명동,경상사고,0,0,1,0,차대차 - 추돌 - 주정차중,안전운전불이행,건조,맑음,기타 - 기타,승용,남,81세,상해없음,승용,여,59세,경상
2013030200100176,2013년 3월 2일 11시,토요일,광주광역시 서구 치평동,중상사고,0,1,1,0,차대차 - 측면직각충돌,신호위반,건조,맑음,교차로 - 교차로안,이륜,남,30세,중상,승용,남,46세,경상
2013030200100226,2013년 3월 2일 13시,토요일,광주광역시 북구 우산동,중상사고,0,1,0,0,차대사람 - 횡단중,안전운전불이행,건조,맑음,단일로 - 기타,승용,남,20세,상해없음,보행자,남,58세,중상
2013030200100247,2013년 3월 2일 14시,토요일,광주광역시 북구 유동,부상신고사고,0,0,0,1,차대사람 - 기타,안전운전불이행,건조,맑음,기타 - 기타,기타불명,기타불명,기타불명,기타불명,보행자,남,53세,부상신고
2013030200100264,2013년 3월 2일 15시,토요일,광주광역시 서구 풍암동,경상사고,0,0,1,0,차대사람 - 보도통행중,기타,건조,맑음,교차로 - 교차로부근,승용,여,23세,상해없음,보행자,남,45세,경상
2013030200100329,2013년 3월 2일 17시,토요일,광주광역시 남구 송하동,경상사고,0,0,1,0,차대차 - 추돌 - 주정차중,안전거리미확보,건조,맑음,단일로 - 기타,화물,남,66세,상해없음,승용,여,52세,경상
2013030200100330,2013년 3월 2일 17시,토요일,광주광역시 광산구 송정동,경상사고,0,0,1,0,차대차 - 기타,안전운전불이행,건조,맑음,단일로 - 기타,승용,남,38세,상해없음,자전거,여,65세,경상
2013030200100352,2013년 3월 2일 18시,토요일,광주광역시 북구 우산동,경상사고,0,0,1,0,차대차 - 측면직각충돌,안전거리미확보,건조,맑음,단일로 - 기타,이륜,남,53세,경상,승용,남,52세,상해없음
2013030200100381,2013년 3월 2일 19시,토요일,광주광역시 동구 서석동,경상사고,0,0,1,0,차대차 - 기타,교차로운행방법위반,건조,맑음,교차로 - 교차로안,승용,남,49세,상해없음,원동기,남,22세,경상
2013030200100382,2013년 3월 2일 19시,토요일,광주광역시 광산구 운남동,경상사고,0,0,1,0,차대차 - 추돌 - 진행중,직진우회전진행방해,건조,맑음,교차로 - 교차로안,승용,남,57세,상해없음,원동기,남,39세,경상
2013030200100409,2013년 3월 2일 20시,토요일,광주광역시 서구 치평동,경상사고,0,0,4,0,차대차 - 측면직각충돌,안전운전불이행,건조,맑음,단일로 - 기타,승용,남,28세,상해없음,승용,남,34세,경상
2013030200100410,2013년 3월 2일 20시,토요일,광주광역시 남구 백운동,중상사고,0,1,0,0,차대차 - 측면직각충돌,교차로운행방법위반,건조,맑음,교차로 - 교차로안,자전거,남,32세,중상,승용,남,37세,상해없음
2013030200100462,2013년 3월 2일 22시,토요일,광주광역시 서구 금호동,경상사고,0,0,1,0,차대차 - 추돌 - 주정차중,안전거리미확보,건조,맑음,단일로 - 기타,승용,남,65세,상해없음,승용,여,43세,상해없음
2013030200100463,2013년 3월 2일 22시,토요일,광주광역시 남구 주월동,경상사고,0,0,1,0,차대사람 - 길가장자리구역통행중,보행자보호의무위반,건조,맑음,단일로 - 횡단보도부근,화물,남,41세,상해없음,보행자,여,38세,경상
2013030300100022,2013년 3월 3일 00시,일요일,광주광역시 서구 농성동,중상사고,0,1,0,0,차대차 - 측면직각충돌,안전거리미확보,건조,맑음,교차로 - 교차로안,승용,남,22세,상해없음,이륜,남,44세,중상
2013030300100023,2013년 3월 3일 00시,일요일,광주광역시 북구 운암동,경상사고,0,0,1,0,차대차 - 측면직각충돌,안전운전불이행,건조,맑음,교차로 - 교차로안,화물,남,51세,상해없음,이륜,남,34세,경상
2013030300100053,2013년 3월 3일 02시,일요일,광주광역시 북구 오치동,경상사고,0,0,1,0,차대차 - 기타,안전거리미확보,건조,맑음,단일로 - 기타,승용,남,28세,상해없음,승용,남,49세,상해없음
2013030300100068,2013년 3월 3일 03시,일요일,광주광역시 남구 백운동,경상사고,0,0,2,0,차대차 - 정면충돌,신호위반,건조,맑음,교차로 - 교차로안,승용,남,51세,상해없음,승용,남,28세,경상
2013030300100069,2013년 3월 3일 03시,일요일,광주광역시 남구 방림동,경상사고,0,0,2,0,차대차 - 측면직각충돌,교차로운행방법위반,건조,맑음,교차로 - 교차로안,승용,남,64세,상해없음,승용,남,48세,경상
2013030300100089,2013년 3월 3일 05시,일요일,광주광역시 서구 금호동,경상사고,0,0,2,0,차대차 - 측면직각충돌,중앙선침범,건조,맑음,단일로 - 기타,승용,남,39세,상해없음,승용,남,31세,상해없음
2013030300100108,2013년 3월 3일 07시,일요일,광주광역시 광산구 쌍암동,중상사고,0,1,0,0,차대사람 - 횡단중,보행자보호의무위반,건조,맑음,교차로 - 교차로안,승용,여,55세,상해없음,보행자,여,49세,중상
2013030300100135,2013년 3월 3일 10시,일요일,광주광역시 북구 본촌동,경상사고,0,0,3,0,차대차 - 측면직각충돌,교차로운행방법위반,건조,맑음,교차로 - 교차로안,승용,여,41세,경상,승용,여,42세,경상
2013030300100149,2013년 3월 3일 11시,일요일,광주광역시 북구 우산동,경상사고,0,0,1,0,차대차 - 기타,안전거리미확보,건조,맑음,단일로 - 기타,승용,여,33세,상해없음,원동기,남,56세,경상
2013030300100165,2013년 3월 3일 12시,일요일,광주광역시 서구 화정동,중상사고,0,1,0,0,차대사람 - 보도통행중,보행자보호의무위반,건조,맑음,교차로 - 교차로부근,승용,여,41세,상해없음,보행자,여,49세,중상
2013030300100166,2013년 3월 3일 12시,일요일,광주광역시 광산구 송정동,경상사고,0,0,1,0,차대차 - 측면직각충돌,신호위반,건조,맑음,교차로 - 교차로안,승용,남,57세,상해없음,승용,남,55세,경상
2013030300100230,2013년 3월 3일 15시,일요일,광주광역시 동구 계림동,경상사고,0,0,1,0,차대사람 - 기타,중앙선침범,건조,맑음,단일로 - 기타,승용,남,62세,상해없음,보행자,여,59세,경상
2013030300100259,2013년 3월 3일 16시,일요일,광주광역시 서구 농성동,경상사고,0,0,1,0,차대차 - 측면직각충돌,안전운전불이행,건조,맑음,단일로 - 기타,승용,여,36세,상해없음,승용,남,62세,경상
2013030300100260,2013년 3월 3일 16시,일요일,광주광역시 서구 유촌동,경상사고,0,0,1,0,차대차 - 추돌 - 주정차중,안전운전불이행,건조,맑음,교차로 - 교차로부근,승용,남,33세,상해없음,승용,여,30세,경상
2013030300100280,2013년 3월 3일 17시,일요일,광주광역시 서구 풍암동,경상사고,0,0,1,0,차대차 - 측면직각충돌,안전운전불이행,건조,맑음,단일로 - 기타,승용,남,40세,상해없음,승용,남,32세,경상
2013030300100281,2013년 3월 3일 17시,일요일,광주광역시 광산구 양산동,경상사고,0,0,1,0,차대사람 - 기타,안전운전불이행,건조,맑음,교차로 - 교차로안,승용,여,57세,상해없음,보행자,남,68세,경상
2013030300100282,2013년 3월 3일 17시,일요일,광주광역시 광산구 송정동,중상사고,0,1,0,0,차대사람 - 기타,안전운전불이행,건조,맑음,단일로 - 기타,승합,남,61세,상해없음,보행자,남,68세,중상
2013030300100310,2013년 3월 3일 18시,일요일,광주광역시 북구 일곡동,부상신고사고,0,0,0,1,차대차 - 측면직각충돌,신호위반,건조,맑음,교차로 - 교차로안,이륜,남,17세,부상신고,승용,남,30세,상해없음
2013030300100311,2013년 3월 3일 18시,일요일,광주광역시 북구 운암동,경상사고,0,0,2,1,차대차 - 추돌 - 주정차중,안전거리미확보,건조,맑음,단일로 - 교량,승용,남,62세,부상신고,승용,남,32세,상해없음
2013030300100340,2013년 3월 3일 19시,일요일,광주광역시 북구 양산동,경상사고,0,0,1,0,차대사람 - 횡단중,보행자보호의무위반,건조,맑음,교차로 - 교차로부근,승용,남,50세,상해없음,보행자,남,36세,경상
2013030300100341,2013년 3월 3일 19시,일요일,광주광역시 북구 운암동,경상사고,0,0,1,0,차대사람 - 횡단중,보행자보호의무위반,건조,맑음,단일로 - 기타,승용,여,62세,상해없음,보행자,여,62세,경상
2013030300100359,2013년 3월 3일 20시,일요일,광주광역시 북구 운암동,경상사고,0,0,2,0,차대차 - 추돌 - 주정차중,안전운전불이행,건조,맑음,단일로 - 기타,화물,남,56세,상해없음,승용,남,37세,경상
2013030300100360,2013년 3월 3일 20시,일요일,광주광역시 광산구 수완동,경상사고,0,0,1,0,차대차 - 추돌 - 주정차중,안전운전불이행,건조,맑음,단일로 - 기타,승용,남,64세,기타불명,화물,남,25세,경상
2013030300100397,2013년 3월 3일 22시,일요일,광주광역시 서구 풍암동,경상사고,0,0,2,0,차대차 - 추돌 - 주정차중,안전운전불이행,건조,맑음,교차로 - 교차로부근,승용,남,48세,상해없음,승용,여,25세,경상
2013030300100398,2013년 3월 3일 22시,일요일,광주광역시 북구 신안동,경상사고,0,0,1,0,차대차 - 측면직각충돌,안전운전불이행,건조,맑음,교차로 - 교차로부근,승용,남,27세,상해없음,승용,남,24세,상해없음
2013030400100016,2013년 3월 4일 01시,월요일,광주광역시 광산구 신창동,경상사고,0,0,1,0,차대차 - 추돌 - 진행중,안전운전불이행,건조,맑음,교차로 - 교차로부근,승용,남,61세,상해없음,승용,여,44세,경상
2013030400100044,2013년 3월 4일 05시,월요일,광주광역시 서구 양동,중상사고,0,1,0,0,차대사람 - 횡단중,안전운전불이행,건조,맑음,단일로 - 기타,승용,남,49세,상해없음,보행자,남,65세,중상
2013030400100056,2013년 3월 4일 06시,월요일,광주광역시 북구 중흥동,경상사고,0,0,1,0,차대차 - 기타,교차로운행방법위반,건조,맑음,교차로 - 교차로안,승용,남,55세,상해없음,자전거,남,69세,경상
2013030400100076,2013년 3월 4일 07시,월요일,광주광역시 광산구 양동,경상사고,0,0,1,0,차대사람 - 길가장자리구역통행중,안전운전불이행,건조,맑음,단일로 - 기타,승용,여,36세,상해없음,보행자,남,45세,경상
2013030400100100,2013년 3월 4일 08시,월요일,광주광역시 북구 용봉동,경상사고,0,0,2,0,차대차 - 추돌 - 진행중,안전거리미확보,건조,맑음,단일로 - 기타,승용,여,53세,상해없음,승용,남,39세,경상
2013030400100101,2013년 3월 4일 08시,월요일,광주광역시 북구 중흥동,경상사고,0,0,3,0,차대차 - 추돌 - 주정차중,안전거리미확보,건조,맑음,단일로 - 기타,승용,남,20세,상해없음,승용,남,54세,경상
2013030400100124,2013년 3월 4일 09시,월요일,광주광역시 동구 금남로4가,경상사고,0,0,2,0,차대차 - 측면직각충돌,안전거리미확보,건조,맑음,교차로 - 교차로부근,이륜,남,70세,경상,승합,남,40세,상해없음
2013030400100158,2013년 3월 4일 10시,월요일,광주광역시 북구 용봉동,경상사고,0,0,1,0,차대차 - 기타,차로위반,건조,맑음,단일로 - 기타,원동기,남,22세,경상,승용,남,35세,상해없음
2013030400100159,2013년 3월 4일 10시,월요일,광주광역시 광산구 쌍암동,경상사고,0,0,2,0,차대차 - 측면직각충돌,신호위반,건조,맑음,교차로 - 교차로안,승용,여,51세,경상,승용,남,25세,경상
2013030400100182,2013년 3월 4일 11시,월요일,광주광역시 북구 신안동,경상사고,0,0,1,1,차대차 - 측면직각충돌,교차로운행방법위반,건조,맑음,교차로 - 교차로안,승용,여,43세,부상신고,승용,남,48세,경상
2013030400100213,2013년 3월 4일 12시,월요일,광주광역시 서구 화정동,경상사고,0,0,1,0,차대사람 - 보도통행중,신호위반,건조,맑음,단일로 - 기타,이륜,남,45세,상해없음,보행자,남,76세,경상
2013030400100214,2013년 3월 4일 12시,월요일,광주광역시 광산구 요기동,경상사고,0,0,7,0,차대차 - 측면직각충돌,교차로운행방법위반,건조,맑음,교차로 - 교차로안,승용,여,56세,경상,승용,남,27세,경상
2013030400100261,2013년 3월 4일 14시,월요일,광주광역시 동구 서석동,경상사고,0,0,1,0,차대차 - 측면직각충돌,교차로운행방법위반,건조,맑음,교차로 - 교차로안,승용,남,54세,상해없음,이륜,남,24세,경상
2013030400100291,2013년 3월 4일 15시,월요일,광주광역시 북구 신안동,경상사고,0,0,1,0,차대차 - 측면직각충돌,안전운전불이행,건조,맑음,단일로 - 기타,이륜,남,37세,경상,승용,남,44세,상해없음
2013030400100292,2013년 3월 4일 15시,월요일,광주광역시 광산구 안청동,경상사고,0,0,1,0,차대차 - 측면직각충돌,안전운전불이행,건조,맑음,교차로 - 교차로안,승용,남,21세,상해없음,화물,남,47세,경상
2013030400100340,2013년 3월 4일 17시,월요일,광주광역시 서구 광천동,경상사고,0,0,4,0,차대차 - 측면직각충돌,교차로운행방법위반,건조,맑음,교차로 - 교차로안,화물,남,41세,상해없음,화물,여,48세,경상
2013030400100341,2013년 3월 4일 17시,월요일,광주광역시 북구 용두동,경상사고,0,0,4,0,차대차 - 추돌 - 진행중,안전거리미확보,건조,맑음,교차로 - 교차로부근,화물,남,57세,상해없음,승용,여,46세,경상
2013030400100342,2013년 3월 4일 17시,월요일,광주광역시 북구 동림동,경상사고,0,0,2,0,차대차 - 기타,안전거리미확보,건조,맑음,교차로 - 교차로부근,승용,여,49세,상해없음,원동기,남,17세,경상
2013030400100384,2013년 3월 4일 18시,월요일,광주광역시 북구 운암동,부상신고사고,0,0,0,1,차대차 - 추돌 - 진행중,안전운전불이행,건조,맑음,단일로 - 기타,승용,남,45세,상해없음,승용,남,63세,부상신고
2013030400100385,2013년 3월 4일 18시,월요일,광주광역시 광산구 신창동,경상사고,0,0,1,0,차대차 - 추돌 - 진행중,안전거리미확보,건조,맑음,단일로 - 기타,승용,남,61세,상해없음,승용,남,39세,경상
2013030400100419,2013년 3월 4일 19시,월요일,광주광역시 남구 방림동,경상사고,0,0,1,0,차대사람 - 길가장자리구역통행중,안전운전불이행,건조,맑음,교차로 - 교차로부근,승용,남,49세,상해없음,보행자,남,13세,경상
2013030400100420,2013년 3월 4일 19시,월요일,광주광역시 광산구 하남동,경상사고,0,0,1,0,차대차 - 측면직각충돌,신호위반,건조,맑음,교차로 - 교차로안,승용,남,47세,상해없음,승용,남,32세,경상
2013030400100446,2013년 3월 4일 20시,월요일,광주광역시 남구 주월동,경상사고,0,0,1,0,차대사람 - 길가장자리구역통행중,안전운전불이행,건조,맑음,기타 - 기타,기타불명,기타불명,기타불명,기타불명,보행자,남,47세,경상
2013030400100447,2013년 3월 4일 20시,월요일,광주광역시 광산구 월곡동,경상사고,0,0,3,0,차대차 - 추돌 - 주정차중,안전운전불이행,건조,맑음,단일로 - 기타,승용,여,39세,상해없음,승용,남,53세,상해없음
2013030400100471,2013년 3월 4일 21시,월요일,광주광역시 서구 금호동,경상사고,0,0,1,0,차대사람 - 기타,안전운전불이행,건조,흐림,단일로 - 기타,화물,남,43세,상해없음,보행자,남,25세,경상
2013030400100472,2013년 3월 4일 21시,월요일,광주광역시 서구 쌍촌동,경상사고,0,0,1,0,차대차 - 측면직각충돌,교차로운행방법위반,건조,맑음,교차로 - 교차로안,승용,남,44세,상해없음,승용,남,32세,경상
2013030400100473,2013년 3월 4일 21시,월요일,광주광역시 북구 매곡동,중상사고,0,1,0,0,차대차 - 추돌 - 주정차중,안전운전불이행,건조,맑음,단일로 - 기타,자전거,남,51세,중상,화물,남,45세,상해없음
2013030500100055,2013년 3월 5일 04시,화요일,광주광역시 서구 농성동,경상사고,0,0,3,0,차대차 - 추돌 - 주정차중,안전운전불이행,건조,맑음,단일로 - 기타,승용,여,56세,상해없음,승용,남,33세,경상
2013030500100072,2013년 3월 5일 06시,화요일,광주광역시 광산구 운남동,경상사고,0,0,1,0,차대사람 - 횡단중,신호위반,기타,안개,교차로 - 교차로부근,승용,남,41세,상해없음,보행자,여,18세,경상
2013030500100102,2013년 3월 5일 07시,화요일,광주광역시 남구 지석동,중상사고,0,1,0,0,차대차 - 측면직각충돌,안전운전불이행,건조,맑음,교차로 - 교차로안,원동기,남,78세,중상,승용,남,50세,상해없음
2013030500100152,2013년 3월 5일 09시,화요일,광주광역시 북구 일곡동,경상사고,0,0,1,0,차대차 - 추돌 - 주정차중,안전운전불이행,건조,맑음,교차로 - 교차로부근,승용,남,48세,기타불명,승용,여,45세,경상
2013030500100212,2013년 3월 5일 11시,화요일,광주광역시 남구 이장동,중상사고,0,1,1,0,차대차 - 측면직각충돌,차로위반,건조,맑음,기타 - 기타,화물,남,62세,상해없음,승용,여,47세,경상
2013030500100256,2013년 3월 5일 13시,화요일,광주광역시 광산구 신가동,경상사고,0,0,2,0,차대차 - 기타,교차로운행방법위반,건조,맑음,교차로 - 교차로안,승용,남,35세,상해없음,승용,남,61세,상해없음
2013030500100281,2013년 3월 5일 14시,화요일,광주광역시 남구 진월동,경상사고,0,0,1,0,차대사람 - 기타,안전운전불이행,건조,맑음,단일로 - 기타,화물,남,46세,상해없음,보행자,여,59세,경상
2013030500100342,2013년 3월 5일 16시,화요일,광주광역시 북구 용봉동,경상사고,0,0,2,0,차대차 - 추돌 - 주정차중,안전운전불이행,건조,맑음,단일로 - 기타,승용,남,44세,상해없음,승용,남,26세,경상
2013030500100368,2013년 3월 5일 17시,화요일,광주광역시 북구 삼각동,경상사고,0,0,1,0,차대사람 - 횡단중,안전운전불이행,건조,맑음,단일로 - 횡단보도부근,승용,남,57세,상해없음,보행자,남,7세,경상
2013030500100401,2013년 3월 5일 18시,화요일,광주광역시 서구 치평동,경상사고,0,0,1,0,차대차 - 기타,교차로운행방법위반,건조,맑음,교차로 - 교차로안,승용,남,42세,상해없음,원동기,남,30세,경상
2013030500100402,2013년 3월 5일 18시,화요일,광주광역시 남구 봉선동,경상사고,0,0,3,0,차대차 - 추돌 - 진행중,안전거리미확보,건조,맑음,단일로 - 기타,승용,여,29세,경상,승용,남,36세,경상
2013030500100440,2013년 3월 5일 19시,화요일,광주광역시 광산구 오선동,경상사고,0,0,1,0,차대사람 - 횡단중,신호위반,건조,맑음,교차로 - 교차로부근,화물,남,68세,상해없음,보행자,여,33세,경상
2013030500100518,2013년 3월 5일 22시,화요일,광주광역시 서구 금호동,경상사고,0,0,1,0,차대사람 - 기타,안전운전불이행,건조,맑음,교차로 - 교차로안,승용,여,43세,상해없음,보행자,남,49세,경상
2013030500100541,2013년 3월 5일 23시,화요일,광주광역시 남구 백운동,경상사고,0,0,1,0,차대사람 - 차도통행중,안전운전불이행,건조,맑음,교차로 - 교차로부근,승용,남,58세,상해없음,보행자,남,21세,경상
2013030600100035,2013년 3월 6일 01시,수요일,광주광역시 광산구 우산동,중상사고,0,1,2,0,차대차 - 측면직각충돌,교차로운행방법위반,건조,맑음,교차로 - 교차로안,승용,여,52세,중상,승용,남,66세,경상
2013030600100058,2013년 3월 6일 05시,수요일,광주광역시 광산구 송정동,경상사고,0,0,1,0,차대차 - 추돌 - 주정차중,안전운전불이행,건조,맑음,교차로 - 교차로부근,승용,남,32세,상해없음,이륜,남,54세,경상
2013030600100071,2013년 3월 6일 06시,수요일,광주광역시 광산구 월계동,중상사고,0,1,1,0,차대차 - 추돌 - 진행중,안전거리미확보,건조,맑음,교차로 - 교차로부근,화물,남,52세,경상,승용,여,59세,중상
2013030600100072,2013년 3월 6일 06시,수요일,광주광역시 광산구 신촌동,경상사고,0,0,2,0,차대차 - 측면직각충돌,차로위반,건조,맑음,단일로 - 기타,승용,남,51세,경상,승용,남,38세,경상
2013030600100082,2013년 3월 6일 07시,수요일,광주광역시 서구 벽진동,경상사고,0,0,2,0,차대차 - 측면직각충돌,기타,건조,맑음,교차로 - 교차로안,승용,남,20세,상해없음,화물,남,42세,경상
2013030600100114,2013년 3월 6일 08시,수요일,광주광역시 남구 송하동,경상사고,0,0,4,0,차대차 - 측면직각충돌,안전운전불이행,건조,맑음,단일로 - 기타,승용,여,57세,상해없음,승용,여,23세,경상
2013030600100115,2013년 3월 6일 08시,수요일,광주광역시 북구 임동,중상사고,0,1,0,0,차대차 - 기타,신호위반,건조,맑음,교차로 - 교차로부근,승용,남,56세,상해없음,자전거,남,60세,중상
2013030600100177,2013년 3월 6일 11시,수요일,광주광역시 서구 풍암동,경상사고,0,0,2,0,차대차 - 측면직각충돌,안전운전불이행,건조,맑음,단일로 - 기타,승용,여,38세,경상,승용,여,42세,경상
2013030600100178,2013년 3월 6일 11시,수요일,광주광역시 북구 임동,경상사고,0,0,1,0,차대차 - 측면직각충돌,신호위반,건조,맑음,교차로 - 교차로안,화물,남,25세,상해없음,화물,남,61세,경상
2013030600100179,2013년 3월 6일 11시,수요일,광주광역시 북구 양산동,경상사고,0,0,1,0,차대사람 - 기타,안전운전불이행,건조,맑음,단일로 - 기타,승용,남,57세,상해없음,보행자,남,28세,경상
2013030600100198,2013년 3월 6일 12시,수요일,광주광역시 북구 신안동,경상사고,0,0,1,0,차대차 - 측면직각충돌,교차로운행방법위반,건조,맑음,교차로 - 교차로안,승용,남,39세,상해없음,원동기,남,40세,경상
2013030600100247,2013년 3월 6일 14시,수요일,광주광역시 북구 우산동,경상사고,0,0,2,0,차대차 - 측면직각충돌,안전거리미확보,건조,맑음,단일로 - 기타,화물,남,61세,상해없음,이륜,남,67세,경상
2013030600100248,2013년 3월 6일 14시,수요일,광주광역시 북구 동림동,경상사고,0,0,1,0,차량단독 - 기타,안전운전불이행,건조,맑음,단일로 - 기타,승용,남,54세,상해없음,,,,
2013030600100249,2013년 3월 6일 14시,수요일,광주광역시 광산구 하남동,경상사고,0,0,1,0,차대차 - 측면직각충돌,중앙선침범,건조,맑음,교차로 - 교차로안,승용,여,41세,상해없음,특수,남,33세,경상
2013030600100278,2013년 3월 6일 15시,수요일,광주광역시 남구 주월동,중상사고,0,1,0,0,차대사람 - 보도통행중,안전운전불이행,건조,맑음,기타 - 기타,승용,남,61세,상해없음,보행자,남,8세,중상
2013030600100302,2013년 3월 6일 16시,수요일,광주광역시 북구 신안동,경상사고,0,0,1,0,차대차 - 추돌 - 주정차중,안전거리미확보,건조,맑음,단일로 - 기타,승용,남,43세,상해없음,승용,여,56세,경상
2013030600100326,2013년 3월 6일 17시,수요일,광주광역시 광산구 오선동,부상신고사고,0,0,0,1,차대차 - 측면직각충돌,안전거리미확보,건조,맑음,단일로 - 기타,원동기,남,68세,부상신고,승용,남,52세,상해없음
2013030600100361,2013년 3월 6일 18시,수요일,광주광역시 북구 신안동,경상사고,0,0,1,0,차대차 - 측면직각충돌,안전운전불이행,건조,맑음,단일로 - 기타,승용,여,53세,상해없음,원동기,남,42세,경상
2013030600100392,2013년 3월 6일 19시,수요일,광주광역시 북구 용봉동,경상사고,0,0,1,0,차대차 - 측면직각충돌,신호위반,건조,맑음,교차로 - 교차로안,승용,여,43세,상해없음,승용,여,29세,경상
2013030600100393,2013년 3월 6일 19시,수요일,광주광역시 광산구 우산동,경상사고,0,0,2,0,차대차 - 기타,안전운전불이행,건조,맑음,단일로 - 기타,화물,남,37세,경상,화물,남,58세,경상
2013030600100449,2013년 3월 6일 21시,수요일,광주광역시 동구 충장로1가,경상사고,0,0,1,0,차대사람 - 기타,안전운전불이행,건조,맑음,기타 - 기타,승용,남,27세,상해없음,보행자,여,62세,경상
2013030700100028,2013년 3월 7일 01시,목요일,광주광역시 광산구 수완동,중상사고,0,1,1,0,차대차 - 측면직각충돌,중앙선침범,건조,맑음,단일로 - 기타,승용,남,41세,상해없음,승용,남,53세,중상
2013030700100104,2013년 3월 7일 07시,목요일,광주광역시 북구 양산동,경상사고,0,0,1,0,차대차 - 측면직각충돌,신호위반,건조,맑음,교차로 - 교차로안,승용,남,32세,상해없음,승용,여,26세,경상
2013030700100105,2013년 3월 7일 07시,목요일,광주광역시 북구 운암동,경상사고,0,0,1,0,차대사람 - 차도통행중,안전운전불이행,건조,맑음,단일로 - 기타,승용,남,30세,상해없음,보행자,여,15세,경상
2013030700100145,2013년 3월 7일 09시,목요일,광주광역시 서구 광천동,경상사고,0,0,2,0,차대차 - 추돌 - 진행중,안전운전불이행,건조,맑음,단일로 - 기타,승용,여,42세,상해없음,화물,남,39세,경상