사고번호,사고일시,요일,시군구,사고내용,사망자수,중상자수,경상자수,부상신고자수,사고유형,법규위반,노면상태,기상상태,도로형태,가해운전자 차종,가해운전자 성별,가해운전자 연령,가해운전자 상해정도,피해운전자 차종,피해운전자 성별,피해운전자 연령,피해운전자 상해정도
2013030700100146,2013년 3월 7일 09시,목요일,광주광역시 남구 양림동,중상사고,0,1,0,0,차대차 - 측면직각충돌,안전운전불이행,건조,흐림,단일로 - 기타,화물,남,65세,상해없음,승용,여,41세,상해없음
2013030700100169,2013년 3월 7일 10시,목요일,광주광역시 서구 농성동,중상사고,0,1,0,0,차대사람 - 횡단중,안전운전불이행,습기,비,단일로 - 기타,승용,남,42세,상해없음,보행자,남,74세,중상
2013030700100194,2013년 3월 7일 11시,목요일,광주광역시 광산구 비아동,경상사고,0,0,1,0,차대사람 - 보도통행중,보행자보호의무위반,습기,비,단일로 - 횡단보도상,승용,여,37세,상해없음,보행자,남,62세,경상
2013030700100223,2013년 3월 7일 12시,목요일,광주광역시 동구 학동,경상사고,0,0,2,0,차대차 - 측면직각충돌,신호위반,건조,맑음,교차로 - 교차로안,승용,남,60세,상해없음,승용,남,64세,경상
2013030700100224,2013년 3월 7일 12시,목요일,광주광역시 서구 화정동,경상사고,0,0,3,0,차대차 - 기타,교차로운행방법위반,건조,맑음,교차로 - 교차로부근,승용,남,31세,상해없음,승용,여,41세,경상
2013030700100225,2013년 3월 7일 12시,목요일,광주광역시 북구 운암동,경상사고,0,0,1,0,차대차 - 측면직각충돌,안전거리미확보,건조,맑음,단일로 - 기타,화물,남,60세,상해없음,화물,남,34세,상해없음
2013030700100247,2013년 3월 7일 13시,목요일,광주광역시 광산구 양산동,중상사고,0,3,0,0,차대차 - 정면충돌,중앙선침범,건조,맑음,단일로 - 기타,화물,남,47세,중상,승용,여,52세,중상
2013030700100283,2013년 3월 7일 15시,목요일,광주광역시 동구 대인동,경상사고,0,0,1,0,차대사람 - 횡단중,보행자보호의무위반,건조,맑음,단일로 - 횡단보도상,승용,여,34세,상해없음,보행자,남,33세,경상
2013030700100284,2013년 3월 7일 15시,목요일,광주광역시 북구 일곡동,경상사고,0,0,1,1,차대차 - 정면충돌,신호위반,건조,맑음,교차로 - 교차로안,승용,남,58세,부상신고,승용,남,28세,경상
2013030700100306,2013년 3월 7일 16시,목요일,광주광역시 동구 서석동,중상사고,0,1,0,0,차대사람 - 횡단중,안전운전불이행,건조,맑음,교차로 - 교차로부근,승용,남,29세,상해없음,보행자,여,72세,중상
2013030700100307,2013년 3월 7일 16시,목요일,광주광역시 북구 오치동,경상사고,0,0,3,0,차대차 - 기타,안전거리미확보,건조,맑음,단일로 - 기타,승합,남,41세,상해없음,승용,여,30세,경상
2013030700100428,2013년 3월 7일 20시,목요일,광주광역시 동구 계림동,경상사고,0,0,1,0,차대사람 - 기타,안전운전불이행,건조,맑음,기타 - 기타,승용,여,31세,상해없음,보행자,남,53세,경상
2013030700100429,2013년 3월 7일 20시,목요일,광주광역시 서구 쌍촌동,경상사고,0,0,1,0,차대사람 - 횡단중,불법유턴,건조,맑음,단일로 - 기타,승용,남,28세,상해없음,보행자,여,27세,경상
2013030700100458,2013년 3월 7일 21시,목요일,광주광역시 서구 농성동,경상사고,0,0,1,0,차대차 - 추돌 - 주정차중,안전운전불이행,건조,맑음,단일로 - 기타,화물,남,49세,상해없음,승용,남,29세,경상
2013030700100459,2013년 3월 7일 21시,목요일,광주광역시 서구 치평동,부상신고사고,0,0,0,1,차대차 - 측면직각충돌,안전운전불이행,건조,맑음,단일로 - 기타,승용,여,44세,상해없음,이륜,남,15세,부상신고
2013030700100485,2013년 3월 7일 22시,목요일,광주광역시 서구 쌍촌동,경상사고,0,0,1,0,차대사람 - 기타,안전운전불이행,건조,맑음,단일로 - 기타,승용,남,55세,상해없음,보행자,남,51세,경상
2013030800100144,2013년 3월 8일 08시,금요일,광주광역시 서구 매월동,경상사고,0,0,3,0,차대차 - 측면직각충돌,안전운전불이행,건조,맑음,교차로 - 교차로안,화물,남,44세,상해없음,승용,남,50세,경상
2013030800100145,2013년 3월 8일 08시,금요일,광주광역시 서구 농성동,경상사고,0,0,2,0,차대차 - 측면직각충돌,안전거리미확보,건조,맑음,단일로 - 터널,승용,여,37세,상해없음,승용,여,52세,경상
2013030800100146,2013년 3월 8일 08시,금요일,광주광역시 북구 두암동,경상사고,0,0,1,0,차대차 - 기타,교차로운행방법위반,건조,맑음,교차로 - 교차로안,승용,여,44세,상해없음,자전거,여,38세,경상
2013030800100147,2013년 3월 8일 08시,금요일,광주광역시 북구 중흥동,경상사고,0,0,2,0,차대차 - 측면직각충돌,안전운전불이행,건조,맑음,단일로 - 기타,화물,남,65세,상해없음,승용,여,27세,경상
2013030800100179,2013년 3월 8일 10시,금요일,광주광역시 광산구 쌍암동,경상사고,0,0,1,1,차대차 - 측면직각충돌,직진우회전진행방해,건조,맑음,교차로 - 교차로안,승용,여,43세,부상신고,승용,여,57세,경상
2013030800100332,2013년 3월 8일 16시,금요일,광주광역시 남구 백운동,중상사고,0,2,1,0,차대차 - 기타,안전거리미확보,건조,맑음,단일로 - 기타,승용,남,54세,상해없음,승용,여,45세,경상
2013030800100333,2013년 3월 8일 16시,금요일,광주광역시 광산구 월계동,경상사고,0,0,1,0,차대차 - 측면직각충돌,교차로운행방법위반,건조,맑음,교차로 - 교차로안,원동기,남,20세,경상,화물,남,42세,상해없음
2013030800100371,2013년 3월 8일 17시,금요일,광주광역시 서구 금호동,경상사고,0,0,3,0,차대차 - 추돌 - 주정차중,안전운전불이행,건조,맑음,교차로 - 교차로부근,승용,여,50세,상해없음,승용,남,40세,경상
2013030800100372,2013년 3월 8일 17시,금요일,광주광역시 북구 동림동,경상사고,0,0,2,0,차대차 - 측면직각충돌,신호위반,건조,맑음,교차로 - 교차로안,화물,남,33세,상해없음,승용,남,49세,경상
2013030800100373,2013년 3월 8일 17시,금요일,광주광역시 북구 운암동,중상사고,0,1,0,0,차대사람 - 기타,중앙선침범,건조,맑음,교차로 - 교차로안,승용,남,27세,상해없음,보행자,남,13세,중상
2013030800100448,2013년 3월 8일 19시,금요일,광주광역시 광산구 선동,경상사고,0,0,1,0,차대차 - 추돌 - 주정차중,안전운전불이행,건조,맑음,단일로 - 기타,화물,남,50세,상해없음,건설기계,남,51세,경상
2013030800100516,2013년 3월 8일 21시,금요일,광주광역시 남구 서동,중상사고,0,2,0,0,차대차 - 기타,안전운전불이행,건조,기타,단일로 - 기타,승용,남,50세,상해없음,이륜,남,19세,중상
2013030800100517,2013년 3월 8일 21시,금요일,광주광역시 남구 주월동,경상사고,0,0,1,0,차대차 - 측면직각충돌,기타,건조,맑음,단일로 - 기타,승용,여,33세,상해없음,이륜,남,18세,경상
2013030800100518,2013년 3월 8일 21시,금요일,광주광역시 광산구 산월동,경상사고,0,0,2,0,차대차 - 측면직각충돌,중앙선침범,건조,맑음,단일로 - 기타,승용,여,28세,상해없음,승용,남,35세,경상
2013030800100543,2013년 3월 8일 22시,금요일,광주광역시 서구 치평동,경상사고,0,0,2,0,차대차 - 측면직각충돌,안전거리미확보,건조,맑음,교차로 - 교차로안,화물,남,69세,상해없음,승용,남,19세,경상
2013030800100544,2013년 3월 8일 22시,금요일,광주광역시 북구 용봉동,경상사고,0,0,1,0,차대사람 - 기타,안전운전불이행,건조,맑음,교차로 - 교차로안,승용,여,48세,상해없음,보행자,남,39세,경상
2013030800100545,2013년 3월 8일 22시,금요일,광주광역시 광산구 운남동,중상사고,0,2,6,0,차대차 - 기타,신호위반,건조,맑음,교차로 - 교차로안,승합,남,49세,상해없음,화물,남,46세,중상
2013030800100546,2013년 3월 8일 22시,금요일,광주광역시 광산구 월계동,경상사고,0,0,2,0,차대차 - 추돌 - 주정차중,안전운전불이행,건조,맑음,교차로 - 교차로부근,승용,남,45세,상해없음,승용,여,20세,경상
2013030800100570,2013년 3월 8일 23시,금요일,광주광역시 북구 운암동,경상사고,0,0,1,0,차대차 - 측면직각충돌,안전운전불이행,건조,맑음,미분류 - 미분류,화물,남,58세,상해없음,승용,남,52세,경상
2013030800100571,2013년 3월 8일 23시,금요일,광주광역시 광산구 신가동,경상사고,0,0,2,0,차대차 - 측면직각충돌,안전운전불이행,건조,맑음,단일로 - 기타,승용,남,40세,상해없음,승용,남,64세,경상
2013030900100021,2013년 3월 9일 00시,토요일,광주광역시 서구 쌍촌동,경상사고,0,0,1,0,차대차 - 기타,안전운전불이행,건조,맑음,교차로 - 교차로안,승용,기타불명,기타불명,기타불명,승용,남,52세,상해없음
2013030900100022,2013년 3월 9일 00시,토요일,광주광역시 서구 풍암동,경상사고,0,0,2,0,차대차 - 기타,신호위반,건조,맑음,교차로 - 교차로안,승용,여,25세,상해없음,승용,남,54세,경상
2013030900100048,2013년 3월 9일 01시,토요일,광주광역시 남구 백운동,중상사고,0,1,1,0,차대차 - 정면충돌,중앙선침범,건조,맑음,미분류 - 미분류,승용,남,41세,경상,승용,남,55세,중상
2013030900100066,2013년 3월 9일 02시,토요일,광주광역시 서구 농성동,중상사고,0,2,3,0,차대차 - 정면충돌,중앙선침범,건조,맑음,단일로 - 기타,승용,남,35세,중상,승용,남,49세,중상
2013030900100125,2013년 3월 9일 06시,토요일,광주광역시 서구 쌍촌동,경상사고,0,0,3,0,차대차 - 기타,중앙선침범,건조,맑음,단일로 - 기타,승용,남,41세,상해없음,승합,남,55세,경상
2013030900100126,2013년 3월 9일 06시,토요일,광주광역시 서구 치평동,경상사고,0,0,2,0,차대차 - 기타,신호위반,건조,맑음,교차로 - 교차로안,승용,남,26세,상해없음,승용,남,64세,경상
2013030900100127,2013년 3월 9일 06시,토요일,광주광역시 광산구 월계동,경상사고,0,0,1,0,차대차 - 기타,교차로운행방법위반,건조,맑음,교차로 - 교차로안,승용,남,64세,상해없음,자전거,남,66세,경상
2013030900100147,2013년 3월 9일 07시,토요일,광주광역시 서구 쌍촌동,중상사고,0,1,2,0,차대차 - 추돌 - 진행중,신호위반,건조,맑음,교차로 - 교차로안,승합,남,64세,경상,승용,남,60세,경상
2013030900100216,2013년 3월 9일 10시,토요일,광주광역시 남구 노대동,중상사고,0,1,0,0,차대사람 - 횡단중,보행자보호의무위반,건조,맑음,단일로 - 횡단보도상,화물,남,38세,상해없음,보행자,남,11세,중상
2013030900100217,2013년 3월 9일 10시,토요일,광주광역시 광산구 수완동,경상사고,0,0,1,0,차대사람 - 보도통행중,보행자보호의무위반,건조,맑음,단일로 - 기타,승용,남,38세,상해없음,보행자,여,9세,경상
2013030900100250,2013년 3월 9일 11시,토요일,광주광역시 서구 농성동,경상사고,0,0,2,0,차대차 - 기타,기타,건조,맑음,단일로 - 기타,승합,남,50세,상해없음,승용,남,70세,경상
2013030900100251,2013년 3월 9일 11시,토요일,광주광역시 남구 진월동,경상사고,0,0,2,0,차대차 - 추돌 - 주정차중,안전운전불이행,건조,맑음,단일로 - 기타,승용,남,19세,상해없음,승용,남,57세,경상
2013030900100289,2013년 3월 9일 12시,토요일,광주광역시 북구 중흥동,중상사고,0,1,0,0,차대차 - 추돌 - 진행중,교차로운행방법위반,건조,맑음,교차로 - 교차로안,승용,남,28세,상해없음,원동기,남,70세,중상
2013030900100290,2013년 3월 9일 12시,토요일,광주광역시 북구 운암동,경상사고,0,0,1,0,차대사람 - 기타,안전운전불이행,건조,맑음,단일로 - 기타,승합,남,52세,상해없음,보행자,여,63세,경상
2013030900100291,2013년 3월 9일 12시,토요일,광주광역시 광산구 수완동,경상사고,0,0,5,0,차대차 - 측면직각충돌,교차로운행방법위반,건조,맑음,교차로 - 교차로안,승용,여,26세,경상,승용,남,39세,경상
2013030900100320,2013년 3월 9일 13시,토요일,광주광역시 서구 유촌동,경상사고,0,0,2,0,차대차 - 추돌 - 진행중,안전거리미확보,건조,맑음,교차로 - 교차로부근,승합,남,44세,상해없음,승용,여,41세,상해없음
2013030900100434,2013년 3월 9일 17시,토요일,광주광역시 동구 학동,경상사고,0,0,3,0,차대차 - 기타,차로위반,건조,맑음,기타 - 기타,승합,남,28세,상해없음,승용,여,56세,경상
2013030900100435,2013년 3월 9일 17시,토요일,광주광역시 북구 양산동,경상사고,0,0,2,0,차대차 - 추돌 - 진행중,안전거리미확보,건조,맑음,단일로 - 기타,원동기,남,66세,경상,승용,남,57세,경상
2013030900100504,2013년 3월 9일 19시,토요일,광주광역시 북구 일곡동,경상사고,0,0,1,3,차대차 - 기타,안전운전불이행,건조,맑음,교차로 - 교차로부근,승용,남,45세,상해없음,승용,남,45세,부상신고
2013030900100531,2013년 3월 9일 20시,토요일,광주광역시 서구 치평동,경상사고,0,0,1,0,차대차 - 측면직각충돌,안전운전불이행,건조,맑음,교차로 - 교차로부근,승용,남,34세,상해없음,승용,남,60세,상해없음
2013030900100568,2013년 3월 9일 21시,토요일,광주광역시 서구 치평동,경상사고,0,0,1,0,차대사람 - 횡단중,불법유턴,건조,맑음,단일로 - 기타,승용,남,57세,상해없음,보행자,남,16세,경상
2013030900100569,2013년 3월 9일 21시,토요일,광주광역시 남구 월산동,경상사고,0,0,1,0,차대사람 - 횡단중,신호위반,건조,맑음,단일로 - 횡단보도상,기타불명,기타불명,기타불명,기타불명,보행자,여,13세,경상
2013030900100599,2013년 3월 9일 22시,토요일,광주광역시 동구 금남로4가,경상사고,0,0,1,0,차대차 - 추돌 - 진행중,안전운전불이행,건조,맑음,교차로 - 교차로안,승용,여,49세,상해없음,승용,남,50세,경상
2013030900100600,2013년 3월 9일 22시,토요일,광주광역시 서구 유촌동,경상사고,0,0,1,0,차대차 - 측면직각충돌,안전운전불이행,건조,맑음,교차로 - 교차로부근,승용,남,51세,상해없음,승용,남,43세,경상
2013030900100628,2013년 3월 9일 23시,토요일,광주광역시 북구 우산동,경상사고,0,0,1,1,차대차 - 기타,교차로운행방법위반,건조,맑음,교차로 - 교차로안,승용,여,34세,부상신고,승합,남,29세,경상
2013031000100020,2013년 3월 10일 00시,일요일,광주광역시 서구 화정동,중상사고,0,2,2,0,차대차 - 측면직각충돌,신호위반,건조,흐림,교차로 - 교차로안,승용,남,57세,경상,승용,여,45세,중상
2013031000100058,2013년 3월 10일 02시,일요일,광주광역시 북구 본촌동,경상사고,0,0,1,0,차량단독 - 공작물충돌,안전운전불이행,건조,맑음,단일로 - 기타,승용,남,31세,경상,,,,
2013031000100059,2013년 3월 10일 02시,일요일,광주광역시 광산구 산월동,중상사고,0,2,1,0,차대차 - 정면충돌,신호위반,건조,맑음,교차로 - 교차로안,승용,남,59세,경상,승용,남,26세,중상
2013031000100096,2013년 3월 10일 05시,일요일,광주광역시 북구 용봉동,경상사고,0,0,1,0,차대사람 - 기타,안전운전불이행,건조,맑음,교차로 - 교차로부근,승용,남,47세,상해없음,보행자,남,18세,경상
2013031000100103,2013년 3월 10일 06시,일요일,광주광역시 서구 동천동,경상사고,0,0,1,0,차대차 - 측면직각충돌,교차로운행방법위반,건조,흐림,교차로 - 교차로안,승용,남,33세,상해없음,승용,여,52세,경상
2013031000100163,2013년 3월 10일 10시,일요일,광주광역시 광산구 장덕동,경상사고,0,0,2,0,차대차 - 측면직각충돌,중앙선침범,건조,맑음,단일로 - 기타,승용,남,30세,상해없음,승용,여,36세,경상
2013031000100202,2013년 3월 10일 12시,일요일,광주광역시 북구 용봉동,경상사고,0,0,1,0,차대차 - 측면직각충돌,교차로운행방법위반,건조,맑음,교차로 - 교차로안,승용,여,39세,상해없음,이륜,남,24세,경상
2013031000100236,2013년 3월 10일 13시,일요일,광주광역시 서구 마륵동,경상사고,0,0,2,0,차대차 - 기타,안전거리미확보,건조,맑음,교차로 - 교차로안,승용,남,42세,상해없음,승용,남,44세,경상
2013031000100291,2013년 3월 10일 15시,일요일,광주광역시 북구 용두동,경상사고,0,0,1,0,차대사람 - 횡단중,안전운전불이행,건조,맑음,단일로 - 기타,승용,남,33세,상해없음,보행자,여,9세,경상
2013031000100292,2013년 3월 10일 15시,일요일,광주광역시 광산구 운수동,경상사고,0,0,2,0,차대차 - 추돌 - 주정차중,안전운전불이행,건조,맑음,교차로 - 교차로부근,승용,남,52세,상해없음,승용,남,33세,경상
2013031000100326,2013년 3월 10일 16시,일요일,광주광역시 서구 쌍촌동,경상사고,0,0,1,0,차대차 - 기타,안전운전불이행,건조,맑음,교차로 - 교차로부근,승합,남,36세,상해없음,원동기,남,28세,경상
2013031000100327,2013년 3월 10일 16시,일요일,광주광역시 북구 두암동,경상사고,0,0,1,0,차대사람 - 기타,안전운전불이행,건조,맑음,교차로 - 교차로부근,승합,남,49세,상해없음,보행자,여,31세,경상
2013031000100367,2013년 3월 10일 17시,일요일,광주광역시 동구 계림동,경상사고,0,0,2,0,차대차 - 측면직각충돌,안전운전불이행,건조,맑음,교차로 - 교차로안,승용,남,54세,경상,승용,여,53세,경상
2013031000100368,2013년 3월 10일 17시,일요일,광주광역시 광산구 서봉동,경상사고,0,0,1,0,차대차 - 추돌 - 진행중,안전거리미확보,건조,맑음,단일로 - 기타,원동기,남,80세,경상,이륜,남,26세,상해없음
2013031000100393,2013년 3월 10일 18시,일요일,광주광역시 북구 유동,사망사고,1,0,0,0,차대사람 - 횡단중,안전운전불이행,건조,맑음,단일로 - 기타,승용,남,53세,상해없음,보행자,남,75세,사망
2013031000100430,2013년 3월 10일 19시,일요일,광주광역시 서구 덕흥동,경상사고,0,0,2,0,차대차 - 기타,안전운전불이행,건조,맑음,단일로 - 기타,승용,남,27세,상해없음,화물,남,40세,경상
2013031000100431,2013년 3월 10일 19시,일요일,광주광역시 북구 문흥동,사망사고,1,0,0,0,차대사람 - 횡단중,안전운전불이행,건조,맑음,교차로 - 교차로부근,승용,여,59세,상해없음,보행자,남,66세,사망
2013031000100432,2013년 3월 10일 19시,일요일,광주광역시 광산구 운수동,경상사고,0,0,1,0,차대차 - 측면직각충돌,안전운전불이행,건조,맑음,단일로 - 기타,승용,기타불명,기타불명,기타불명,승용,여,36세,경상
2013031000100507,2013년 3월 10일 22시,일요일,광주광역시 서구 매월동,경상사고,0,0,2,0,차대차 - 기타,안전운전불이행,건조,맑음,단일로 - 기타,화물,남,50세,상해없음,승용,남,30세,경상
2013031000100508,2013년 3월 10일 22시,일요일,광주광역시 서구 치평동,경상사고,0,0,1,0,차대사람 - 횡단중,안전운전불이행,건조,맑음,단일로 - 기타,승용,남,55세,상해없음,보행자,남,30세,경상
2013031100100016,2013년 3월 11일 01시,월요일,광주광역시 서구 치평동,중상사고,0,1,0,0,차량단독 - 공작물충돌,안전운전불이행,건조,맑음,교차로 - 교차로안,승용,남,37세,상해없음,,,,
2013031100100017,2013년 3월 11일 01시,월요일,광주광역시 남구 월산동,경상사고,0,0,1,0,차대차 - 기타,안전거리미확보,습기,맑음,단일로 - 기타,승용,남,42세,상해없음,원동기,남,17세,경상
2013031100100018,2013년 3월 11일 01시,월요일,광주광역시 북구 중흥동,경상사고,0,0,1,0,차대사람 - 횡단중,안전운전불이행,건조,맑음,교차로 - 교차로부근,승용,남,38세,상해없음,보행자,남,24세,경상
2013031100100085,2013년 3월 11일 07시,월요일,광주광역시 남구 주월동,경상사고,0,0,3,0,차대차 - 측면직각충돌,안전거리미확보,건조,맑음,단일로 - 기타,승용,여,46세,상해없음,승용,남,36세,경상
2013031100100086,2013년 3월 11일 07시,월요일,광주광역시 북구 유동,경상사고,0,0,2,0,차대차 - 측면직각충돌,신호위반,건조,맑음,교차로 - 교차로안,승용,여,42세,상해없음,승용,남,61세,경상
2013031100100122,2013년 3월 11일 08시,월요일,광주광역시 동구 불로동,경상사고,0,0,1,0,차대차 - 측면직각충돌,안전운전불이행,건조,맑음,교차로 - 교차로안,승용,여,61세,상해없음,승용,여,46세,경상
2013031100100123,2013년 3월 11일 08시,월요일,광주광역시 남구 진월동,경상사고,0,0,3,0,차대차 - 측면직각충돌,안전거리미확보,건조,맑음,단일로 - 기타,승용,남,39세,상해없음,승용,남,42세,경상
2013031100100124,2013년 3월 11일 08시,월요일,광주광역시 광산구 신촌동,경상사고,0,0,1,0,차대차 - 추돌 - 진행중,안전거리미확보,건조,맑음,단일로 - 기타,승용,남,49세,상해없음,승용,여,30세,경상
2013031100100168,2013년 3월 11일 09시,월요일,광주광역시 서구 유촌동,경상사고,0,0,2,0,차대차 - 측면직각충돌,안전운전불이행,건조,맑음,단일로 - 기타,승용,여,61세,경상,화물,남,34세,경상
2013031100100202,2013년 3월 11일 10시,월요일,광주광역시 북구 두암동,경상사고,0,0,1,1,차대차 - 측면직각충돌,신호위반,건조,맑음,교차로 - 교차로안,원동기,남,60세,부상신고,승용,남,43세,경상
2013031100100203,2013년 3월 11일 10시,월요일,광주광역시 북구 오치동,경상사고,0,0,1,0,차대차 - 추돌 - 주정차중,안전거리미확보,건조,맑음,단일로 - 기타,승용,남,58세,상해없음,승용,남,49세,경상
2013031100100252,2013년 3월 11일 13시,월요일,광주광역시 서구 쌍촌동,경상사고,0,0,1,0,차대차 - 기타,안전운전불이행,건조,맑음,교차로 - 교차로안,자전거,남,70세,경상,승용,여,56세,상해없음
2013031100100253,2013년 3월 11일 13시,월요일,광주광역시 북구 양산동,경상사고,0,0,2,0,차대차 - 측면직각충돌,교차로운행방법위반,건조,맑음,교차로 - 교차로안,승용,남,42세,경상,승합,남,31세,경상
2013031100100385,2013년 3월 11일 17시,월요일,광주광역시 남구 백운동,경상사고,0,0,1,0,차대차 - 측면직각충돌,안전운전불이행,건조,맑음,교차로 - 교차로부근,승용,남,49세,상해없음,승합,남,58세,상해없음
2013031100100420,2013년 3월 11일 18시,월요일,광주광역시 북구 풍향동,경상사고,0,0,1,1,차대차 - 기타,안전운전불이행,건조,맑음,교차로 - 교차로부근,이륜,남,17세,부상신고,승용,남,49세,경상
2013031100100421,2013년 3월 11일 18시,월요일,광주광역시 광산구 장덕동,중상사고,0,1,0,0,차대사람 - 기타,안전운전불이행,건조,맑음,교차로 - 교차로안,화물,남,70세,상해없음,보행자,남,8세,중상
2013031100100422,2013년 3월 11일 18시,월요일,광주광역시 광산구 신가동,경상사고,0,0,1,0,차대사람 - 횡단중,보행자보호의무위반,건조,맑음,단일로 - 횡단보도상,승합,여,55세,상해없음,보행자,여,17세,경상
2013031100100466,2013년 3월 11일 19시,월요일,광주광역시 남구 주월동,중상사고,0,1,0,0,차대사람 - 횡단중,안전운전불이행,건조,맑음,단일로 - 기타,화물,남,42세,상해없음,보행자,남,15세,중상
2013031100100494,2013년 3월 11일 20시,월요일,광주광역시 광산구 우산동,경상사고,0,0,1,0,차대사람 - 보도통행중,보행자보호의무위반,건조,맑음,단일로 - 기타,승용,남,46세,상해없음,보행자,여,51세,경상
2013031100100522,2013년 3월 11일 21시,월요일,광주광역시 서구 덕흥동,경상사고,0,0,1,0,차대차 - 측면직각충돌,안전운전불이행,건조,맑음,단일로 - 기타,승용,남,38세,상해없음,승용,남,32세,경상
2013031200100018,2013년 3월 12일 00시,화요일,광주광역시 북구 운암동,경상사고,0,0,1,0,차량단독 - 전도전복,안전운전불이행,건조,맑음,단일로 - 교량,승용,남,31세,경상,,,,
2013031200100029,2013년 3월 12일 01시,화요일,광주광역시 서구 치평동,경상사고,0,0,1,0,차대차 - 측면직각충돌,안전운전불이행,건조,맑음,단일로 - 기타,승용,남,21세,상해없음,승용,남,35세,경상
2013031200100030,2013년 3월 12일 01시,화요일,광주광역시 서구 화정동,경상사고,0,0,1,0,차대사람 - 기타,안전운전불이행,건조,맑음,교차로 - 교차로안,화물,남,31세,상해없음,보행자,남,17세,경상
2013031200100070,2013년 3월 12일 06시,화요일,광주광역시 서구 금호동,경상사고,0,0,3,0,차대차 - 측면직각충돌,안전거리미확보,건조,맑음,단일로 - 기타,승용,여,50세,경상,승용,남,31세,경상
2013031200100071,2013년 3월 12일 06시,화요일,광주광역시 서구 화정동,중상사고,0,2,1,0,차대차 - 측면직각충돌,신호위반,건조,맑음,교차로 - 교차로안,승용,남,47세,중상,승용,남,58세,경상
2013031200100090,2013년 3월 12일 07시,화요일,광주광역시 북구 매곡동,경상사고,0,0,1,0,차량단독 - 기타,안전운전불이행,건조,맑음,단일로 - 기타,승용,남,19세,경상,,,,
2013031200100091,2013년 3월 12일 07시,화요일,광주광역시 북구 우산동,경상사고,0,0,2,0,차대차 - 측면직각충돌,직진우회전진행방해,건조,맑음,교차로 - 교차로부근,승용,남,29세,상해없음,승용,남,33세,경상
2013031200100125,2013년 3월 12일 08시,화요일,광주광역시 북구 용봉동,중상사고,0,1,0,0,차대사람 - 횡단중,안전운전불이행,건조,맑음,단일로 - 기타,승합,남,74세,상해없음,보행자,남,12세,중상
2013031200100148,2013년 3월 12일 09시,화요일,광주광역시 남구 방림동,중상사고,0,1,0,0,차대차 - 기타,안전운전불이행,건조,맑음,단일로 - 기타,승용,여,51세,상해없음,이륜,남,82세,중상
2013031200100167,2013년 3월 12일 10시,화요일,광주광역시 남구 월산동,경상사고,0,0,1,0,차대차 - 추돌 - 진행중,안전거리미확보,건조,맑음,단일로 - 기타,승용,여,36세,상해없음,화물,남,38세,경상
2013031200100192,2013년 3월 12일 11시,화요일,광주광역시 남구 월산동,중상사고,0,1,0,0,차대사람 - 횡단중,보행자보호의무위반,건조,맑음,단일로 - 횡단보도상,승용,남,36세,상해없음,보행자,여,75세,중상
2013031200100193,2013년 3월 12일 11시,화요일,광주광역시 남구 노대동,경상사고,0,0,2,0,차대차 - 기타,교차로운행방법위반,건조,맑음,교차로 - 교차로안,승용,남,53세,경상,승용,남,55세,경상
2013031200100218,2013년 3월 12일 12시,화요일,광주광역시 북구 양산동,경상사고,0,0,1,0,차량단독 - 전도전복,안전운전불이행,건조,맑음,단일로 - 기타,원동기,남,23세,경상,,,,
2013031200100243,2013년 3월 12일 13시,화요일,광주광역시 남구 주월동,중상사고,0,1,0,0,차대차 - 기타,신호위반,건조,맑음,기타 - 기타,승용,여,31세,상해없음,자전거,남,70세,중상
2013031200100244,2013년 3월 12일 13시,화요일,광주광역시 광산구 신가동,경상사고,0,0,1,0,차대차 - 측면직각충돌,중앙선침범,건조,맑음,단일로 - 기타,승용,남,54세,상해없음,승용,남,37세,경상
2013031200100260,2013년 3월 12일 14시,화요일,광주광역시 북구 신용동,경상사고,0,0,1,0,차대사람 - 횡단중,신호위반,건조,맑음,교차로 - 교차로안,승용,여,39세,상해없음,보행자,남,7세,경상
2013031200100311,2013년 3월 12일 16시,화요일,광주광역시 광산구 운남동,중상사고,0,1,0,0,차대차 - 기타,안전거리미확보,건조,맑음,단일로 - 기타,화물,남,54세,상해없음,이륜,남,37세,중상
2013031200100329,2013년 3월 12일 17시,화요일,광주광역시 남구 주월동,경상사고,0,0,4,0,차대차 - 측면직각충돌,안전거리미확보,건조,맑음,단일로 - 기타,화물,남,49세,상해없음,승용,남,26세,경상
2013031200100330,2013년 3월 12일 17시,화요일,광주광역시 광산구 월곡동,경상사고,0,0,1,0,차대차 - 추돌 - 진행중,안전거리미확보,건조,맑음,교차로 - 교차로부근,승용,남,66세,상해없음,승용,여,34세,경상
2013031200100331,2013년 3월 12일 17시,화요일,광주광역시 광산구 산정동,경상사고,0,0,1,0,차대사람 - 기타,불법유턴,건조,맑음,단일로 - 기타,승용,기타불명,기타불명,기타불명,보행자,여,11세,경상
2013031200100359,2013년 3월 12일 18시,화요일,광주광역시 남구 봉선동,경상사고,0,0,1,0,차대사람 - 횡단중,신호위반,건조,맑음,단일로 - 횡단보도상,승용,남,64세,상해없음,보행자,여,18세,경상
2013031200100360,2013년 3월 12일 18시,화요일,광주광역시 광산구 수완동,경상사고,0,0,2,0,차대차 - 추돌 - 진행중,직진우회전진행방해,건조,맑음,교차로 - 교차로안,승용,여,35세,경상,승용,여,62세,경상