사고번호,사고일시,요일,시군구,사고내용,사망자수,중상자수,경상자수,부상신고자수,사고유형,법규위반,노면상태,기상상태,도로형태,가해운전자 차종,가해운전자 성별,가해운전자 연령,가해운전자 상해정도,피해운전자 차종,피해운전자 성별,피해운전자 연령,피해운전자 상해정도
2013031200100400,2013년 3월 12일 19시,화요일,광주광역시 북구 용봉동,경상사고,0,0,1,0,차대사람 - 횡단중,안전운전불이행,건조,맑음,교차로 - 교차로부근,승용,남,59세,상해없음,보행자,남,43세,경상
2013031200100401,2013년 3월 12일 19시,화요일,광주광역시 북구 누문동,경상사고,0,0,2,0,차대차 - 추돌 - 진행중,차로위반,건조,맑음,단일로 - 기타,승용,남,59세,경상,원동기,남,22세,경상
2013031200100430,2013년 3월 12일 20시,화요일,광주광역시 동구 대인동,경상사고,0,0,1,0,차대사람 - 차도통행중,안전운전불이행,건조,맑음,단일로 - 기타,승용,남,57세,상해없음,보행자,여,30세,경상
2013031200100431,2013년 3월 12일 20시,화요일,광주광역시 서구 치평동,경상사고,0,0,1,0,차대차 - 추돌 - 주정차중,안전운전불이행,건조,맑음,기타 - 기타,승용,남,55세,상해없음,승용,남,33세,경상
2013031200100464,2013년 3월 12일 21시,화요일,광주광역시 남구 방림동,경상사고,0,0,1,0,차대차 - 추돌 - 진행중,안전거리미확보,건조,맑음,단일로 - 기타,승용,남,41세,상해없음,승합,여,34세,경상
2013031200100465,2013년 3월 12일 21시,화요일,광주광역시 북구 운암동,부상신고사고,0,0,0,1,차대차 - 측면직각충돌,안전거리미확보,건조,맑음,단일로 - 기타,승용,여,63세,상해없음,승용,남,18세,상해없음
2013031200100515,2013년 3월 12일 22시,화요일,광주광역시 서구 치평동,경상사고,0,0,1,0,차대차 - 기타,교차로운행방법위반,건조,맑음,교차로 - 교차로안,승합,남,61세,기타불명,승용,남,38세,경상
2013031200100516,2013년 3월 12일 22시,화요일,광주광역시 북구 용봉동,경상사고,0,0,1,0,차대차 - 기타,안전운전불이행,건조,맑음,단일로 - 기타,승용,남,58세,상해없음,자전거,남,12세,경상
2013031200100574,2013년 3월 12일 23시,화요일,광주광역시 북구 중흥동,경상사고,0,0,2,0,차대차 - 추돌 - 진행중,안전거리미확보,건조,맑음,단일로 - 기타,승용,여,28세,상해없음,승용,남,61세,경상
2013031200100575,2013년 3월 12일 23시,화요일,광주광역시 광산구 수완동,중상사고,0,1,1,0,차대차 - 측면직각충돌,안전운전불이행,건조,흐림,교차로 - 교차로부근,승용,남,25세,상해없음,원동기,남,16세,중상
2013031300100066,2013년 3월 13일 01시,수요일,광주광역시 서구 치평동,경상사고,0,0,1,0,차대차 - 측면직각충돌,교차로운행방법위반,습기,비,교차로 - 교차로안,승용,남,28세,상해없음,승용,남,57세,경상
2013031300100067,2013년 3월 13일 01시,수요일,광주광역시 광산구 쌍암동,경상사고,0,0,3,0,차대차 - 추돌 - 진행중,안전거리미확보,습기,맑음,교차로 - 교차로안,승용,남,23세,경상,승용,남,31세,경상
2013031300100084,2013년 3월 13일 02시,수요일,광주광역시 서구 치평동,경상사고,0,0,1,0,차대차 - 추돌 - 진행중,안전운전불이행,습기,비,단일로 - 기타,승용,남,31세,상해없음,승용,남,54세,경상
2013031300100170,2013년 3월 13일 07시,수요일,광주광역시 북구 문흥동,경상사고,0,0,2,0,차대차 - 측면직각충돌,교차로운행방법위반,건조,맑음,교차로 - 교차로안,승용,여,42세,경상,승용,여,40세,경상
2013031300100171,2013년 3월 13일 07시,수요일,광주광역시 광산구 옥동,중상사고,0,1,1,0,차대차 - 측면직각충돌,신호위반,습기,비,교차로 - 교차로안,승용,남,51세,상해없음,승용,남,62세,중상
2013031300100199,2013년 3월 13일 08시,수요일,광주광역시 광산구 월계동,경상사고,0,0,1,0,차대차 - 추돌 - 주정차중,안전운전불이행,건조,맑음,교차로 - 교차로부근,승용,여,49세,상해없음,승용,여,32세,경상
2013031300100221,2013년 3월 13일 09시,수요일,광주광역시 서구 쌍촌동,경상사고,0,0,1,0,차대차 - 기타,안전운전불이행,건조,맑음,기타 - 기타,승용,남,28세,경상,승용,남,39세,상해없음
2013031300100240,2013년 3월 13일 10시,수요일,광주광역시 서구 풍암동,경상사고,0,0,1,0,차대차 - 기타,교차로운행방법위반,건조,맑음,교차로 - 교차로부근,승용,남,67세,상해없음,이륜,남,71세,경상
2013031300100260,2013년 3월 13일 11시,수요일,광주광역시 남구 봉선동,경상사고,0,0,2,0,차대차 - 추돌 - 주정차중,안전운전불이행,건조,맑음,기타 - 기타,승용,남,73세,상해없음,승용,여,42세,상해없음
2013031300100382,2013년 3월 13일 16시,수요일,광주광역시 동구 계림동,경상사고,0,0,1,0,차대차 - 추돌 - 진행중,안전운전불이행,건조,맑음,교차로 - 교차로부근,승용,남,38세,상해없음,승용,남,31세,경상
2013031300100446,2013년 3월 13일 18시,수요일,광주광역시 남구 백운동,경상사고,0,0,1,0,차대차 - 측면직각충돌,차로위반,건조,맑음,단일로 - 기타,승용,남,51세,상해없음,승용,남,57세,경상
2013031300100447,2013년 3월 13일 18시,수요일,광주광역시 광산구 선동,중상사고,0,1,0,0,차량단독 - 공작물충돌,안전운전불이행,건조,맑음,단일로 - 기타,승용,남,51세,중상,,,,
2013031300100480,2013년 3월 13일 19시,수요일,광주광역시 북구 두암동,중상사고,0,1,0,0,차대사람 - 보도통행중,기타,건조,맑음,교차로 - 교차로부근,승합,남,62세,상해없음,보행자,여,15세,중상
2013031300100564,2013년 3월 13일 22시,수요일,광주광역시 서구 풍암동,경상사고,0,0,1,0,차대차 - 측면직각충돌,안전운전불이행,건조,맑음,교차로 - 교차로안,승용,남,45세,상해없음,승용,남,35세,경상
2013031300100565,2013년 3월 13일 22시,수요일,광주광역시 북구 운암동,경상사고,0,0,4,0,차대차 - 추돌 - 진행중,안전거리미확보,건조,맑음,교차로 - 교차로부근,승용,남,55세,상해없음,승용,남,30세,경상
2013031300100566,2013년 3월 13일 22시,수요일,광주광역시 북구 두암동,경상사고,0,0,1,0,차대사람 - 횡단중,안전운전불이행,건조,맑음,단일로 - 기타,승용,여,47세,상해없음,보행자,여,23세,경상
2013031300100593,2013년 3월 13일 23시,수요일,광주광역시 서구 치평동,중상사고,0,1,0,0,차대차 - 기타,안전운전불이행,건조,맑음,단일로 - 기타,승용,남,40세,상해없음,화물,남,74세,중상
2013031300100594,2013년 3월 13일 23시,수요일,광주광역시 광산구 월계동,경상사고,0,0,1,0,차대차 - 추돌 - 주정차중,안전운전불이행,건조,맑음,교차로 - 교차로부근,승용,남,37세,상해없음,승용,남,59세,경상
2013031400100018,2013년 3월 14일 00시,목요일,광주광역시 서구 치평동,경상사고,0,0,1,0,차대차 - 기타,신호위반,건조,맑음,교차로 - 교차로안,승용,남,52세,상해없음,승용,남,63세,경상
2013031400100041,2013년 3월 14일 01시,목요일,광주광역시 서구 덕흥동,경상사고,0,0,1,0,차대차 - 추돌 - 진행중,안전거리미확보,건조,흐림,단일로 - 기타,승용,여,38세,상해없음,승용,남,52세,상해없음
2013031400100058,2013년 3월 14일 02시,목요일,광주광역시 남구 백운동,경상사고,0,0,1,0,차대차 - 측면직각충돌,신호위반,건조,맑음,교차로 - 교차로안,승용,남,45세,상해없음,승용,남,30세,경상
2013031400100069,2013년 3월 14일 03시,목요일,광주광역시 북구 용두동,경상사고,0,0,1,0,차대사람 - 기타,안전운전불이행,건조,맑음,교차로 - 교차로부근,승용,남,35세,상해없음,보행자,남,58세,경상
2013031400100085,2013년 3월 14일 05시,목요일,광주광역시 서구 화정동,경상사고,0,0,2,0,차대차 - 기타,안전운전불이행,건조,맑음,교차로 - 교차로안,승용,남,52세,상해없음,승용,남,59세,경상
2013031400100121,2013년 3월 14일 07시,목요일,광주광역시 북구 풍향동,경상사고,0,0,1,0,차대차 - 기타,안전운전불이행,건조,맑음,단일로 - 기타,승용,남,52세,상해없음,자전거,남,53세,경상
2013031400100164,2013년 3월 14일 08시,목요일,광주광역시 서구 동천동,경상사고,0,0,1,0,차대차 - 추돌 - 진행중,안전거리미확보,건조,맑음,단일로 - 기타,승용,남,47세,상해없음,승용,남,32세,경상
2013031400100165,2013년 3월 14일 08시,목요일,광주광역시 서구 치평동,경상사고,0,0,1,0,차대사람 - 횡단중,신호위반,건조,맑음,교차로 - 교차로부근,승합,남,64세,상해없음,보행자,여,36세,경상
2013031400100166,2013년 3월 14일 08시,목요일,광주광역시 남구 백운동,경상사고,0,0,1,0,차대차 - 기타,안전운전불이행,건조,맑음,기타 - 기타,승용,남,41세,상해없음,자전거,여,44세,경상
2013031400100167,2013년 3월 14일 08시,목요일,광주광역시 북구 문흥동,중상사고,0,1,0,0,차대차 - 측면직각충돌,교차로운행방법위반,건조,맑음,교차로 - 교차로안,승용,남,56세,상해없음,승용,남,40세,중상
2013031400100168,2013년 3월 14일 08시,목요일,광주광역시 광산구 오선동,경상사고,0,0,2,0,차대차 - 측면직각충돌,안전운전불이행,건조,맑음,단일로 - 기타,승용,남,24세,경상,승용,여,34세,경상
2013031400100169,2013년 3월 14일 08시,목요일,광주광역시 광산구 우산동,경상사고,0,0,1,0,차대차 - 추돌 - 주정차중,안전운전불이행,건조,맑음,교차로 - 교차로부근,승용,기타불명,기타불명,기타불명,승용,여,27세,경상
2013031400100187,2013년 3월 14일 09시,목요일,광주광역시 서구 금호동,사망사고,1,0,0,0,차량단독 - 기타,안전운전불이행,건조,맑음,단일로 - 기타,화물,남,37세,상해없음,,,,
2013031400100225,2013년 3월 14일 11시,목요일,광주광역시 동구 궁동,경상사고,0,0,1,0,차대사람 - 기타,신호위반,건조,맑음,교차로 - 교차로안,승용,여,30세,상해없음,보행자,여,22세,경상
2013031400100276,2013년 3월 14일 13시,목요일,광주광역시 동구 산수동,경상사고,0,0,1,0,차대사람 - 기타,안전운전불이행,건조,맑음,교차로 - 교차로부근,승용,기타불명,기타불명,기타불명,보행자,여,39세,경상
2013031400100277,2013년 3월 14일 13시,목요일,광주광역시 북구 문흥동,경상사고,0,0,1,0,차대사람 - 횡단중,안전운전불이행,건조,맑음,단일로 - 기타,승용,여,62세,상해없음,보행자,남,77세,경상
2013031400100324,2013년 3월 14일 15시,목요일,광주광역시 동구 대인동,경상사고,0,0,1,0,차대차 - 측면직각충돌,안전운전불이행,건조,맑음,기타 - 기타,승용,남,51세,상해없음,승용,남,42세,경상
2013031400100325,2013년 3월 14일 15시,목요일,광주광역시 서구 유촌동,중상사고,0,1,0,0,차대사람 - 기타,신호위반,건조,맑음,교차로 - 교차로안,승용,여,42세,상해없음,보행자,남,9세,중상
2013031400100353,2013년 3월 14일 16시,목요일,광주광역시 북구 신안동,경상사고,0,0,1,0,차대차 - 측면직각충돌,안전거리미확보,건조,맑음,단일로 - 기타,승용,남,48세,상해없음,이륜,남,46세,경상
2013031400100354,2013년 3월 14일 16시,목요일,광주광역시 광산구 우산동,중상사고,0,1,0,0,차대차 - 측면직각충돌,안전거리미확보,건조,맑음,단일로 - 기타,화물,남,59세,상해없음,이륜,남,45세,중상
2013031400100386,2013년 3월 14일 17시,목요일,광주광역시 북구 용봉동,경상사고,0,0,1,0,차대차 - 측면직각충돌,교차로운행방법위반,건조,맑음,교차로 - 교차로안,승용,남,56세,상해없음,승용,남,28세,경상
2013031400100387,2013년 3월 14일 17시,목요일,광주광역시 광산구 월계동,경상사고,0,0,3,0,차대차 - 측면직각충돌,신호위반,건조,맑음,교차로 - 교차로안,이륜,남,16세,경상,화물,남,25세,경상
2013031400100418,2013년 3월 14일 18시,목요일,광주광역시 남구 월산동,경상사고,0,0,1,0,차대차 - 측면직각충돌,신호위반,건조,맑음,교차로 - 교차로안,승용,남,29세,상해없음,승용,남,57세,경상
2013031400100419,2013년 3월 14일 18시,목요일,광주광역시 북구 우산동,경상사고,0,0,1,0,차대사람 - 기타,안전운전불이행,건조,맑음,단일로 - 기타,승합,남,78세,상해없음,보행자,남,53세,경상
2013031400100420,2013년 3월 14일 18시,목요일,광주광역시 북구 오치동,경상사고,0,0,1,0,차대차 - 추돌 - 진행중,안전거리미확보,건조,맑음,단일로 - 횡단보도부근,승용,여,32세,상해없음,승용,여,34세,경상
2013031400100524,2013년 3월 14일 21시,목요일,광주광역시 북구 신안동,경상사고,0,0,1,0,차대사람 - 횡단중,안전운전불이행,건조,맑음,단일로 - 기타,이륜,남,23세,상해없음,보행자,남,57세,경상
2013031400100551,2013년 3월 14일 22시,목요일,광주광역시 서구 금호동,경상사고,0,0,1,0,차대사람 - 보도통행중,기타,건조,맑음,교차로 - 교차로안,승용,남,26세,상해없음,보행자,남,19세,경상
2013031400100582,2013년 3월 14일 23시,목요일,광주광역시 북구 운정동,중상사고,0,1,0,0,차량단독 - 공작물충돌,안전운전불이행,건조,맑음,단일로 - 기타,화물,남,23세,중상,,,,
2013031400100583,2013년 3월 14일 23시,목요일,광주광역시 북구 용봉동,경상사고,0,0,1,0,차대사람 - 횡단중,신호위반,건조,맑음,교차로 - 교차로안,승용,여,50세,상해없음,보행자,남,22세,경상
2013031500100047,2013년 3월 15일 03시,금요일,광주광역시 서구 쌍촌동,경상사고,0,0,3,0,차대차 - 추돌 - 주정차중,안전운전불이행,건조,맑음,단일로 - 기타,승용,여,29세,상해없음,승용,남,31세,경상
2013031500100113,2013년 3월 15일 07시,금요일,광주광역시 북구 두암동,중상사고,0,1,0,0,차대사람 - 차도통행중,기타,건조,맑음,단일로 - 기타,승합,남,40세,상해없음,보행자,여,55세,중상
2013031500100157,2013년 3월 15일 08시,금요일,광주광역시 동구 계림동,중상사고,0,1,0,0,차대사람 - 횡단중,안전운전불이행,건조,맑음,교차로 - 교차로안,승합,남,62세,상해없음,보행자,여,11세,중상
2013031500100158,2013년 3월 15일 08시,금요일,광주광역시 동구 금남로1가,경상사고,0,0,1,0,차대차 - 기타,안전거리미확보,건조,맑음,교차로 - 교차로부근,승용,남,44세,상해없음,승용,남,54세,상해없음
2013031500100159,2013년 3월 15일 08시,금요일,광주광역시 서구 광천동,중상사고,0,1,0,0,차대차 - 측면직각충돌,안전운전불이행,건조,맑음,단일로 - 기타,화물,남,55세,상해없음,화물,남,51세,중상
2013031500100160,2013년 3월 15일 08시,금요일,광주광역시 북구 각화동,경상사고,0,0,1,0,차대사람 - 횡단중,안전운전불이행,건조,맑음,단일로 - 기타,승용,남,56세,상해없음,보행자,여,27세,경상
2013031500100161,2013년 3월 15일 08시,금요일,광주광역시 광산구 신창동,경상사고,0,0,5,0,차대차 - 기타,중앙선침범,건조,맑음,교차로 - 교차로부근,승용,여,32세,경상,승합,남,47세,상해없음
2013031500100162,2013년 3월 15일 08시,금요일,광주광역시 광산구 오선동,경상사고,0,0,2,0,차대차 - 측면직각충돌,중앙선침범,건조,맑음,교차로 - 교차로부근,화물,남,28세,상해없음,화물,남,25세,경상
2013031500100271,2013년 3월 15일 13시,금요일,광주광역시 광산구 월계동,중상사고,0,1,2,0,차대차 - 추돌 - 진행중,안전거리미확보,건조,맑음,단일로 - 기타,승합,남,50세,상해없음,승용,남,39세,경상
2013031500100305,2013년 3월 15일 14시,금요일,광주광역시 북구 화암동,중상사고,0,1,0,0,차량단독 - 기타,기타,건조,맑음,단일로 - 기타,승합,남,61세,상해없음,,,,
2013031500100421,2013년 3월 15일 18시,금요일,광주광역시 서구 치평동,경상사고,0,0,2,0,차대차 - 기타,안전운전불이행,건조,맑음,기타 - 기타,승용,여,54세,상해없음,승용,남,37세,기타불명
2013031500100422,2013년 3월 15일 18시,금요일,광주광역시 서구 유촌동,경상사고,0,0,2,0,차대사람 - 횡단중,보행자보호의무위반,건조,맑음,교차로 - 교차로부근,이륜,남,22세,상해없음,보행자,남,8세,경상
2013031500100462,2013년 3월 15일 19시,금요일,광주광역시 남구 송하동,중상사고,0,1,0,0,차대사람 - 횡단중,보행자보호의무위반,건조,맑음,단일로 - 기타,승용,남,48세,상해없음,보행자,여,25세,중상
2013031500100571,2013년 3월 15일 22시,금요일,광주광역시 서구 치평동,경상사고,0,0,2,0,차대차 - 기타,안전거리미확보,건조,맑음,교차로 - 교차로부근,승용,남,26세,상해없음,승용,남,37세,경상
2013031500100572,2013년 3월 15일 22시,금요일,광주광역시 광산구 수완동,부상신고사고,0,0,0,1,차대차 - 기타,안전운전불이행,건조,맑음,단일로 - 기타,승용,남,34세,부상신고,화물,남,26세,상해없음
2013031500100600,2013년 3월 15일 23시,금요일,광주광역시 서구 금호동,경상사고,0,0,1,0,차대차 - 기타,안전거리미확보,건조,맑음,단일로 - 기타,화물,남,39세,기타불명,원동기,남,15세,경상
2013031500100601,2013년 3월 15일 23시,금요일,광주광역시 북구 오치동,중상사고,0,1,1,0,차대차 - 기타,안전운전불이행,건조,맑음,교차로 - 교차로안,원동기,남,16세,경상,승용,남,41세,기타불명
2013031600100025,2013년 3월 16일 00시,토요일,광주광역시 서구 쌍촌동,경상사고,0,0,2,0,차대차 - 추돌 - 주정차중,안전거리미확보,건조,맑음,교차로 - 교차로부근,승용,남,62세,상해없음,승용,여,38세,경상
2013031600100026,2013년 3월 16일 00시,토요일,광주광역시 북구 운암동,경상사고,0,0,1,0,차대사람 - 횡단중,안전운전불이행,건조,맑음,단일로 - 기타,승용,남,43세,상해없음,보행자,남,19세,경상
2013031600100096,2013년 3월 16일 05시,토요일,광주광역시 서구 쌍촌동,경상사고,0,0,1,0,차대차 - 측면직각충돌,신호위반,건조,맑음,교차로 - 교차로안,기타불명,기타불명,기타불명,기타불명,승합,남,50세,경상
2013031600100116,2013년 3월 16일 07시,토요일,광주광역시 북구 두암동,경상사고,0,0,2,0,차대차 - 측면직각충돌,안전운전불이행,건조,맑음,단일로 - 기타,승용,남,41세,상해없음,화물,남,45세,경상
2013031600100157,2013년 3월 16일 09시,토요일,광주광역시 북구 일곡동,경상사고,0,0,1,0,차대차 - 기타,안전운전불이행,건조,맑음,단일로 - 기타,승용,여,44세,상해없음,원동기,남,56세,경상
2013031600100194,2013년 3월 16일 11시,토요일,광주광역시 남구 송하동,중상사고,0,1,5,0,차대차 - 측면직각충돌,차로위반,건조,맑음,단일로 - 기타,승용,남,63세,경상,승용,남,24세,경상
2013031600100239,2013년 3월 16일 13시,토요일,광주광역시 남구 백운동,경상사고,0,0,1,0,차대사람 - 횡단중,안전운전불이행,건조,맑음,단일로 - 기타,이륜,남,34세,상해없음,보행자,여,53세,경상
2013031600100266,2013년 3월 16일 14시,토요일,광주광역시 서구 쌍촌동,경상사고,0,0,1,0,차대사람 - 길가장자리구역통행중,안전운전불이행,건조,맑음,기타 - 기타,기타불명,기타불명,기타불명,기타불명,보행자,남,52세,경상
2013031600100292,2013년 3월 16일 15시,토요일,광주광역시 동구 선교동,중상사고,0,1,0,0,차량단독 - 공작물충돌,안전운전불이행,건조,맑음,단일로 - 기타,이륜,남,17세,중상,,,,
2013031600100293,2013년 3월 16일 15시,토요일,광주광역시 서구 동천동,경상사고,0,0,1,0,차대차 - 기타,안전운전불이행,건조,맑음,단일로 - 횡단보도상,승용,남,38세,상해없음,자전거,남,11세,경상
2013031600100294,2013년 3월 16일 15시,토요일,광주광역시 북구 양산동,중상사고,0,1,0,0,차대사람 - 횡단중,보행자보호의무위반,건조,맑음,교차로 - 교차로부근,승용,여,30세,상해없음,보행자,여,77세,중상
2013031600100325,2013년 3월 16일 16시,토요일,광주광역시 서구 치평동,경상사고,0,0,1,0,차대사람 - 기타,중앙선침범,건조,맑음,단일로 - 기타,화물,남,67세,상해없음,보행자,여,29세,경상
2013031600100326,2013년 3월 16일 16시,토요일,광주광역시 서구 매월동,경상사고,0,0,2,0,차대차 - 측면직각충돌,신호위반,건조,맑음,교차로 - 교차로안,승용,남,32세,상해없음,승용,남,33세,경상
2013031600100327,2013년 3월 16일 16시,토요일,광주광역시 북구 매곡동,경상사고,0,0,1,0,차대차 - 측면직각충돌,안전운전불이행,건조,맑음,교차로 - 교차로부근,승용,여,44세,상해없음,자전거,남,41세,경상
2013031600100363,2013년 3월 16일 17시,토요일,광주광역시 서구 농성동,경상사고,0,0,7,0,차대차 - 추돌 - 진행중,안전거리미확보,건조,맑음,단일로 - 기타,승용,여,38세,상해없음,승용,남,35세,경상
2013031600100364,2013년 3월 16일 17시,토요일,광주광역시 서구 치평동,경상사고,0,0,2,0,차대차 - 기타,안전운전불이행,건조,맑음,교차로 - 교차로부근,승합,남,58세,상해없음,화물,남,37세,경상
2013031600100438,2013년 3월 16일 19시,토요일,광주광역시 서구 광천동,경상사고,0,0,3,0,차대차 - 추돌 - 진행중,안전거리미확보,건조,맑음,교차로 - 교차로안,승용,남,59세,상해없음,승용,남,27세,경상
2013031600100439,2013년 3월 16일 19시,토요일,광주광역시 서구 쌍촌동,경상사고,0,0,2,0,차대차 - 측면직각충돌,안전운전불이행,건조,맑음,단일로 - 기타,승용,남,39세,경상,승용,남,33세,경상
2013031600100440,2013년 3월 16일 19시,토요일,광주광역시 광산구 월곡동,경상사고,0,0,1,0,차대차 - 추돌 - 진행중,안전거리미확보,건조,맑음,단일로 - 기타,승합,남,49세,상해없음,승용,남,32세,경상
2013031600100474,2013년 3월 16일 20시,토요일,광주광역시 남구 월산동,경상사고,0,0,1,0,차대사람 - 횡단중,신호위반,건조,맑음,단일로 - 횡단보도상,승용,여,57세,상해없음,보행자,여,19세,경상
2013031600100509,2013년 3월 16일 21시,토요일,광주광역시 서구 광천동,경상사고,0,0,2,0,차대차 - 측면직각충돌,안전운전불이행,건조,맑음,교차로 - 교차로안,승용,남,59세,상해없음,승용,여,33세,경상
2013031600100510,2013년 3월 16일 21시,토요일,광주광역시 서구 쌍촌동,경상사고,0,0,1,0,차대사람 - 기타,안전운전불이행,건조,맑음,단일로 - 기타,승용,남,66세,상해없음,보행자,남,51세,경상
2013031600100511,2013년 3월 16일 21시,토요일,광주광역시 북구 일곡동,경상사고,0,0,2,0,차대차 - 측면직각충돌,중앙선침범,건조,흐림,교차로 - 교차로부근,승용,남,54세,상해없음,승용,남,42세,경상
2013031600100542,2013년 3월 16일 22시,토요일,광주광역시 서구 풍암동,경상사고,0,0,1,0,차대차 - 측면직각충돌,교차로운행방법위반,건조,맑음,교차로 - 교차로안,승용,남,31세,상해없음,원동기,남,41세,경상
2013031600100543,2013년 3월 16일 22시,토요일,광주광역시 남구 주월동,경상사고,0,0,2,0,차대차 - 측면직각충돌,안전운전불이행,건조,맑음,단일로 - 기타,이륜,남,21세,경상,승용,남,34세,경상
2013031600100544,2013년 3월 16일 22시,토요일,광주광역시 광산구 소촌동,경상사고,0,0,1,0,차대차 - 기타,안전거리미확보,건조,맑음,단일로 - 기타,승용,여,21세,상해없음,승용,남,40세,경상
2013031700100027,2013년 3월 17일 00시,일요일,광주광역시 서구 치평동,경상사고,0,0,2,0,차대차 - 추돌 - 주정차중,안전운전불이행,건조,맑음,단일로 - 기타,승용,남,29세,상해없음,승용,여,52세,경상
2013031700100085,2013년 3월 17일 03시,일요일,광주광역시 북구 신안동,경상사고,0,0,3,0,차대차 - 측면직각충돌,신호위반,건조,맑음,교차로 - 교차로안,승용,남,31세,상해없음,승용,남,31세,경상
2013031700100117,2013년 3월 17일 06시,일요일,광주광역시 동구 지산동,부상신고사고,0,0,0,1,차대사람 - 기타,안전운전불이행,건조,맑음,단일로 - 기타,승용,남,23세,상해없음,보행자,남,39세,부상신고
2013031700100166,2013년 3월 17일 10시,일요일,광주광역시 광산구 월곡동,경상사고,0,0,1,0,차대차 - 추돌 - 진행중,안전거리미확보,건조,맑음,단일로 - 기타,승용,남,45세,상해없음,원동기,남,26세,경상
2013031700100204,2013년 3월 17일 12시,일요일,광주광역시 광산구 우산동,경상사고,0,0,1,0,차대차 - 측면직각충돌,교차로운행방법위반,건조,맑음,교차로 - 교차로안,승용,남,60세,상해없음,이륜,여,21세,경상
2013031700100205,2013년 3월 17일 12시,일요일,광주광역시 북구 중흥동,경상사고,0,0,2,0,차대차 - 측면직각충돌,교차로운행방법위반,건조,맑음,교차로 - 교차로부근,승용,남,54세,경상,승용,남,62세,경상
2013031700100248,2013년 3월 17일 14시,일요일,광주광역시 서구 쌍촌동,경상사고,0,0,1,0,차대차 - 추돌 - 주정차중,안전운전불이행,건조,맑음,단일로 - 기타,이륜,남,23세,경상,승용,남,28세,기타불명
2013031700100291,2013년 3월 17일 16시,일요일,광주광역시 남구 주월동,경상사고,0,0,1,0,차대사람 - 횡단중,안전운전불이행,습기,비,교차로 - 교차로안,화물,여,56세,상해없음,보행자,남,10세,경상
2013031700100292,2013년 3월 17일 16시,일요일,광주광역시 광산구 산정동,경상사고,0,0,1,0,차대차 - 추돌 - 진행중,안전운전불이행,습기,비,단일로 - 기타,화물,남,44세,상해없음,승용,여,46세,경상
2013031700100293,2013년 3월 17일 16시,일요일,광주광역시 광산구 소촌동,경상사고,0,0,1,0,차량단독 - 전도전복,안전운전불이행,습기,흐림,단일로 - 기타,원동기,남,54세,경상,,,,
2013031700100321,2013년 3월 17일 17시,일요일,광주광역시 북구 대촌동,중상사고,0,1,1,1,차대차 - 추돌 - 진행중,안전운전불이행,습기,비,단일로 - 기타,승용,남,60세,부상신고,승합,남,58세,경상
2013031700100361,2013년 3월 17일 18시,일요일,광주광역시 서구 풍암동,경상사고,0,0,3,0,차대차 - 추돌 - 주정차중,안전운전불이행,습기,비,교차로 - 교차로부근,화물,남,50세,상해없음,승합,남,38세,경상
2013031700100362,2013년 3월 17일 18시,일요일,광주광역시 서구 광천동,경상사고,0,0,2,0,차대차 - 추돌 - 주정차중,안전운전불이행,습기,비,교차로 - 교차로부근,승합,남,45세,상해없음,승용,남,50세,경상
2013031700100363,2013년 3월 17일 18시,일요일,광주광역시 북구 용봉동,경상사고,0,0,1,0,차대차 - 측면직각충돌,안전운전불이행,습기,비,단일로 - 기타,승용,남,45세,상해없음,원동기,남,28세,경상
2013031700100364,2013년 3월 17일 18시,일요일,광주광역시 광산구 월계동,경상사고,0,0,2,0,차대차 - 추돌 - 진행중,안전운전불이행,습기,비,교차로 - 교차로부근,승용,남,48세,상해없음,승용,여,29세,경상
2013031700100405,2013년 3월 17일 19시,일요일,광주광역시 북구 우산동,경상사고,0,0,1,0,차대사람 - 횡단중,안전운전불이행,건조,맑음,단일로 - 기타,기타불명,기타불명,기타불명,기타불명,보행자,여,78세,경상
2013031700100406,2013년 3월 17일 19시,일요일,광주광역시 광산구 장덕동,경상사고,0,0,3,0,차대차 - 추돌 - 주정차중,안전운전불이행,습기,비,교차로 - 교차로부근,화물,여,43세,상해없음,승용,여,45세,경상
2013031700100407,2013년 3월 17일 19시,일요일,광주광역시 광산구 수완동,경상사고,0,0,2,0,차대차 - 측면직각충돌,안전거리미확보,건조,맑음,단일로 - 기타,화물,여,36세,상해없음,승용,남,25세,경상
2013031700100465,2013년 3월 17일 20시,일요일,광주광역시 북구 두암동,경상사고,0,0,1,0,차대차 - 측면직각충돌,교차로운행방법위반,습기,비,교차로 - 교차로안,승용,여,35세,상해없음,이륜,남,18세,경상
2013031700100466,2013년 3월 17일 20시,일요일,광주광역시 광산구 월곡동,중상사고,0,1,0,0,차대사람 - 횡단중,안전운전불이행,습기,비,단일로 - 기타,화물,남,58세,상해없음,보행자,남,57세,중상
2013031700100467,2013년 3월 17일 20시,일요일,광주광역시 광산구 우산동,중상사고,0,1,1,0,차대차 - 추돌 - 진행중,차로위반,습기,비,단일로 - 기타,승용,남,48세,상해없음,승용,남,26세,중상
2013031700100468,2013년 3월 17일 20시,일요일,광주광역시 광산구 운남동,경상사고,0,0,2,0,차대차 - 추돌 - 진행중,안전운전불이행,습기,비,교차로 - 교차로부근,승용,남,69세,상해없음,화물,남,50세,경상