사고번호,사고일시,요일,시군구,사고내용,사망자수,중상자수,경상자수,부상신고자수,사고유형,법규위반,노면상태,기상상태,도로형태,가해운전자 차종,가해운전자 성별,가해운전자 연령,가해운전자 상해정도,피해운전자 차종,피해운전자 성별,피해운전자 연령,피해운전자 상해정도
2013041000100018,2013년 4월 10일 00시,수요일,광주광역시 서구 내방동,경상사고,0,0,1,0,차대차 - 추돌 - 주정차중,안전운전불이행,건조,맑음,교차로 - 교차로부근,화물,남,47세,상해없음,승용,남,51세,경상
2013041000100019,2013년 4월 10일 00시,수요일,광주광역시 광산구 우산동,중상사고,0,1,0,0,차량단독 - 도로외이탈 - 추락,안전운전불이행,건조,맑음,교차로 - 교차로부근,승용,남,39세,중상,,,,
2013041000100051,2013년 4월 10일 04시,수요일,광주광역시 동구 금남로4가,경상사고,0,0,2,0,차대차 - 기타,중앙선침범,건조,맑음,기타 - 기타,승용,남,28세,상해없음,승용,남,28세,경상
2013041000100073,2013년 4월 10일 06시,수요일,광주광역시 광산구 월계동,경상사고,0,0,1,0,차대차 - 측면직각충돌,교차로운행방법위반,건조,맑음,교차로 - 교차로안,승용,여,49세,상해없음,승용,여,55세,경상
2013041000100097,2013년 4월 10일 07시,수요일,광주광역시 북구 삼각동,경상사고,0,0,1,0,차대사람 - 차도통행중,안전운전불이행,건조,맑음,단일로 - 기타,승용,기타불명,기타불명,기타불명,보행자,여,16세,경상
2013041000100146,2013년 4월 10일 08시,수요일,광주광역시 북구 운암동,경상사고,0,0,1,0,차대사람 - 횡단중,보행자보호의무위반,건조,맑음,교차로 - 교차로안,승용,여,39세,상해없음,보행자,남,23세,경상
2013041000100147,2013년 4월 10일 08시,수요일,광주광역시 광산구 신촌동,경상사고,0,0,1,0,차대차 - 측면직각충돌,교차로운행방법위반,건조,맑음,교차로 - 교차로안,승용,남,49세,상해없음,자전거,남,48세,경상
2013041000100181,2013년 4월 10일 09시,수요일,광주광역시 서구 농성동,경상사고,0,0,1,0,차대사람 - 횡단중,보행자보호의무위반,건조,맑음,단일로 - 횡단보도상,승용,남,35세,상해없음,보행자,여,58세,경상
2013041000100304,2013년 4월 10일 14시,수요일,광주광역시 동구 동명동,경상사고,0,0,1,0,차대차 - 측면직각충돌,직진우회전진행방해,건조,맑음,교차로 - 교차로안,이륜,여,52세,경상,승용,남,67세,상해없음
2013041000100329,2013년 4월 10일 15시,수요일,광주광역시 광산구 월곡동,경상사고,0,0,1,0,차대차 - 추돌 - 진행중,직진우회전진행방해,건조,맑음,교차로 - 교차로안,승용,남,52세,상해없음,승용,여,46세,경상
2013041000100361,2013년 4월 10일 16시,수요일,광주광역시 서구 풍암동,경상사고,0,0,1,0,차대사람 - 보도통행중,보행자보호의무위반,건조,맑음,교차로 - 교차로부근,승용,여,36세,상해없음,보행자,남,10세,경상
2013041000100398,2013년 4월 10일 17시,수요일,광주광역시 북구 오치동,경상사고,0,0,1,0,차대사람 - 차도통행중,안전운전불이행,건조,맑음,단일로 - 기타,승합,남,58세,상해없음,보행자,여,16세,경상
2013041000100399,2013년 4월 10일 17시,수요일,광주광역시 광산구 수완동,경상사고,0,0,1,0,차대사람 - 횡단중,신호위반,건조,맑음,교차로 - 교차로안,승용,여,47세,상해없음,보행자,여,15세,경상
2013041000100469,2013년 4월 10일 19시,수요일,광주광역시 광산구 신가동,경상사고,0,0,2,0,차대차 - 추돌 - 진행중,안전운전불이행,건조,맑음,교차로 - 교차로부근,승용,남,59세,상해없음,승용,남,29세,경상
2013041100100153,2013년 4월 11일 08시,목요일,광주광역시 동구 학동,경상사고,0,0,1,0,차대차 - 추돌 - 주정차중,안전운전불이행,건조,맑음,단일로 - 기타,승용,남,49세,상해없음,승용,여,66세,경상
2013041100100194,2013년 4월 11일 10시,목요일,광주광역시 동구 운림동,경상사고,0,0,1,0,차대사람 - 기타,안전운전불이행,건조,맑음,기타 - 기타,승용,남,53세,상해없음,보행자,남,37세,경상
2013041100100250,2013년 4월 11일 12시,목요일,광주광역시 동구 산수동,경상사고,0,0,1,0,차대차 - 기타,안전운전불이행,건조,맑음,교차로 - 교차로부근,승용,남,65세,상해없음,승합,남,41세,경상
2013041100100276,2013년 4월 11일 13시,목요일,광주광역시 북구 오치동,중상사고,0,1,0,0,차대차 - 측면직각충돌,교차로운행방법위반,건조,맑음,교차로 - 교차로안,화물,남,42세,상해없음,원동기,남,22세,중상
2013041100100277,2013년 4월 11일 13시,목요일,광주광역시 북구 용봉동,중상사고,0,1,0,0,차대사람 - 횡단중,신호위반,건조,맑음,단일로 - 횡단보도상,승용,남,56세,상해없음,보행자,남,8세,중상
2013041100100278,2013년 4월 11일 13시,목요일,광주광역시 광산구 신가동,중상사고,0,1,0,0,차대차 - 측면직각충돌,차로위반,건조,맑음,교차로 - 교차로부근,승용,남,56세,상해없음,이륜,남,69세,중상
2013041100100310,2013년 4월 11일 14시,목요일,광주광역시 광산구 운수동,경상사고,0,0,2,0,차대차 - 추돌 - 주정차중,안전거리미확보,건조,맑음,단일로 - 기타,화물,남,33세,상해없음,승용,남,54세,경상
2013041100100358,2013년 4월 11일 16시,목요일,광주광역시 동구 소태동,경상사고,0,0,1,0,차대차 - 기타,차로위반,건조,맑음,단일로 - 기타,승용,여,31세,상해없음,승용,여,26세,경상
2013041100100387,2013년 4월 11일 17시,목요일,광주광역시 북구 신용동,경상사고,0,0,1,0,차대차 - 측면직각충돌,차로위반,건조,맑음,단일로 - 기타,승용,남,48세,상해없음,승용,여,53세,경상
2013041100100388,2013년 4월 11일 17시,목요일,광주광역시 광산구 대산동,사망사고,1,0,0,0,차대사람 - 기타,보행자보호의무위반,건조,맑음,교차로 - 교차로부근,승합,남,55세,상해없음,보행자,여,16세,사망
2013041100100422,2013년 4월 11일 18시,목요일,광주광역시 북구 운암동,중상사고,0,1,0,0,차대차 - 기타,안전운전불이행,건조,맑음,단일로 - 기타,승용,여,46세,기타불명,승용,남,39세,기타불명
2013041100100423,2013년 4월 11일 18시,목요일,광주광역시 북구 유동,경상사고,0,0,1,0,차대차 - 기타,안전운전불이행,건조,맑음,기타 - 기타,승합,남,54세,상해없음,승용,여,51세,상해없음
2013041100100493,2013년 4월 11일 20시,목요일,광주광역시 동구 운림동,경상사고,0,0,1,0,차대사람 - 기타,신호위반,건조,맑음,교차로 - 교차로부근,승용,남,44세,상해없음,보행자,여,58세,경상
2013041100100494,2013년 4월 11일 20시,목요일,광주광역시 서구 금호동,경상사고,0,0,1,0,차대차 - 추돌 - 주정차중,안전운전불이행,건조,맑음,단일로 - 기타,화물,남,59세,상해없음,승용,남,45세,경상
2013041100100495,2013년 4월 11일 20시,목요일,광주광역시 북구 동림동,경상사고,0,0,1,0,차대차 - 추돌 - 주정차중,안전운전불이행,건조,맑음,단일로 - 기타,화물,남,37세,상해없음,승용,남,38세,경상
2013041100100496,2013년 4월 11일 20시,목요일,광주광역시 북구 우산동,경상사고,0,0,1,0,차대차 - 측면직각충돌,교차로운행방법위반,건조,맑음,교차로 - 교차로안,승용,남,53세,상해없음,원동기,남,23세,경상
2013041100100561,2013년 4월 11일 22시,목요일,광주광역시 광산구 장덕동,경상사고,0,0,1,0,차대차 - 추돌 - 진행중,직진우회전진행방해,건조,맑음,교차로 - 교차로안,승용,여,37세,상해없음,원동기,남,19세,경상
2013041100100602,2013년 4월 11일 23시,목요일,광주광역시 북구 오치동,경상사고,0,0,1,0,차대차 - 측면직각충돌,신호위반,건조,맑음,교차로 - 교차로안,승용,남,21세,상해없음,이륜,남,16세,경상
2013041200100039,2013년 4월 12일 01시,금요일,광주광역시 남구 월산동,경상사고,0,0,1,0,차대차 - 정면충돌,중앙선침범,건조,맑음,교차로 - 교차로부근,승용,남,41세,상해없음,특수,남,42세,경상
2013041200100165,2013년 4월 12일 08시,금요일,광주광역시 광산구 도산동,경상사고,0,0,1,0,차대차 - 측면직각충돌,안전운전불이행,건조,맑음,단일로 - 기타,화물,남,29세,상해없음,승용,남,33세,경상
2013041200100197,2013년 4월 12일 09시,금요일,광주광역시 동구 학동,경상사고,0,0,1,0,차대차 - 측면직각충돌,안전운전불이행,건조,맑음,단일로 - 기타,승용,남,24세,상해없음,승용,남,38세,경상
2013041200100198,2013년 4월 12일 09시,금요일,광주광역시 서구 화정동,경상사고,0,0,1,0,차대사람 - 횡단중,안전운전불이행,건조,맑음,단일로 - 기타,승용,남,38세,상해없음,보행자,남,73세,경상
2013041200100199,2013년 4월 12일 09시,금요일,광주광역시 서구 화정동,경상사고,0,0,2,0,차대차 - 측면직각충돌,교차로운행방법위반,건조,맑음,교차로 - 교차로안,승용,남,76세,경상,승용,남,58세,경상
2013041200100247,2013년 4월 12일 11시,금요일,광주광역시 서구 치평동,경상사고,0,0,1,0,차대차 - 측면직각충돌,안전운전불이행,건조,맑음,단일로 - 기타,승용,여,55세,상해없음,승용,남,31세,경상
2013041200100302,2013년 4월 12일 13시,금요일,광주광역시 북구 우산동,경상사고,0,0,1,0,차대차 - 기타,안전운전불이행,건조,맑음,단일로 - 기타,화물,남,45세,상해없음,승용,남,58세,경상
2013041200100395,2013년 4월 12일 16시,금요일,광주광역시 광산구 신가동,경상사고,0,0,1,0,차대차 - 추돌 - 진행중,안전운전불이행,습기,맑음,단일로 - 기타,이륜,남,18세,기타불명,승용,남,42세,상해없음
2013041200100434,2013년 4월 12일 17시,금요일,광주광역시 서구 마륵동,중상사고,0,1,0,0,차대차 - 기타,안전운전불이행,건조,맑음,기타 - 기타,자전거,남,22세,중상,승용,남,30세,상해없음
2013041200100435,2013년 4월 12일 17시,금요일,광주광역시 북구 오치동,경상사고,0,0,1,0,차대차 - 기타,신호위반,건조,맑음,교차로 - 교차로안,승합,남,53세,상해없음,화물,남,68세,경상
2013041200100436,2013년 4월 12일 17시,금요일,광주광역시 북구 일곡동,경상사고,0,0,1,0,차대차 - 측면직각충돌,안전운전불이행,건조,맑음,단일로 - 기타,승합,남,43세,상해없음,승용,남,29세,경상
2013041200100437,2013년 4월 12일 17시,금요일,광주광역시 광산구 우산동,사망사고,1,0,0,0,차대차 - 측면직각충돌,교차로운행방법위반,건조,맑음,교차로 - 교차로안,이륜,남,22세,사망,화물,남,47세,상해없음
2013041200100485,2013년 4월 12일 18시,금요일,광주광역시 동구 학동,경상사고,0,0,1,0,차대차 - 측면직각충돌,신호위반,건조,맑음,교차로 - 교차로안,승용,여,29세,상해없음,승용,남,42세,경상
2013041200100486,2013년 4월 12일 18시,금요일,광주광역시 서구 화정동,경상사고,0,0,1,0,차대사람 - 기타,안전운전불이행,건조,맑음,기타 - 기타,승용,남,57세,상해없음,보행자,남,17세,경상
2013041200100518,2013년 4월 12일 19시,금요일,광주광역시 서구 쌍촌동,중상사고,0,1,0,0,차대사람 - 기타,안전운전불이행,건조,맑음,단일로 - 횡단보도부근,승용,여,41세,상해없음,보행자,남,74세,중상
2013041200100519,2013년 4월 12일 19시,금요일,광주광역시 남구 구동,중상사고,0,1,0,0,차량단독 - 기타,안전운전불이행,건조,맑음,단일로 - 기타,승합,남,57세,상해없음,,,,
2013041200100559,2013년 4월 12일 20시,금요일,광주광역시 북구 신안동,중상사고,0,1,0,0,차대차 - 정면충돌,신호위반,건조,맑음,교차로 - 교차로안,승용,남,29세,상해없음,승용,남,33세,중상
2013041200100605,2013년 4월 12일 21시,금요일,광주광역시 북구 중흥동,중상사고,0,1,0,0,차대차 - 측면직각충돌,중앙선침범,건조,맑음,단일로 - 기타,승용,남,25세,상해없음,원동기,남,55세,중상
2013041200100606,2013년 4월 12일 21시,금요일,광주광역시 광산구 산정동,경상사고,0,0,1,0,차대차 - 기타,불법유턴,건조,맑음,교차로 - 교차로안,승용,남,34세,상해없음,이륜,남,28세,경상
2013041200100673,2013년 4월 12일 23시,금요일,광주광역시 서구 금호동,경상사고,0,0,1,0,차대사람 - 길가장자리구역통행중,안전운전불이행,건조,맑음,단일로 - 기타,기타불명,기타불명,기타불명,기타불명,보행자,남,39세,경상
2013041200100674,2013년 4월 12일 23시,금요일,광주광역시 서구 치평동,경상사고,0,0,1,0,차대사람 - 차도통행중,안전운전불이행,건조,맑음,단일로 - 기타,승용,남,30세,상해없음,보행자,남,42세,경상
2013041200100675,2013년 4월 12일 23시,금요일,광주광역시 남구 월산동,중상사고,0,1,0,0,차대차 - 측면직각충돌,교차로운행방법위반,건조,맑음,교차로 - 교차로안,원동기,남,22세,중상,승용,남,29세,상해없음
2013041200100676,2013년 4월 12일 23시,금요일,광주광역시 광산구 신가동,중상사고,0,1,0,0,차대차 - 측면직각충돌,교차로운행방법위반,건조,맑음,교차로 - 교차로안,이륜,남,21세,중상,화물,남,39세,상해없음
2013041300100049,2013년 4월 13일 02시,토요일,광주광역시 동구 금남로4가,경상사고,0,0,1,0,차대차 - 측면직각충돌,신호위반,건조,맑음,교차로 - 교차로안,승용,남,28세,상해없음,승용,남,53세,경상
2013041300100062,2013년 4월 13일 03시,토요일,광주광역시 서구 광천동,경상사고,0,0,3,0,차대차 - 정면충돌,신호위반,건조,맑음,교차로 - 교차로부근,승용,남,34세,상해없음,승용,남,46세,경상
2013041300100063,2013년 4월 13일 03시,토요일,광주광역시 북구 오치동,중상사고,0,2,0,0,차대차 - 기타,중앙선침범,건조,맑음,단일로 - 기타,승용,남,22세,상해없음,승용,남,36세,중상
2013041300100064,2013년 4월 13일 03시,토요일,광주광역시 북구 유동,경상사고,0,0,5,0,차대차 - 측면직각충돌,신호위반,건조,맑음,교차로 - 교차로안,승용,남,19세,상해없음,승용,남,47세,경상
2013041300100094,2013년 4월 13일 06시,토요일,광주광역시 광산구 송정동,경상사고,0,0,1,0,차대차 - 추돌 - 주정차중,안전운전불이행,건조,맑음,교차로 - 교차로안,승용,남,50세,상해없음,승합,남,52세,경상
2013041300100119,2013년 4월 13일 07시,토요일,광주광역시 북구 임동,중상사고,0,1,0,0,차대차 - 측면직각충돌,교차로운행방법위반,건조,맑음,교차로 - 교차로안,화물,남,45세,상해없음,자전거,남,69세,중상
2013041300100142,2013년 4월 13일 08시,토요일,광주광역시 남구 봉선동,경상사고,0,0,2,0,차대차 - 추돌 - 주정차중,안전운전불이행,건조,맑음,교차로 - 교차로부근,건설기계,남,62세,상해없음,승용,여,43세,경상
2013041300100143,2013년 4월 13일 08시,토요일,광주광역시 북구 우산동,중상사고,0,1,0,0,차대차 - 측면직각충돌,안전운전불이행,건조,맑음,교차로 - 교차로부근,승용,여,33세,상해없음,이륜,남,75세,중상
2013041300100193,2013년 4월 13일 10시,토요일,광주광역시 광산구 운남동,경상사고,0,0,1,0,차대차 - 측면직각충돌,신호위반,건조,맑음,교차로 - 교차로부근,승용,남,48세,상해없음,화물,남,24세,경상
2013041300100293,2013년 4월 13일 13시,토요일,광주광역시 동구 금동,중상사고,0,1,0,0,차대사람 - 횡단중,안전운전불이행,건조,맑음,교차로 - 교차로안,승용,남,55세,상해없음,보행자,여,68세,중상
2013041300100294,2013년 4월 13일 13시,토요일,광주광역시 서구 쌍촌동,경상사고,0,0,1,0,차대차 - 측면직각충돌,교차로운행방법위반,건조,맑음,교차로 - 교차로부근,원동기,남,65세,경상,화물,남,32세,상해없음
2013041300100295,2013년 4월 13일 13시,토요일,광주광역시 북구 운암동,경상사고,0,0,1,1,차대차 - 측면직각충돌,신호위반,건조,맑음,교차로 - 교차로안,원동기,남,16세,부상신고,승용,남,36세,경상
2013041300100296,2013년 4월 13일 13시,토요일,광주광역시 북구 양산동,중상사고,0,1,0,0,차대사람 - 기타,안전운전불이행,건조,맑음,단일로 - 기타,승용,남,61세,상해없음,보행자,여,6세,중상
2013041300100347,2013년 4월 13일 14시,토요일,광주광역시 동구 산수동,경상사고,0,0,2,0,차대차 - 추돌 - 진행중,안전거리미확보,건조,맑음,단일로 - 기타,승용,여,28세,상해없음,승용,남,32세,경상
2013041300100386,2013년 4월 13일 15시,토요일,광주광역시 서구 치평동,경상사고,0,0,2,0,차대차 - 추돌 - 주정차중,안전운전불이행,건조,맑음,교차로 - 교차로부근,승용,여,49세,상해없음,승용,여,37세,경상
2013041300100388,2013년 4월 13일 15시,토요일,광주광역시 서구 금호동,중상사고,0,1,0,0,차대사람 - 기타,안전운전불이행,건조,맑음,기타 - 기타,이륜,남,28세,상해없음,보행자,남,8세,중상
2013041300100389,2013년 4월 13일 15시,토요일,광주광역시 광산구 월곡동,경상사고,0,0,1,0,차대차 - 추돌 - 주정차중,안전운전불이행,건조,맑음,단일로 - 기타,승합,남,51세,상해없음,승용,남,26세,경상
2013041300100494,2013년 4월 13일 18시,토요일,광주광역시 북구 일곡동,경상사고,0,0,1,0,차대차 - 추돌 - 주정차중,안전거리미확보,건조,맑음,단일로 - 기타,승용,남,39세,상해없음,승용,여,56세,경상
2013041300100529,2013년 4월 13일 19시,토요일,광주광역시 동구 지산동,중상사고,0,1,0,0,차대차 - 기타,안전운전불이행,건조,맑음,기타 - 기타,승용,여,45세,상해없음,이륜,남,55세,중상
2013041300100530,2013년 4월 13일 19시,토요일,광주광역시 서구 유촌동,경상사고,0,0,1,0,차대차 - 추돌 - 주정차중,안전운전불이행,건조,맑음,교차로 - 교차로부근,승용,남,51세,상해없음,승용,여,49세,경상
2013041300100531,2013년 4월 13일 19시,토요일,광주광역시 북구 오치동,부상신고사고,0,0,0,1,차대사람 - 길가장자리구역통행중,안전운전불이행,건조,맑음,단일로 - 기타,승용,기타불명,기타불명,기타불명,보행자,여,23세,부상신고
2013041300100532,2013년 4월 13일 19시,토요일,광주광역시 북구 용봉동,부상신고사고,0,0,0,1,차대사람 - 차도통행중,안전운전불이행,건조,맑음,단일로 - 기타,승용,남,18세,상해없음,보행자,남,11세,부상신고
2013041300100533,2013년 4월 13일 19시,토요일,광주광역시 광산구 월계동,경상사고,0,0,1,0,차대차 - 측면직각충돌,교차로운행방법위반,건조,맑음,교차로 - 교차로안,원동기,남,48세,경상,승용,남,53세,상해없음
2013041300100599,2013년 4월 13일 21시,토요일,광주광역시 동구 지산동,중상사고,0,1,1,0,차대사람 - 횡단중,안전운전불이행,건조,맑음,교차로 - 교차로안,승용,여,53세,상해없음,보행자,남,49세,중상
2013041300100600,2013년 4월 13일 21시,토요일,광주광역시 서구 농성동,경상사고,0,0,1,0,차대차 - 기타,안전거리미확보,건조,맑음,단일로 - 기타,승용,남,40세,상해없음,승용,남,50세,경상
2013041300100601,2013년 4월 13일 21시,토요일,광주광역시 광산구 운수동,경상사고,0,0,1,0,차대차 - 추돌 - 진행중,안전운전불이행,건조,맑음,단일로 - 기타,승용,남,30세,상해없음,승합,남,47세,경상
2013041300100624,2013년 4월 13일 22시,토요일,광주광역시 서구 쌍촌동,경상사고,0,0,2,0,차대차 - 측면직각충돌,안전운전불이행,건조,맑음,단일로 - 기타,승용,남,23세,상해없음,승용,남,44세,경상
2013041300100625,2013년 4월 13일 22시,토요일,광주광역시 서구 치평동,부상신고사고,0,0,0,1,차량단독 - 기타,안전운전불이행,건조,맑음,단일로 - 기타,승용,여,42세,상해없음,,,,
2013041300100626,2013년 4월 13일 22시,토요일,광주광역시 북구 두암동,경상사고,0,0,1,0,차대차 - 기타,안전거리미확보,건조,맑음,단일로 - 기타,승용,남,47세,상해없음,이륜,남,49세,경상
2013041300100627,2013년 4월 13일 22시,토요일,광주광역시 광산구 우산동,중상사고,0,1,1,0,차대차 - 측면직각충돌,안전운전불이행,건조,맑음,단일로 - 기타,승용,남,30세,상해없음,승용,여,30세,중상
2013041300100649,2013년 4월 13일 23시,토요일,광주광역시 광산구 지죽동,중상사고,0,1,1,0,차량단독 - 전도전복,안전운전불이행,건조,맑음,단일로 - 기타,승용,남,30세,경상,,,,
2013041400100014,2013년 4월 14일 00시,일요일,광주광역시 서구 금호동,경상사고,0,0,1,0,차대차 - 측면직각충돌,신호위반,건조,맑음,교차로 - 교차로안,승용,남,23세,상해없음,원동기,남,31세,경상
2013041400100015,2013년 4월 14일 00시,일요일,광주광역시 서구 치평동,경상사고,0,0,1,0,차대사람 - 횡단중,안전운전불이행,건조,맑음,단일로 - 기타,승용,남,51세,상해없음,보행자,여,14세,경상
2013041400100016,2013년 4월 14일 00시,일요일,광주광역시 광산구 월계동,경상사고,0,0,2,0,차대차 - 추돌 - 주정차중,안전운전불이행,건조,맑음,단일로 - 기타,승용,남,32세,상해없음,승용,남,30세,경상
2013041400100074,2013년 4월 14일 04시,일요일,광주광역시 서구 금호동,경상사고,0,0,1,0,차대차 - 정면충돌,안전운전불이행,건조,기타,단일로 - 기타,승용,남,21세,상해없음,승용,여,47세,경상
2013041400100075,2013년 4월 14일 04시,일요일,광주광역시 북구 양산동,경상사고,0,0,3,0,차대차 - 측면직각충돌,신호위반,건조,맑음,교차로 - 교차로안,승용,남,31세,경상,승용,남,54세,경상
2013041400100089,2013년 4월 14일 05시,일요일,광주광역시 광산구 우산동,중상사고,0,2,2,0,차량단독 - 공작물충돌,안전운전불이행,건조,맑음,단일로 - 기타,승용,남,26세,경상,,,,
2013041400100161,2013년 4월 14일 10시,일요일,광주광역시 광산구 장덕동,경상사고,0,0,1,0,차대차 - 측면직각충돌,신호위반,건조,맑음,교차로 - 교차로안,승용,남,65세,상해없음,승용,여,50세,경상
2013041400100179,2013년 4월 14일 11시,일요일,광주광역시 서구 치평동,중상사고,0,1,0,0,차대차 - 기타,교차로운행방법위반,건조,흐림,교차로 - 교차로안,승용,남,68세,상해없음,원동기,여,49세,중상
2013041400100180,2013년 4월 14일 11시,일요일,광주광역시 북구 중흥동,중상사고,0,1,6,1,차대차 - 기타,중앙선침범,습기,흐림,단일로 - 기타,승용,남,54세,부상신고,승용,남,39세,경상
2013041400100211,2013년 4월 14일 12시,일요일,광주광역시 동구 산수동,경상사고,0,0,1,0,차대사람 - 횡단중,안전운전불이행,건조,맑음,단일로 - 기타,승용,남,32세,상해없음,보행자,남,24세,경상
2013041400100212,2013년 4월 14일 12시,일요일,광주광역시 서구 풍암동,경상사고,0,0,1,0,차대사람 - 기타,안전운전불이행,건조,맑음,단일로 - 기타,승용,남,30세,상해없음,보행자,여,52세,경상
2013041400100213,2013년 4월 14일 12시,일요일,광주광역시 광산구 도천동,경상사고,0,0,4,0,차대차 - 측면직각충돌,신호위반,건조,맑음,교차로 - 교차로안,승용,남,70세,상해없음,승용,남,32세,경상
2013041400100214,2013년 4월 14일 12시,일요일,광주광역시 광산구 송정동,중상사고,0,1,0,0,차대차 - 측면직각충돌,교차로운행방법위반,건조,맑음,교차로 - 교차로안,원동기,남,38세,중상,승용,여,32세,상해없음
2013041400100244,2013년 4월 14일 13시,일요일,광주광역시 동구 지산동,경상사고,0,0,3,0,차대차 - 추돌 - 진행중,안전거리미확보,건조,맑음,단일로 - 기타,승용,남,53세,경상,승용,여,58세,경상
2013041400100266,2013년 4월 14일 14시,일요일,광주광역시 서구 치평동,경상사고,0,0,1,0,차대차 - 기타,중앙선침범,건조,맑음,교차로 - 교차로부근,승용,남,28세,상해없음,승용,남,58세,상해없음
2013041400100329,2013년 4월 14일 16시,일요일,광주광역시 동구 광산동,경상사고,0,0,1,0,차대사람 - 기타,안전운전불이행,건조,맑음,단일로 - 기타,승용,여,27세,상해없음,보행자,남,22세,경상
2013041400100369,2013년 4월 14일 17시,일요일,광주광역시 광산구 용봉동,경상사고,0,0,2,0,차대차 - 측면직각충돌,교차로운행방법위반,건조,맑음,단일로 - 기타,승용,남,31세,상해없음,승용,남,56세,경상
2013041400100397,2013년 4월 14일 18시,일요일,광주광역시 서구 치평동,경상사고,0,0,1,0,차대차 - 측면직각충돌,교차로운행방법위반,건조,맑음,교차로 - 교차로안,승용,여,53세,상해없음,승용,여,32세,경상
2013041400100398,2013년 4월 14일 18시,일요일,광주광역시 광산구 송정동,중상사고,0,1,0,0,차대차 - 측면직각충돌,교차로운행방법위반,건조,맑음,교차로 - 교차로안,승용,남,48세,상해없음,원동기,남,29세,중상
2013041400100433,2013년 4월 14일 19시,일요일,광주광역시 서구 화정동,경상사고,0,0,1,0,차대차 - 측면직각충돌,안전거리미확보,건조,흐림,단일로 - 기타,승용,남,58세,상해없음,이륜,남,33세,경상
2013041400100434,2013년 4월 14일 19시,일요일,광주광역시 남구 노대동,경상사고,0,0,1,0,차대차 - 측면직각충돌,신호위반,건조,맑음,교차로 - 교차로안,승용,여,38세,상해없음,승용,남,48세,경상
2013041400100470,2013년 4월 14일 20시,일요일,광주광역시 동구 월남동,경상사고,0,0,1,0,차대차 - 추돌 - 진행중,안전운전불이행,건조,맑음,교차로 - 교차로부근,승용,여,32세,상해없음,승용,남,39세,경상
2013041400100471,2013년 4월 14일 20시,일요일,광주광역시 서구 치평동,경상사고,0,0,2,0,차대차 - 기타,교차로운행방법위반,건조,맑음,교차로 - 교차로안,승용,여,44세,상해없음,승용,여,30세,경상
2013041400100472,2013년 4월 14일 20시,일요일,광주광역시 북구 용봉동,경상사고,0,0,2,0,차대차 - 추돌 - 주정차중,안전운전불이행,건조,맑음,교차로 - 교차로부근,승용,남,37세,상해없음,승용,남,31세,경상
2013041400100489,2013년 4월 14일 21시,일요일,광주광역시 북구 임동,경상사고,0,0,1,0,차대사람 - 기타,안전운전불이행,건조,맑음,단일로 - 기타,승용,남,53세,상해없음,보행자,남,48세,경상
2013041400100504,2013년 4월 14일 22시,일요일,광주광역시 북구 동림동,중상사고,0,1,5,0,차대차 - 추돌 - 주정차중,안전운전불이행,건조,맑음,교차로 - 교차로부근,승용,남,44세,경상,승용,남,38세,중상
2013041400100505,2013년 4월 14일 22시,일요일,광주광역시 광산구 수완동,중상사고,0,1,1,0,차대차 - 측면직각충돌,교차로운행방법위반,건조,맑음,교차로 - 교차로안,승용,남,36세,경상,승용,여,41세,중상
2013041400100521,2013년 4월 14일 23시,일요일,광주광역시 북구 동림동,경상사고,0,0,2,0,차대차 - 기타,중앙선침범,건조,맑음,단일로 - 교량,승용,남,26세,상해없음,승합,남,43세,상해없음
2013041400100522,2013년 4월 14일 23시,일요일,광주광역시 광산구 운수동,경상사고,0,0,1,0,차대차 - 추돌 - 주정차중,안전운전불이행,건조,맑음,교차로 - 교차로부근,승용,남,56세,상해없음,승용,남,47세,경상
2013041500100008,2013년 4월 15일 00시,월요일,광주광역시 동구 산수동,중상사고,0,1,1,0,차대차 - 측면직각충돌,신호위반,건조,맑음,교차로 - 교차로안,승용,남,23세,경상,승용,남,33세,중상
2013041500100035,2013년 4월 15일 04시,월요일,광주광역시 서구 금호동,경상사고,0,0,1,0,차대차 - 기타,안전운전불이행,건조,맑음,교차로 - 교차로부근,승용,남,26세,상해없음,승용,여,48세,경상
2013041500100036,2013년 4월 15일 04시,월요일,광주광역시 북구 운암동,경상사고,0,0,1,0,차대사람 - 기타,신호위반,건조,맑음,교차로 - 교차로부근,승용,남,32세,상해없음,보행자,여,64세,경상
2013041500100040,2013년 4월 15일 05시,월요일,광주광역시 서구 서창동,부상신고사고,0,0,0,1,차대차 - 추돌 - 주정차중,안전운전불이행,건조,맑음,단일로 - 기타,화물,남,63세,상해없음,승용,남,25세,부상신고
2013041500100076,2013년 4월 15일 07시,월요일,광주광역시 서구 매월동,경상사고,0,0,1,0,차대차 - 측면직각충돌,신호위반,건조,맑음,교차로 - 교차로안,승용,여,54세,상해없음,승용,여,57세,경상
2013041500100077,2013년 4월 15일 07시,월요일,광주광역시 남구 진월동,경상사고,0,0,2,0,차대차 - 추돌 - 진행중,안전거리미확보,건조,맑음,단일로 - 기타,기타불명,기타불명,기타불명,기타불명,승용,남,45세,상해없음