사고번호,사고일시,요일,시군구,사고내용,사망자수,중상자수,경상자수,부상신고자수,사고유형,법규위반,노면상태,기상상태,도로형태,가해운전자 차종,가해운전자 성별,가해운전자 연령,가해운전자 상해정도,피해운전자 차종,피해운전자 성별,피해운전자 연령,피해운전자 상해정도
2013041500100105,2013년 4월 15일 08시,월요일,광주광역시 북구 오치동,경상사고,0,0,2,0,차대차 - 추돌 - 주정차중,안전운전불이행,건조,맑음,교차로 - 교차로부근,승용,남,57세,상해없음,승용,남,37세,경상
2013041500100106,2013년 4월 15일 08시,월요일,광주광역시 광산구 하남동,중상사고,0,1,0,0,차대사람 - 횡단중,안전운전불이행,건조,맑음,단일로 - 기타,승용,남,65세,상해없음,보행자,남,7세,중상
2013041500100133,2013년 4월 15일 09시,월요일,광주광역시 광산구 월곡동,경상사고,0,0,1,0,차대차 - 기타,안전운전불이행,건조,맑음,교차로 - 교차로부근,승용,여,58세,상해없음,승용,여,35세,경상
2013041500100161,2013년 4월 15일 10시,월요일,광주광역시 남구 주월동,중상사고,0,1,0,0,차대사람 - 횡단중,안전운전불이행,건조,맑음,단일로 - 기타,승용,남,34세,상해없음,보행자,여,64세,중상
2013041500100183,2013년 4월 15일 11시,월요일,광주광역시 동구 서석동,경상사고,0,0,2,0,차대차 - 기타,안전운전불이행,건조,맑음,기타 - 기타,승용,남,29세,상해없음,승합,남,41세,경상
2013041500100201,2013년 4월 15일 12시,월요일,광주광역시 동구 서석동,경상사고,0,0,1,0,차대차 - 기타,안전운전불이행,건조,맑음,기타 - 기타,승용,남,24세,상해없음,승용,남,28세,경상
2013041500100240,2013년 4월 15일 14시,월요일,광주광역시 동구 대인동,경상사고,0,0,2,0,차대차 - 추돌 - 주정차중,안전운전불이행,건조,맑음,단일로 - 기타,승용,여,59세,상해없음,승용,여,58세,경상
2013041500100241,2013년 4월 15일 14시,월요일,광주광역시 북구 지야동,경상사고,0,0,1,0,차대차 - 측면직각충돌,중앙선침범,건조,맑음,단일로 - 교량,승용,남,39세,상해없음,승용,남,86세,경상
2013041500100298,2013년 4월 15일 16시,월요일,광주광역시 서구 풍암동,경상사고,0,0,2,0,차대차 - 측면직각충돌,안전운전불이행,건조,맑음,교차로 - 교차로안,승용,남,24세,상해없음,승용,남,44세,경상
2013041500100299,2013년 4월 15일 16시,월요일,광주광역시 남구 백운동,중상사고,0,1,0,0,차대차 - 측면직각충돌,불법유턴,건조,맑음,교차로 - 교차로부근,자전거,여,47세,중상,화물,남,63세,상해없음
2013041500100300,2013년 4월 15일 16시,월요일,광주광역시 북구 중흥동,경상사고,0,0,2,0,차대차 - 측면직각충돌,신호위반,건조,맑음,교차로 - 교차로안,승용,남,56세,상해없음,승용,남,42세,경상
2013041500100356,2013년 4월 15일 18시,월요일,광주광역시 남구 백운동,부상신고사고,0,0,0,1,차대차 - 측면직각충돌,안전운전불이행,건조,맑음,교차로 - 교차로안,승용,남,69세,상해없음,자전거,남,15세,부상신고
2013041500100396,2013년 4월 15일 19시,월요일,광주광역시 광산구 월곡동,경상사고,0,0,1,0,차대차 - 측면직각충돌,교차로운행방법위반,건조,맑음,교차로 - 교차로안,승용,여,25세,상해없음,승용,여,53세,경상
2013041500100422,2013년 4월 15일 20시,월요일,광주광역시 남구 월산동,경상사고,0,0,1,0,차대차 - 추돌 - 주정차중,안전운전불이행,건조,맑음,교차로 - 교차로부근,화물,남,53세,상해없음,승용,남,56세,경상
2013041500100423,2013년 4월 15일 20시,월요일,광주광역시 북구 운암동,경상사고,0,0,1,0,차대사람 - 기타,안전운전불이행,건조,맑음,단일로 - 기타,기타불명,기타불명,기타불명,기타불명,보행자,남,18세,경상
2013041500100424,2013년 4월 15일 20시,월요일,광주광역시 광산구 옥동,경상사고,0,0,3,0,차대차 - 측면직각충돌,교차로운행방법위반,건조,맑음,교차로 - 교차로안,승용,남,23세,경상,승용,남,51세,경상
2013041500100425,2013년 4월 15일 20시,월요일,광주광역시 광산구 장록동,경상사고,0,0,2,0,차대차 - 기타,안전거리미확보,건조,맑음,단일로 - 기타,화물,남,44세,상해없음,승용,남,51세,경상
2013041500100488,2013년 4월 15일 22시,월요일,광주광역시 광산구 신가동,경상사고,0,0,2,1,차대차 - 측면직각충돌,차로위반,건조,맑음,단일로 - 기타,승용,여,52세,부상신고,화물,남,47세,경상
2013041500100513,2013년 4월 15일 23시,월요일,광주광역시 서구 치평동,경상사고,0,0,5,0,차대차 - 측면직각충돌,안전운전불이행,건조,맑음,단일로 - 기타,승용,남,29세,상해없음,승용,남,20세,경상
2013041600100028,2013년 4월 16일 01시,화요일,광주광역시 북구 삼각동,경상사고,0,0,1,0,차대차 - 추돌 - 진행중,안전운전불이행,건조,맑음,단일로 - 기타,승용,남,44세,상해없음,승용,남,24세,경상
2013041600100053,2013년 4월 16일 04시,화요일,광주광역시 서구 치평동,경상사고,0,0,3,0,차대차 - 측면직각충돌,불법유턴,건조,맑음,교차로 - 교차로안,승용,남,51세,상해없음,승용,여,24세,경상
2013041600100101,2013년 4월 16일 07시,화요일,광주광역시 북구 두암동,경상사고,0,0,1,0,차대사람 - 횡단중,안전운전불이행,건조,맑음,단일로 - 기타,승합,남,64세,상해없음,보행자,여,18세,경상
2013041600100102,2013년 4월 16일 07시,화요일,광주광역시 광산구 소촌동,중상사고,0,1,0,0,차대사람 - 횡단중,안전운전불이행,건조,맑음,단일로 - 기타,승용,남,64세,상해없음,보행자,남,45세,중상
2013041600100129,2013년 4월 16일 08시,화요일,광주광역시 남구 송하동,사망사고,1,0,0,0,차대사람 - 차도통행중,안전운전불이행,건조,맑음,단일로 - 기타,승용,여,39세,상해없음,보행자,여,58세,사망
2013041600100130,2013년 4월 16일 08시,화요일,광주광역시 북구 임동,경상사고,0,0,2,0,차대차 - 추돌 - 주정차중,안전거리미확보,건조,맑음,교차로 - 교차로부근,승용,남,61세,상해없음,승용,여,52세,경상
2013041600100131,2013년 4월 16일 08시,화요일,광주광역시 광산구 산정동,경상사고,0,0,4,0,차대차 - 측면직각충돌,교차로운행방법위반,건조,맑음,교차로 - 교차로안,승용,여,48세,경상,승합,남,56세,경상
2013041600100157,2013년 4월 16일 09시,화요일,광주광역시 서구 농성동,경상사고,0,0,1,0,차대차 - 추돌 - 주정차중,안전운전불이행,건조,맑음,교차로 - 교차로안,승용,남,61세,상해없음,승용,남,37세,상해없음
2013041600100176,2013년 4월 16일 10시,화요일,광주광역시 동구 서석동,경상사고,0,0,1,0,차대차 - 기타,안전운전불이행,건조,맑음,단일로 - 기타,승용,기타불명,기타불명,기타불명,자전거,여,64세,경상
2013041600100197,2013년 4월 16일 11시,화요일,광주광역시 북구 운암동,경상사고,0,0,1,0,차대차 - 기타,안전운전불이행,건조,맑음,단일로 - 기타,승용,남,35세,상해없음,이륜,남,17세,경상
2013041600100217,2013년 4월 16일 12시,화요일,광주광역시 광산구 도산동,경상사고,0,0,1,0,차대차 - 측면직각충돌,안전운전불이행,건조,맑음,단일로 - 기타,건설기계,남,49세,상해없음,승용,여,50세,경상
2013041600100218,2013년 4월 16일 12시,화요일,광주광역시 광산구 월곡동,경상사고,0,0,1,0,차대차 - 측면직각충돌,중앙선침범,건조,맑음,단일로 - 기타,승용,남,30세,상해없음,승용,남,32세,경상
2013041600100249,2013년 4월 16일 13시,화요일,광주광역시 남구 양과동,경상사고,0,0,7,0,차대차 - 추돌 - 진행중,안전거리미확보,건조,맑음,단일로 - 기타,승합,남,45세,상해없음,승용,남,62세,경상
2013041600100279,2013년 4월 16일 14시,화요일,광주광역시 북구 각화동,중상사고,0,1,0,0,차량단독 - 공작물충돌,안전운전불이행,건조,맑음,단일로 - 기타,승용,여,50세,상해없음,,,,
2013041600100280,2013년 4월 16일 14시,화요일,광주광역시 광산구 월계동,경상사고,0,0,1,0,차대차 - 기타,신호위반,건조,맑음,교차로 - 교차로안,승용,기타불명,기타불명,기타불명,자전거,남,8세,경상
2013041600100340,2013년 4월 16일 16시,화요일,광주광역시 동구 학동,경상사고,0,0,3,0,차대차 - 측면직각충돌,교차로운행방법위반,건조,맑음,교차로 - 교차로안,이륜,남,16세,경상,승용,여,60세,경상
2013041600100341,2013년 4월 16일 16시,화요일,광주광역시 남구 월산동,경상사고,0,0,1,0,차대차 - 기타,안전운전불이행,건조,맑음,단일로 - 기타,승용,여,54세,상해없음,승용,여,57세,경상
2013041600100408,2013년 4월 16일 18시,화요일,광주광역시 서구 쌍촌동,경상사고,0,0,1,0,차대차 - 측면직각충돌,안전거리미확보,건조,맑음,교차로 - 교차로부근,승합,남,54세,상해없음,승용,여,38세,경상
2013041600100409,2013년 4월 16일 18시,화요일,광주광역시 남구 월산동,경상사고,0,0,1,0,차대사람 - 차도통행중,안전운전불이행,건조,맑음,단일로 - 기타,승용,남,60세,상해없음,보행자,남,33세,경상
2013041600100433,2013년 4월 16일 19시,화요일,광주광역시 서구 쌍촌동,경상사고,0,0,1,0,차대차 - 추돌 - 주정차중,안전운전불이행,건조,맑음,단일로 - 기타,승용,남,34세,상해없음,승용,남,73세,경상
2013041600100516,2013년 4월 16일 22시,화요일,광주광역시 남구 월산동,경상사고,0,0,1,0,차대차 - 기타,중앙선침범,습기,비,단일로 - 기타,승용,남,47세,상해없음,승용,여,56세,기타불명
2013041600100517,2013년 4월 16일 22시,화요일,광주광역시 광산구 신가동,경상사고,0,0,1,0,차대차 - 측면직각충돌,중앙선침범,건조,맑음,단일로 - 기타,화물,남,41세,상해없음,승용,남,21세,경상
2013041700100017,2013년 4월 17일 00시,수요일,광주광역시 서구 농성동,경상사고,0,0,2,0,차대차 - 추돌 - 주정차중,안전운전불이행,건조,맑음,교차로 - 교차로부근,승용,남,60세,기타불명,승용,남,32세,경상
2013041700100018,2013년 4월 17일 00시,수요일,광주광역시 북구 중흥동,경상사고,0,0,2,0,차대차 - 측면직각충돌,안전운전불이행,습기,비,교차로 - 교차로부근,승용,남,48세,상해없음,승용,남,27세,경상
2013041700100053,2013년 4월 17일 03시,수요일,광주광역시 북구 신안동,중상사고,0,1,0,0,차대차 - 측면직각충돌,신호위반,습기,비,교차로 - 교차로안,승용,남,25세,상해없음,승용,여,41세,중상
2013041700100084,2013년 4월 17일 06시,수요일,광주광역시 동구 학동,경상사고,0,0,1,0,차대차 - 측면직각충돌,중앙선침범,건조,맑음,단일로 - 기타,자전거,남,58세,경상,승용,남,56세,상해없음
2013041700100117,2013년 4월 17일 07시,수요일,광주광역시 남구 서동,중상사고,0,1,0,0,차대차 - 측면직각충돌,안전운전불이행,건조,맑음,단일로 - 기타,자전거,남,18세,중상,승합,남,37세,상해없음
2013041700100118,2013년 4월 17일 07시,수요일,광주광역시 북구 신안동,경상사고,0,0,1,0,차대차 - 측면직각충돌,안전운전불이행,건조,맑음,교차로 - 교차로부근,승용,남,44세,상해없음,승용,남,45세,경상
2013041700100236,2013년 4월 17일 11시,수요일,광주광역시 북구 각화동,경상사고,0,0,1,0,차대차 - 기타,안전거리미확보,건조,맑음,단일로 - 기타,승용,남,66세,상해없음,승용,여,43세,경상
2013041700100237,2013년 4월 17일 11시,수요일,광주광역시 광산구 운남동,경상사고,0,0,1,0,차대차 - 측면직각충돌,안전운전불이행,건조,맑음,교차로 - 교차로부근,건설기계,남,47세,상해없음,승용,여,38세,경상
2013041700100258,2013년 4월 17일 12시,수요일,광주광역시 서구 치평동,경상사고,0,0,3,0,차대차 - 측면직각충돌,신호위반,건조,맑음,교차로 - 교차로안,승용,남,27세,상해없음,승용,여,50세,경상
2013041700100278,2013년 4월 17일 13시,수요일,광주광역시 서구 유촌동,경상사고,0,0,2,0,차대차 - 추돌 - 주정차중,안전거리미확보,건조,맑음,교차로 - 교차로부근,승용,남,45세,상해없음,승용,여,49세,경상
2013041700100329,2013년 4월 17일 15시,수요일,광주광역시 서구 광천동,경상사고,0,0,1,0,차대사람 - 기타,중앙선침범,건조,맑음,교차로 - 교차로부근,승용,여,50세,상해없음,보행자,남,8세,경상
2013041700100361,2013년 4월 17일 16시,수요일,광주광역시 서구 치평동,경상사고,0,0,1,0,차대사람 - 기타,안전운전불이행,건조,맑음,단일로 - 기타,승용,여,45세,기타불명,보행자,남,9세,경상
2013041700100362,2013년 4월 17일 16시,수요일,광주광역시 광산구 월곡동,중상사고,0,1,0,0,차대차 - 측면직각충돌,교차로운행방법위반,건조,맑음,교차로 - 교차로안,승용,여,31세,상해없음,자전거,여,65세,중상
2013041700100363,2013년 4월 17일 16시,수요일,광주광역시 광산구 도산동,경상사고,0,0,1,0,차대차 - 추돌 - 진행중,안전운전불이행,건조,맑음,단일로 - 기타,승용,남,18세,상해없음,자전거,남,54세,경상
2013041700100396,2013년 4월 17일 17시,수요일,광주광역시 북구 문흥동,경상사고,0,0,1,0,차대차 - 추돌 - 주정차중,안전운전불이행,건조,맑음,단일로 - 기타,승용,남,58세,상해없음,승용,남,44세,상해없음
2013041700100433,2013년 4월 17일 18시,수요일,광주광역시 동구 지산동,경상사고,0,0,1,0,차대사람 - 기타,안전운전불이행,건조,맑음,단일로 - 기타,승용,여,54세,상해없음,보행자,남,27세,경상
2013041700100434,2013년 4월 17일 18시,수요일,광주광역시 북구 임동,경상사고,0,0,4,0,차대차 - 측면직각충돌,기타,건조,맑음,교차로 - 교차로부근,승용,남,32세,경상,승용,남,26세,경상
2013041700100435,2013년 4월 17일 18시,수요일,광주광역시 광산구 하산동,경상사고,0,0,1,0,차대차 - 추돌 - 주정차중,안전운전불이행,건조,맑음,단일로 - 기타,승용,여,47세,상해없음,승용,남,47세,경상
2013041700100467,2013년 4월 17일 19시,수요일,광주광역시 서구 매월동,경상사고,0,0,4,0,차대차 - 기타,안전운전불이행,건조,맑음,기타 - 기타,승용,남,59세,상해없음,승용,남,31세,경상
2013041700100468,2013년 4월 17일 19시,수요일,광주광역시 북구 동림동,중상사고,0,1,0,0,차대차 - 측면직각충돌,중앙선침범,건조,맑음,단일로 - 기타,승용,남,33세,상해없음,원동기,남,56세,중상
2013041700100500,2013년 4월 17일 20시,수요일,광주광역시 서구 쌍촌동,경상사고,0,0,1,0,차대차 - 측면직각충돌,교차로운행방법위반,건조,맑음,교차로 - 교차로안,승용,남,57세,상해없음,승용,남,28세,경상
2013041700100535,2013년 4월 17일 21시,수요일,광주광역시 서구 화정동,경상사고,0,0,1,0,차대차 - 측면직각충돌,안전운전불이행,건조,맑음,단일로 - 기타,승용,남,52세,상해없음,승용,남,25세,경상
2013041700100536,2013년 4월 17일 21시,수요일,광주광역시 북구 두암동,경상사고,0,0,1,0,차대차 - 기타,신호위반,건조,맑음,교차로 - 교차로안,승용,남,56세,상해없음,이륜,남,16세,경상
2013041700100537,2013년 4월 17일 21시,수요일,광주광역시 광산구 하남동,경상사고,0,0,2,0,차대차 - 측면직각충돌,신호위반,건조,맑음,교차로 - 교차로안,승용,여,45세,경상,승용,남,59세,경상
2013041700100574,2013년 4월 17일 22시,수요일,광주광역시 서구 화정동,경상사고,0,0,1,0,차대차 - 기타,안전운전불이행,건조,맑음,기타 - 기타,승용,남,46세,상해없음,자전거,남,16세,경상
2013041700100600,2013년 4월 17일 23시,수요일,광주광역시 서구 쌍촌동,경상사고,0,0,1,0,차대차 - 기타,교차로운행방법위반,건조,맑음,교차로 - 교차로안,승용,남,56세,상해없음,승용,여,43세,경상
2013041800100033,2013년 4월 18일 01시,목요일,광주광역시 서구 농성동,경상사고,0,0,3,0,차대차 - 추돌 - 주정차중,안전운전불이행,건조,맑음,교차로 - 교차로부근,승용,남,34세,상해없음,승용,남,24세,경상
2013041800100069,2013년 4월 18일 05시,목요일,광주광역시 남구 서동,경상사고,0,0,2,0,차대차 - 측면직각충돌,신호위반,건조,맑음,교차로 - 교차로안,화물,여,62세,경상,화물,남,52세,경상
2013041800100098,2013년 4월 18일 07시,목요일,광주광역시 서구 쌍촌동,경상사고,0,0,1,0,차대차 - 추돌 - 주정차중,안전거리미확보,건조,맑음,단일로 - 기타,승용,남,38세,상해없음,승용,남,76세,경상
2013041800100131,2013년 4월 18일 08시,목요일,광주광역시 북구 용봉동,경상사고,0,0,1,0,차대차 - 추돌 - 진행중,안전거리미확보,건조,맑음,단일로 - 기타,승용,남,54세,상해없음,승용,남,59세,상해없음
2013041800100164,2013년 4월 18일 09시,목요일,광주광역시 북구 삼각동,중상사고,0,1,0,0,차대차 - 정면충돌,신호위반,건조,맑음,교차로 - 교차로안,승용,남,18세,상해없음,자전거,남,26세,중상
2013041800100194,2013년 4월 18일 10시,목요일,광주광역시 북구 운암동,경상사고,0,0,2,0,차대차 - 측면직각충돌,교차로운행방법위반,건조,맑음,교차로 - 교차로안,승용,여,37세,경상,승용,남,53세,경상
2013041800100213,2013년 4월 18일 11시,목요일,광주광역시 북구 양산동,경상사고,0,0,2,0,차대차 - 추돌 - 주정차중,안전거리미확보,건조,맑음,교차로 - 교차로부근,화물,남,41세,상해없음,승용,여,38세,경상
2013041800100242,2013년 4월 18일 12시,목요일,광주광역시 남구 월산동,경상사고,0,0,1,0,차대차 - 기타,안전운전불이행,건조,맑음,단일로 - 기타,승합,남,37세,상해없음,자전거,남,52세,경상
2013041800100243,2013년 4월 18일 12시,목요일,광주광역시 광산구 월전동,중상사고,0,1,3,0,차대차 - 추돌 - 주정차중,안전운전불이행,건조,맑음,교차로 - 교차로부근,화물,남,65세,상해없음,화물,남,34세,중상
2013041800100269,2013년 4월 18일 13시,목요일,광주광역시 광산구 비아동,경상사고,0,0,1,0,차대차 - 측면직각충돌,교차로운행방법위반,건조,맑음,교차로 - 교차로안,승용,여,54세,경상,화물,남,46세,상해없음
2013041800100325,2013년 4월 18일 15시,목요일,광주광역시 서구 매월동,중상사고,0,1,0,0,차량단독 - 공작물충돌,안전운전불이행,건조,맑음,단일로 - 기타,승용,남,56세,중상,,,,
2013041800100326,2013년 4월 18일 15시,목요일,광주광역시 북구 우산동,경상사고,0,0,3,0,차대차 - 측면직각충돌,신호위반,건조,맑음,교차로 - 교차로안,승용,남,40세,상해없음,승용,여,44세,경상
2013041800100362,2013년 4월 18일 16시,목요일,광주광역시 남구 봉선동,경상사고,0,0,1,0,차대차 - 기타,신호위반,건조,맑음,교차로 - 교차로안,자전거,남,13세,상해없음,승용,여,48세,상해없음
2013041800100404,2013년 4월 18일 17시,목요일,광주광역시 광산구 송정동,경상사고,0,0,4,0,차대차 - 추돌 - 진행중,안전거리미확보,건조,맑음,단일로 - 기타,승합,여,40세,경상,승용,남,18세,경상
2013041800100435,2013년 4월 18일 18시,목요일,광주광역시 동구 운림동,경상사고,0,0,1,0,차대차 - 측면직각충돌,중앙선침범,건조,맑음,교차로 - 교차로부근,이륜,남,62세,상해없음,승용,남,40세,경상
2013041800100436,2013년 4월 18일 18시,목요일,광주광역시 광산구 신촌동,중상사고,0,1,0,0,차대차 - 측면직각충돌,안전운전불이행,건조,맑음,교차로 - 교차로부근,승합,남,66세,상해없음,원동기,남,29세,중상
2013041800100536,2013년 4월 18일 21시,목요일,광주광역시 서구 풍암동,경상사고,0,0,1,1,차대차 - 추돌 - 주정차중,안전운전불이행,건조,맑음,교차로 - 교차로부근,화물,남,44세,상해없음,승용,여,56세,경상
2013041800100537,2013년 4월 18일 21시,목요일,광주광역시 북구 신안동,경상사고,0,0,2,0,차대차 - 기타,안전거리미확보,건조,맑음,단일로 - 기타,승용,여,30세,경상,특수,남,38세,상해없음
2013041800100566,2013년 4월 18일 22시,목요일,광주광역시 광산구 수완동,경상사고,0,0,2,0,차대차 - 측면직각충돌,신호위반,건조,맑음,교차로 - 교차로안,승용,여,45세,상해없음,승용,남,43세,경상
2013041800100589,2013년 4월 18일 23시,목요일,광주광역시 서구 치평동,경상사고,0,0,2,0,차대차 - 추돌 - 주정차중,안전운전불이행,건조,맑음,단일로 - 기타,승용,남,47세,상해없음,승용,여,41세,경상
2013041800100590,2013년 4월 18일 23시,목요일,광주광역시 광산구 장덕동,중상사고,0,1,0,0,차대차 - 측면직각충돌,안전거리미확보,건조,맑음,단일로 - 기타,승용,남,59세,상해없음,원동기,남,16세,중상
2013041900100019,2013년 4월 19일 00시,금요일,광주광역시 북구 운암동,중상사고,0,1,0,0,차대차 - 측면직각충돌,신호위반,건조,맑음,교차로 - 교차로안,화물,여,42세,상해없음,승용,여,49세,중상
2013041900100037,2013년 4월 19일 01시,금요일,광주광역시 서구 풍암동,경상사고,0,0,3,0,차대차 - 측면직각충돌,교차로운행방법위반,건조,맑음,교차로 - 교차로안,승용,여,43세,경상,승용,남,48세,경상
2013041900100049,2013년 4월 19일 02시,금요일,광주광역시 남구 백운동,경상사고,0,0,1,0,차대차 - 정면충돌,신호위반,건조,맑음,교차로 - 교차로안,승용,남,56세,상해없음,승용,여,32세,경상
2013041900100050,2013년 4월 19일 02시,금요일,광주광역시 북구 두암동,중상사고,0,2,1,0,차대차 - 측면직각충돌,교차로운행방법위반,건조,맑음,교차로 - 교차로안,승용,남,52세,상해없음,승용,여,53세,중상
2013041900100099,2013년 4월 19일 06시,금요일,광주광역시 동구 학동,중상사고,0,1,0,0,차대사람 - 기타,안전운전불이행,건조,맑음,기타 - 기타,승합,남,58세,상해없음,보행자,여,85세,중상
2013041900100100,2013년 4월 19일 06시,금요일,광주광역시 서구 매월동,경상사고,0,0,2,0,차대차 - 측면직각충돌,신호위반,건조,맑음,교차로 - 교차로안,승용,여,71세,경상,승용,남,33세,경상
2013041900100122,2013년 4월 19일 07시,금요일,광주광역시 북구 중흥동,사망사고,1,1,0,0,차대사람 - 기타,중앙선침범,건조,맑음,교차로 - 교차로부근,화물,남,52세,중상,보행자,남,21세,사망
2013041900100156,2013년 4월 19일 08시,금요일,광주광역시 북구 운암동,경상사고,0,0,1,0,차대차 - 측면직각충돌,교차로운행방법위반,건조,맑음,교차로 - 교차로안,승용,기타불명,기타불명,기타불명,승용,여,49세,경상
2013041900100157,2013년 4월 19일 08시,금요일,광주광역시 광산구 장덕동,경상사고,0,0,1,0,차대사람 - 횡단중,안전운전불이행,건조,흐림,단일로 - 기타,승용,남,54세,상해없음,보행자,여,7세,경상
2013041900100207,2013년 4월 19일 10시,금요일,광주광역시 광산구 산수동,경상사고,0,0,4,0,차대차 - 기타,안전운전불이행,건조,맑음,교차로 - 교차로안,승용,남,37세,상해없음,승용,남,43세,경상
2013041900100208,2013년 4월 19일 10시,금요일,광주광역시 서구 양동,경상사고,0,0,2,0,차대차 - 측면직각충돌,안전운전불이행,건조,맑음,단일로 - 기타,승용,남,61세,상해없음,승용,남,49세,경상
2013041900100209,2013년 4월 19일 10시,금요일,광주광역시 북구 풍향동,경상사고,0,0,1,0,차대사람 - 횡단중,안전운전불이행,건조,맑음,단일로 - 기타,승용,여,36세,상해없음,보행자,남,71세,경상
2013041900100233,2013년 4월 19일 11시,금요일,광주광역시 광산구 운남동,경상사고,0,0,3,0,차대차 - 추돌 - 진행중,안전운전불이행,건조,맑음,교차로 - 교차로부근,승용,남,55세,경상,승용,남,41세,경상
2013041900100256,2013년 4월 19일 12시,금요일,광주광역시 북구 우산동,경상사고,0,0,1,0,차대차 - 측면직각충돌,안전운전불이행,건조,맑음,단일로 - 기타,승용,남,71세,상해없음,자전거,남,38세,경상
2013041900100284,2013년 4월 19일 13시,금요일,광주광역시 동구 금남로3가,경상사고,0,0,3,0,차대차 - 기타,안전운전불이행,건조,맑음,기타 - 기타,승용,남,67세,기타불명,승용,남,30세,경상
2013041900100285,2013년 4월 19일 13시,금요일,광주광역시 북구 문흥동,경상사고,0,0,1,0,차대차 - 측면직각충돌,안전운전불이행,건조,맑음,단일로 - 기타,자전거,남,82세,경상,승용,남,22세,기타불명
2013041900100326,2013년 4월 19일 14시,금요일,광주광역시 남구 진월동,경상사고,0,0,1,0,차대차 - 측면직각충돌,안전운전불이행,건조,맑음,기타 - 기타,기타불명,기타불명,기타불명,기타불명,승용,여,44세,경상
2013041900100361,2013년 4월 19일 15시,금요일,광주광역시 동구 지산동,중상사고,0,1,0,0,차대차 - 기타,신호위반,건조,맑음,교차로 - 교차로부근,이륜,남,31세,중상,화물,남,41세,상해없음
2013041900100362,2013년 4월 19일 15시,금요일,광주광역시 북구 두암동,경상사고,0,0,2,2,차대차 - 측면직각충돌,안전운전불이행,건조,맑음,교차로 - 교차로안,승용,여,31세,기타불명,승용,여,61세,경상
2013041900100363,2013년 4월 19일 15시,금요일,광주광역시 북구 양산동,경상사고,0,0,1,0,차대차 - 추돌 - 진행중,안전운전불이행,건조,맑음,교차로 - 교차로안,승용,여,47세,상해없음,승용,여,49세,경상
2013041900100393,2013년 4월 19일 16시,금요일,광주광역시 북구 오룡동,경상사고,0,0,1,0,차대차 - 기타,안전운전불이행,건조,맑음,단일로 - 기타,승용,남,53세,상해없음,자전거,여,46세,경상
2013041900100394,2013년 4월 19일 16시,금요일,광주광역시 광산구 신창동,경상사고,0,0,1,0,차대차 - 정면충돌,중앙선침범,건조,맑음,단일로 - 기타,승용,남,37세,상해없음,승용,여,44세,경상
2013041900100440,2013년 4월 19일 17시,금요일,광주광역시 남구 봉선동,중상사고,0,1,0,0,차대사람 - 횡단중,안전운전불이행,건조,맑음,단일로 - 횡단보도상,승용,남,54세,상해없음,보행자,남,54세,중상
2013041900100483,2013년 4월 19일 18시,금요일,광주광역시 북구 문흥동,경상사고,0,0,3,1,차대차 - 측면직각충돌,중앙선침범,건조,맑음,단일로 - 기타,승용,여,57세,부상신고,승용,남,61세,상해없음
2013041900100484,2013년 4월 19일 18시,금요일,광주광역시 북구 용봉동,중상사고,0,1,1,0,차대차 - 측면직각충돌,중앙선침범,건조,맑음,단일로 - 기타,이륜,남,28세,중상,승용,여,63세,경상
2013041900100485,2013년 4월 19일 18시,금요일,광주광역시 북구 두암동,경상사고,0,0,1,0,차대사람 - 횡단중,안전운전불이행,건조,맑음,단일로 - 기타,승용,남,19세,상해없음,보행자,남,8세,경상
2013041900100486,2013년 4월 19일 18시,금요일,광주광역시 광산구 도산동,경상사고,0,0,1,0,차대사람 - 보도통행중,기타,건조,맑음,단일로 - 기타,자전거,남,11세,상해없음,보행자,여,66세,경상
2013041900100523,2013년 4월 19일 19시,금요일,광주광역시 북구 운암동,경상사고,0,0,2,0,차대차 - 추돌 - 진행중,안전운전불이행,건조,맑음,교차로 - 교차로부근,승용,여,45세,상해없음,화물,남,39세,경상
2013041900100561,2013년 4월 19일 20시,금요일,광주광역시 서구 금호동,경상사고,0,0,1,0,차대사람 - 횡단중,안전운전불이행,건조,맑음,교차로 - 교차로부근,승용,남,59세,상해없음,보행자,여,14세,경상
2013041900100562,2013년 4월 19일 20시,금요일,광주광역시 북구 문흥동,경상사고,0,0,2,0,차대차 - 측면직각충돌,안전거리미확보,건조,맑음,단일로 - 기타,원동기,남,16세,상해없음,원동기,남,19세,경상
2013041900100597,2013년 4월 19일 21시,금요일,광주광역시 서구 서창동,경상사고,0,0,1,0,차대차 - 측면직각충돌,신호위반,건조,맑음,교차로 - 교차로안,승용,남,27세,상해없음,승용,남,31세,경상
2013041900100598,2013년 4월 19일 21시,금요일,광주광역시 광산구 신가동,경상사고,0,0,2,0,차대차 - 추돌 - 진행중,안전운전불이행,건조,맑음,단일로 - 기타,승용,남,50세,상해없음,승용,여,31세,경상
2013042000100060,2013년 4월 20일 01시,토요일,광주광역시 광산구 수완동,경상사고,0,0,1,0,차량단독 - 공작물충돌,안전운전불이행,건조,맑음,단일로 - 기타,승용,여,45세,경상,,,,
2013042000100074,2013년 4월 20일 02시,토요일,광주광역시 동구 산수동,경상사고,0,0,1,0,차대차 - 추돌 - 진행중,안전운전불이행,건조,흐림,단일로 - 터널,승용,남,39세,상해없음,승용,여,49세,경상