사고번호,사고일시,요일,시군구,사고내용,사망자수,중상자수,경상자수,부상신고자수,사고유형,법규위반,노면상태,기상상태,도로형태,가해운전자 차종,가해운전자 성별,가해운전자 연령,가해운전자 상해정도,피해운전자 차종,피해운전자 성별,피해운전자 연령,피해운전자 상해정도
2013042000100085,2013년 4월 20일 03시,토요일,광주광역시 남구 주월동,경상사고,0,0,1,0,차대차 - 정면충돌,신호위반,건조,맑음,교차로 - 교차로안,승용,남,53세,상해없음,승용,여,58세,상해없음
2013042000100098,2013년 4월 20일 04시,토요일,광주광역시 광산구 월계동,경상사고,0,0,1,0,차량단독 - 공작물충돌,안전운전불이행,건조,맑음,교차로 - 교차로부근,승용,여,50세,경상,,,,
2013042000100099,2013년 4월 20일 04시,토요일,광주광역시 광산구 월계동,경상사고,0,0,2,0,차대차 - 측면직각충돌,중앙선침범,건조,맑음,교차로 - 교차로부근,승용,남,23세,경상,승용,남,55세,경상
2013042000100122,2013년 4월 20일 05시,토요일,광주광역시 광산구 오선동,경상사고,0,0,2,0,차대차 - 측면직각충돌,안전운전불이행,건조,맑음,교차로 - 교차로안,화물,남,59세,경상,화물,남,40세,경상
2013042000100140,2013년 4월 20일 06시,토요일,광주광역시 동구 지산동,경상사고,0,0,1,0,차대차 - 기타,안전운전불이행,건조,맑음,교차로 - 교차로안,승용,남,22세,상해없음,승용,남,63세,경상
2013042000100141,2013년 4월 20일 06시,토요일,광주광역시 서구 화정동,경상사고,0,0,1,0,차대차 - 측면직각충돌,교차로운행방법위반,습기,비,교차로 - 교차로안,승용,남,64세,상해없음,화물,남,41세,경상
2013042000100142,2013년 4월 20일 06시,토요일,광주광역시 남구 주월동,경상사고,0,0,3,0,차대차 - 측면직각충돌,신호위반,습기,비,교차로 - 교차로안,승용,여,31세,상해없음,화물,남,61세,경상
2013042000100143,2013년 4월 20일 06시,토요일,광주광역시 광산구 수완동,경상사고,0,0,1,0,차량단독 - 공작물충돌,안전운전불이행,습기,비,교차로 - 교차로부근,승용,여,34세,경상,,,,
2013042000100261,2013년 4월 20일 10시,토요일,광주광역시 북구 운암동,경상사고,0,0,1,0,차대차 - 추돌 - 진행중,안전거리미확보,습기,비,단일로 - 기타,승용,남,35세,상해없음,승용,남,41세,경상
2013042000100331,2013년 4월 20일 12시,토요일,광주광역시 북구 운암동,중상사고,0,1,0,0,차대사람 - 횡단중,안전운전불이행,습기,비,단일로 - 기타,승용,남,22세,상해없음,보행자,남,62세,중상
2013042000100360,2013년 4월 20일 13시,토요일,광주광역시 서구 유촌동,경상사고,0,0,2,0,차대차 - 추돌 - 주정차중,안전운전불이행,습기,비,교차로 - 교차로부근,승용,남,55세,상해없음,승용,여,21세,경상
2013042000100361,2013년 4월 20일 13시,토요일,광주광역시 광산구 운남동,부상신고사고,0,0,0,1,차량단독 - 기타,안전운전불이행,건조,맑음,단일로 - 기타,승용,여,23세,부상신고,,,,
2013042000100441,2013년 4월 20일 15시,토요일,광주광역시 북구 각화동,중상사고,0,1,0,0,차대차 - 측면직각충돌,신호위반,건조,맑음,교차로 - 교차로안,승용,남,64세,상해없음,원동기,여,42세,중상
2013042000100499,2013년 4월 20일 17시,토요일,광주광역시 동구 계림동,중상사고,0,1,0,0,차대사람 - 기타,안전운전불이행,건조,맑음,기타 - 기타,승용,남,57세,상해없음,보행자,남,65세,중상
2013042000100529,2013년 4월 20일 18시,토요일,광주광역시 남구 칠석동,경상사고,0,0,2,1,차대차 - 추돌 - 진행중,안전거리미확보,습기,흐림,단일로 - 기타,승용,남,28세,부상신고,승용,남,73세,경상
2013042000100530,2013년 4월 20일 18시,토요일,광주광역시 북구 운암동,경상사고,0,0,2,0,차대차 - 측면직각충돌,신호위반,건조,흐림,교차로 - 교차로안,승용,남,50세,상해없음,승용,여,33세,경상
2013042000100566,2013년 4월 20일 19시,토요일,광주광역시 서구 치평동,사망사고,1,0,0,0,차대사람 - 횡단중,보행자보호의무위반,습기,흐림,단일로 - 기타,승용,남,46세,상해없음,보행자,여,72세,사망
2013042000100567,2013년 4월 20일 19시,토요일,광주광역시 북구 용봉동,경상사고,0,0,1,0,차대차 - 측면직각충돌,중앙선침범,건조,맑음,교차로 - 교차로안,승용,남,44세,상해없음,승용,남,36세,경상
2013042000100568,2013년 4월 20일 19시,토요일,광주광역시 북구 동림동,경상사고,0,0,4,0,차대차 - 추돌 - 주정차중,안전운전불이행,건조,맑음,단일로 - 기타,승용,남,33세,상해없음,승용,남,39세,경상
2013042000100569,2013년 4월 20일 19시,토요일,광주광역시 북구 일곡동,경상사고,0,0,1,0,차대사람 - 횡단중,중앙선침범,건조,맑음,교차로 - 교차로부근,이륜,남,15세,기타불명,보행자,여,13세,경상
2013042000100618,2013년 4월 20일 20시,토요일,광주광역시 남구 주월동,중상사고,0,1,0,0,차대사람 - 횡단중,안전운전불이행,건조,맑음,단일로 - 기타,승용,남,29세,상해없음,보행자,남,54세,중상
2013042000100619,2013년 4월 20일 20시,토요일,광주광역시 북구 두암동,경상사고,0,0,1,0,차대차 - 측면직각충돌,교차로운행방법위반,건조,맑음,교차로 - 교차로안,기타불명,기타불명,기타불명,기타불명,승용,남,29세,경상
2013042000100620,2013년 4월 20일 20시,토요일,광주광역시 북구 용봉동,경상사고,0,0,3,0,차대차 - 추돌 - 진행중,안전운전불이행,건조,흐림,단일로 - 기타,원동기,남,19세,경상,승용,남,23세,경상
2013042000100658,2013년 4월 20일 21시,토요일,광주광역시 동구 불로동,경상사고,0,0,2,0,차대차 - 측면직각충돌,신호위반,습기,맑음,교차로 - 교차로안,승용,여,23세,상해없음,승용,남,56세,경상
2013042000100659,2013년 4월 20일 21시,토요일,광주광역시 서구 쌍촌동,경상사고,0,0,1,0,차대차 - 기타,안전운전불이행,건조,맑음,단일로 - 기타,승용,남,20세,기타불명,승용,남,47세,상해없음
2013042000100704,2013년 4월 20일 23시,토요일,광주광역시 동구 계림동,중상사고,0,1,0,0,차대사람 - 횡단중,보행자보호의무위반,건조,맑음,단일로 - 횡단보도상,승용,남,31세,상해없음,보행자,남,30세,중상
2013042100100049,2013년 4월 21일 01시,일요일,광주광역시 서구 금호동,경상사고,0,0,1,0,차대사람 - 기타,안전운전불이행,건조,맑음,단일로 - 기타,승용,남,28세,상해없음,보행자,남,22세,경상
2013042100100077,2013년 4월 21일 03시,일요일,광주광역시 북구 중흥동,경상사고,0,0,1,0,차대차 - 측면직각충돌,안전거리미확보,건조,맑음,단일로 - 기타,승용,남,26세,상해없음,승용,남,53세,상해없음
2013042100100101,2013년 4월 21일 06시,일요일,광주광역시 남구 백운동,경상사고,0,0,1,0,차대차 - 측면직각충돌,안전거리미확보,건조,맑음,교차로 - 교차로부근,승용,남,61세,상해없음,승용,남,50세,경상
2013042100100117,2013년 4월 21일 07시,일요일,광주광역시 북구 운암동,경상사고,0,0,4,0,차대차 - 추돌 - 진행중,안전거리미확보,건조,맑음,단일로 - 기타,승용,여,66세,경상,승용,남,36세,상해없음
2013042100100134,2013년 4월 21일 08시,일요일,광주광역시 서구 화정동,경상사고,0,0,2,0,차대차 - 추돌 - 주정차중,안전운전불이행,건조,맑음,교차로 - 교차로부근,승용,여,53세,상해없음,승용,남,53세,경상
2013042100100227,2013년 4월 21일 13시,일요일,광주광역시 서구 금호동,중상사고,0,1,0,0,차대사람 - 횡단중,안전운전불이행,건조,맑음,단일로 - 기타,승용,남,57세,상해없음,보행자,남,6세,중상
2013042100100228,2013년 4월 21일 13시,일요일,광주광역시 광산구 수완동,경상사고,0,0,2,0,차대차 - 기타,안전운전불이행,건조,맑음,교차로 - 교차로부근,승용,남,27세,상해없음,승용,남,59세,경상
2013042100100261,2013년 4월 21일 14시,일요일,광주광역시 광산구 흑석동,경상사고,0,0,3,2,차대차 - 추돌 - 진행중,안전거리미확보,건조,맑음,단일로 - 기타,승용,남,36세,상해없음,승합,남,42세,경상
2013042100100286,2013년 4월 21일 15시,일요일,광주광역시 동구 학동,중상사고,0,1,0,0,차대사람 - 기타,안전운전불이행,건조,맑음,단일로 - 기타,자전거,기타불명,기타불명,기타불명,보행자,여,73세,중상
2013042100100382,2013년 4월 21일 18시,일요일,광주광역시 남구 노대동,경상사고,0,0,9,0,차대차 - 기타,안전거리미확보,건조,맑음,단일로 - 기타,승용,남,53세,상해없음,승용,남,45세,경상
2013042100100383,2013년 4월 21일 18시,일요일,광주광역시 북구 용두동,경상사고,0,0,2,0,차대차 - 측면직각충돌,신호위반,건조,맑음,교차로 - 교차로안,승용,남,55세,상해없음,승용,여,27세,경상
2013042100100384,2013년 4월 21일 18시,일요일,광주광역시 광산구 수완동,경상사고,0,0,2,0,차대차 - 추돌 - 진행중,기타,건조,맑음,단일로 - 기타,승용,남,36세,경상,승용,남,26세,상해없음
2013042100100421,2013년 4월 21일 19시,일요일,광주광역시 북구 각화동,경상사고,0,0,2,0,차대차 - 측면직각충돌,안전운전불이행,건조,맑음,단일로 - 기타,화물,남,58세,상해없음,승용,여,43세,경상
2013042100100456,2013년 4월 21일 20시,일요일,광주광역시 북구 용봉동,경상사고,0,0,1,0,차량단독 - 기타,안전운전불이행,건조,맑음,단일로 - 기타,승합,남,47세,상해없음,,,,
2013042100100457,2013년 4월 21일 20시,일요일,광주광역시 북구 일곡동,경상사고,0,0,9,0,차대차 - 추돌 - 진행중,안전거리미확보,건조,맑음,단일로 - 기타,승용,남,41세,상해없음,승용,남,31세,경상
2013042100100491,2013년 4월 21일 21시,일요일,광주광역시 서구 화정동,경상사고,0,0,2,0,차대차 - 추돌 - 주정차중,안전운전불이행,건조,맑음,단일로 - 기타,화물,남,48세,상해없음,승용,남,29세,경상
2013042100100510,2013년 4월 21일 22시,일요일,광주광역시 광산구 월곡동,경상사고,0,0,1,0,차대차 - 측면직각충돌,불법유턴,건조,맑음,단일로 - 기타,승용,남,22세,상해없음,승용,여,20세,경상
2013042100100532,2013년 4월 21일 23시,일요일,광주광역시 북구 두암동,경상사고,0,0,2,0,차대차 - 측면직각충돌,안전운전불이행,건조,맑음,단일로 - 기타,승용,남,62세,상해없음,승용,남,45세,경상
2013042200100009,2013년 4월 22일 00시,월요일,광주광역시 서구 금호동,경상사고,0,0,2,0,차대차 - 기타,신호위반,건조,맑음,교차로 - 교차로안,승용,남,23세,상해없음,승용,남,53세,경상
2013042200100010,2013년 4월 22일 00시,월요일,광주광역시 남구 월산동,경상사고,0,0,1,0,차대사람 - 횡단중,안전운전불이행,건조,맑음,단일로 - 기타,승용,남,46세,상해없음,보행자,여,30세,경상
2013042200100024,2013년 4월 22일 01시,월요일,광주광역시 동구 대인동,중상사고,0,1,0,0,차대차 - 측면직각충돌,중앙선침범,건조,맑음,단일로 - 기타,기타불명,남,85세,중상,승용,여,30세,상해없음
2013042200100090,2013년 4월 22일 07시,월요일,광주광역시 북구 용봉동,경상사고,0,0,2,0,차대차 - 추돌 - 진행중,안전운전불이행,건조,맑음,단일로 - 기타,승용,남,55세,경상,승용,남,35세,경상
2013042200100091,2013년 4월 22일 07시,월요일,광주광역시 북구 용봉동,경상사고,0,0,2,0,차대차 - 추돌 - 진행중,안전운전불이행,건조,맑음,단일로 - 기타,승용,여,46세,경상,승용,남,55세,경상
2013042200100092,2013년 4월 22일 07시,월요일,광주광역시 북구 용봉동,경상사고,0,0,2,0,차대차 - 추돌 - 진행중,안전운전불이행,건조,맑음,단일로 - 기타,승용,남,26세,상해없음,승용,남,44세,경상
2013042200100106,2013년 4월 22일 07시,월요일,광주광역시 서구 광천동,경상사고,0,0,1,0,차대차 - 측면직각충돌,신호위반,건조,맑음,교차로 - 교차로안,승용,여,31세,상해없음,승용,여,32세,경상
2013042200100107,2013년 4월 22일 07시,월요일,광주광역시 남구 송하동,경상사고,0,0,2,0,차대차 - 기타,안전거리미확보,건조,맑음,단일로 - 기타,승용,여,39세,경상,승용,남,43세,경상
2013042200100108,2013년 4월 22일 07시,월요일,광주광역시 광산구 소촌동,중상사고,0,2,4,0,차대차 - 추돌 - 진행중,직진우회전진행방해,건조,맑음,교차로 - 교차로안,승용,남,38세,경상,승합,남,50세,경상
2013042200100140,2013년 4월 22일 08시,월요일,광주광역시 남구 주월동,경상사고,0,0,1,0,차대사람 - 기타,신호위반,건조,맑음,단일로 - 횡단보도상,승용,남,43세,상해없음,보행자,남,10세,경상
2013042200100141,2013년 4월 22일 08시,월요일,광주광역시 광산구 운남동,경상사고,0,0,1,0,차대차 - 측면직각충돌,신호위반,건조,맑음,교차로 - 교차로안,승용,남,52세,상해없음,승용,남,29세,경상
2013042200100142,2013년 4월 22일 08시,월요일,광주광역시 광산구 신가동,부상신고사고,0,0,0,1,차대사람 - 기타,안전운전불이행,건조,맑음,단일로 - 기타,기타불명,기타불명,기타불명,기타불명,보행자,남,13세,부상신고
2013042200100209,2013년 4월 22일 10시,월요일,광주광역시 북구 삼각동,경상사고,0,0,1,0,차대차 - 측면직각충돌,중앙선침범,건조,맑음,단일로 - 기타,승용,여,44세,상해없음,승용,남,43세,경상
2013042200100233,2013년 4월 22일 11시,월요일,광주광역시 남구 백운동,중상사고,0,1,1,0,차대차 - 기타,신호위반,건조,맑음,교차로 - 교차로안,승용,남,54세,상해없음,승용,남,45세,경상
2013042200100234,2013년 4월 22일 11시,월요일,광주광역시 광산구 우산동,중상사고,0,1,0,0,차대사람 - 횡단중,보행자보호의무위반,건조,맑음,단일로 - 기타,승용,남,30세,상해없음,보행자,여,62세,중상
2013042200100262,2013년 4월 22일 12시,월요일,광주광역시 동구 월남동,경상사고,0,0,4,0,차대차 - 추돌 - 진행중,안전운전불이행,건조,맑음,단일로 - 기타,승합,남,62세,상해없음,화물,남,39세,경상
2013042200100287,2013년 4월 22일 13시,월요일,광주광역시 동구 학동,경상사고,0,0,1,0,차대차 - 측면직각충돌,신호위반,건조,맑음,교차로 - 교차로안,승합,남,54세,상해없음,승용,남,23세,경상
2013042200100316,2013년 4월 22일 14시,월요일,광주광역시 남구 주월동,경상사고,0,0,1,0,차대사람 - 기타,안전운전불이행,건조,맑음,단일로 - 기타,승용,여,52세,상해없음,보행자,남,64세,경상
2013042200100317,2013년 4월 22일 14시,월요일,광주광역시 광산구 수완동,중상사고,0,1,0,0,차대사람 - 차도통행중,안전운전불이행,건조,맑음,단일로 - 기타,승용,남,24세,상해없음,보행자,남,33세,중상
2013042200100375,2013년 4월 22일 16시,월요일,광주광역시 남구 양림동,경상사고,0,0,1,0,차대차 - 기타,안전운전불이행,건조,맑음,교차로 - 교차로안,승용,남,68세,상해없음,승용,남,56세,경상
2013042200100376,2013년 4월 22일 16시,월요일,광주광역시 북구 연제동,경상사고,0,0,2,0,차대차 - 측면직각충돌,신호위반,건조,맑음,교차로 - 교차로안,승용,남,43세,상해없음,승용,남,31세,경상
2013042200100413,2013년 4월 22일 17시,월요일,광주광역시 동구 계림동,경상사고,0,0,1,0,차대차 - 기타,기타,건조,맑음,단일로 - 기타,화물,남,33세,상해없음,승합,남,30세,경상
2013042200100414,2013년 4월 22일 17시,월요일,광주광역시 남구 송하동,경상사고,0,0,1,0,차대차 - 추돌 - 진행중,안전운전불이행,건조,맑음,교차로 - 교차로부근,승용,남,46세,상해없음,승용,남,39세,경상
2013042200100450,2013년 4월 22일 18시,월요일,광주광역시 서구 서창동,경상사고,0,0,1,0,차대차 - 기타,과속,건조,맑음,단일로 - 기타,승용,남,51세,상해없음,승용,여,46세,경상
2013042200100487,2013년 4월 22일 19시,월요일,광주광역시 서구 치평동,경상사고,0,0,1,0,차대차 - 기타,차로위반,건조,맑음,기타 - 기타,승용,여,42세,상해없음,승용,남,58세,상해없음
2013042200100488,2013년 4월 22일 19시,월요일,광주광역시 북구 용봉동,경상사고,0,0,1,0,차대차 - 기타,기타,건조,맑음,단일로 - 기타,승용,남,32세,상해없음,이륜,남,48세,경상
2013042200100518,2013년 4월 22일 20시,월요일,광주광역시 남구 백운동,경상사고,0,0,2,0,차대차 - 측면직각충돌,안전거리미확보,건조,맑음,단일로 - 기타,승합,남,33세,상해없음,승용,남,42세,경상
2013042200100551,2013년 4월 22일 21시,월요일,광주광역시 남구 주월동,경상사고,0,0,4,0,차대차 - 추돌 - 진행중,안전거리미확보,건조,맑음,단일로 - 기타,승용,남,32세,상해없음,승용,남,40세,경상
2013042200100580,2013년 4월 22일 22시,월요일,광주광역시 동구 서석동,경상사고,0,0,1,0,차대차 - 측면직각충돌,신호위반,건조,맑음,교차로 - 교차로안,이륜,남,56세,경상,승용,남,47세,상해없음
2013042200100581,2013년 4월 22일 22시,월요일,광주광역시 북구 신안동,경상사고,0,0,3,0,차대차 - 기타,안전운전불이행,건조,맑음,교차로 - 교차로부근,화물,남,64세,경상,승용,남,24세,경상
2013042200100582,2013년 4월 22일 22시,월요일,광주광역시 광산구 장덕동,경상사고,0,0,2,0,차대차 - 기타,교차로운행방법위반,건조,흐림,교차로 - 교차로부근,승용,여,33세,기타불명,승용,남,52세,경상
2013042200100603,2013년 4월 22일 23시,월요일,광주광역시 서구 금호동,경상사고,0,0,2,0,차대차 - 추돌 - 주정차중,안전운전불이행,건조,맑음,교차로 - 교차로부근,승용,남,29세,상해없음,승용,남,34세,상해없음
2013042200100604,2013년 4월 22일 23시,월요일,광주광역시 서구 농성동,경상사고,0,0,1,0,차대차 - 기타,안전운전불이행,건조,맑음,기타 - 기타,승용,남,21세,상해없음,승용,여,30세,경상
2013042300100020,2013년 4월 23일 00시,화요일,광주광역시 서구 농성동,경상사고,0,0,3,0,차대차 - 기타,안전거리미확보,건조,맑음,단일로 - 기타,화물,남,29세,상해없음,승용,남,56세,경상
2013042300100035,2013년 4월 23일 01시,화요일,광주광역시 북구 문흥동,중상사고,0,1,0,0,차량단독 - 공작물충돌,안전운전불이행,습기,비,단일로 - 교량,승용,남,31세,중상,,,,
2013042300100048,2013년 4월 23일 02시,화요일,광주광역시 북구 매곡동,경상사고,0,0,1,0,차대차 - 정면충돌,중앙선침범,건조,맑음,단일로 - 기타,승용,남,52세,상해없음,승용,남,38세,경상
2013042300100147,2013년 4월 23일 08시,화요일,광주광역시 서구 금호동,경상사고,0,0,3,0,차대차 - 추돌 - 주정차중,안전운전불이행,습기,비,교차로 - 교차로부근,승용,남,43세,상해없음,승용,여,35세,경상
2013042300100168,2013년 4월 23일 09시,화요일,광주광역시 서구 유촌동,경상사고,0,0,2,0,차대차 - 추돌 - 주정차중,안전운전불이행,습기,비,교차로 - 교차로부근,승용,남,59세,상해없음,승용,남,30세,경상
2013042300100169,2013년 4월 23일 09시,화요일,광주광역시 남구 진월동,경상사고,0,0,2,0,차대차 - 추돌 - 주정차중,안전거리미확보,습기,비,단일로 - 기타,승용,남,62세,상해없음,승용,여,32세,경상
2013042300100170,2013년 4월 23일 09시,화요일,광주광역시 광산구 운수동,경상사고,0,0,1,1,차대차 - 추돌 - 진행중,안전거리미확보,습기,비,단일로 - 기타,승용,남,52세,상해없음,승용,여,42세,경상
2013042300100204,2013년 4월 23일 10시,화요일,광주광역시 남구 백운동,경상사고,0,0,1,0,차대차 - 측면직각충돌,안전운전불이행,습기,비,기타 - 기타,승용,남,65세,상해없음,특수,남,25세,경상
2013042300100271,2013년 4월 23일 13시,화요일,광주광역시 동구 학동,경상사고,0,0,2,0,차대차 - 기타,신호위반,건조,맑음,교차로 - 교차로안,승용,남,48세,상해없음,승용,남,38세,경상
2013042300100272,2013년 4월 23일 13시,화요일,광주광역시 서구 매월동,경상사고,0,0,1,0,차대차 - 측면직각충돌,안전운전불이행,습기,비,교차로 - 교차로안,승용,남,40세,경상,승합,남,46세,상해없음
2013042300100273,2013년 4월 23일 13시,화요일,광주광역시 남구 진월동,경상사고,0,0,1,0,차대차 - 기타,안전운전불이행,습기,비,기타 - 기타,승용,남,46세,기타불명,이륜,남,30세,경상
2013042300100299,2013년 4월 23일 14시,화요일,광주광역시 서구 유촌동,경상사고,0,0,4,0,차대차 - 추돌 - 진행중,안전거리미확보,습기,비,단일로 - 기타,승용,남,51세,경상,화물,남,60세,경상
2013042300100331,2013년 4월 23일 15시,화요일,광주광역시 북구 용봉동,경상사고,0,0,2,0,차대차 - 측면직각충돌,교차로운행방법위반,건조,맑음,교차로 - 교차로안,건설기계,남,40세,상해없음,승용,남,53세,경상
2013042300100332,2013년 4월 23일 15시,화요일,광주광역시 북구 우산동,경상사고,0,0,1,0,차대차 - 기타,교차로운행방법위반,습기,비,교차로 - 교차로안,이륜,남,23세,경상,승용,여,46세,상해없음
2013042300100333,2013년 4월 23일 15시,화요일,광주광역시 광산구 흑석동,경상사고,0,0,1,0,차대차 - 측면직각충돌,신호위반,습기,비,교차로 - 교차로안,승용,여,45세,상해없음,승용,여,59세,경상
2013042300100360,2013년 4월 23일 16시,화요일,광주광역시 서구 광천동,경상사고,0,0,1,0,차대차 - 측면직각충돌,신호위반,습기,비,교차로 - 교차로안,승용,남,66세,상해없음,승용,남,37세,경상
2013042300100361,2013년 4월 23일 16시,화요일,광주광역시 남구 월산동,경상사고,0,0,2,0,차대차 - 기타,안전거리미확보,건조,맑음,단일로 - 기타,승용,남,50세,상해없음,승용,남,57세,경상
2013042300100362,2013년 4월 23일 16시,화요일,광주광역시 광산구 월곡동,경상사고,0,0,1,0,차대차 - 측면직각충돌,안전운전불이행,습기,비,단일로 - 기타,승용,남,24세,상해없음,원동기,남,26세,경상
2013042300100403,2013년 4월 23일 17시,화요일,광주광역시 광산구 도산동,경상사고,0,0,1,0,차대차 - 기타,안전운전불이행,건조,맑음,기타 - 기타,화물,남,54세,기타불명,승용,남,47세,경상
2013042300100404,2013년 4월 23일 17시,화요일,광주광역시 광산구 송정동,중상사고,0,1,0,0,차대차 - 정면충돌,안전운전불이행,건조,맑음,단일로 - 기타,화물,남,54세,상해없음,승용,남,64세,중상
2013042300100445,2013년 4월 23일 18시,화요일,광주광역시 동구 대인동,경상사고,0,0,1,0,차대차 - 기타,신호위반,습기,비,교차로 - 교차로안,승용,남,61세,상해없음,승용,남,47세,경상
2013042300100446,2013년 4월 23일 18시,화요일,광주광역시 북구 양산동,경상사고,0,0,2,0,차대차 - 기타,안전거리미확보,습기,비,단일로 - 기타,화물,남,40세,상해없음,승용,여,48세,경상
2013042300100447,2013년 4월 23일 18시,화요일,광주광역시 광산구 송치동,중상사고,0,1,0,0,차량단독 - 공작물충돌,안전운전불이행,습기,흐림,단일로 - 기타,화물,남,60세,중상,,,,
2013042300100506,2013년 4월 23일 19시,화요일,광주광역시 동구 대인동,경상사고,0,0,2,0,차대사람 - 기타,보행자보호의무위반,습기,비,기타 - 기타,승용,남,23세,상해없음,보행자,남,70세,경상
2013042300100507,2013년 4월 23일 19시,화요일,광주광역시 서구 농성동,중상사고,0,1,0,0,차대사람 - 차도통행중,안전운전불이행,습기,비,단일로 - 기타,승용,남,56세,상해없음,보행자,남,54세,중상
2013042300100559,2013년 4월 23일 20시,화요일,광주광역시 북구 일곡동,경상사고,0,0,2,0,차대차 - 측면직각충돌,신호위반,습기,비,교차로 - 교차로안,승용,남,45세,상해없음,승용,남,54세,경상
2013042300100560,2013년 4월 23일 20시,화요일,광주광역시 광산구 오선동,경상사고,0,0,1,0,차대차 - 측면직각충돌,안전운전불이행,건조,맑음,교차로 - 교차로안,승용,남,38세,상해없음,원동기,남,43세,경상
2013042300100655,2013년 4월 23일 22시,화요일,광주광역시 북구 용봉동,중상사고,0,1,0,0,차대사람 - 기타,안전운전불이행,습기,비,단일로 - 기타,승용,남,19세,상해없음,보행자,남,23세,중상
2013042300100656,2013년 4월 23일 22시,화요일,광주광역시 광산구 신가동,경상사고,0,0,1,0,차대사람 - 횡단중,신호위반,건조,맑음,교차로 - 교차로부근,승용,남,58세,상해없음,보행자,여,15세,경상
2013042400100025,2013년 4월 24일 00시,수요일,광주광역시 북구 중흥동,경상사고,0,0,2,0,차대차 - 추돌 - 주정차중,안전운전불이행,습기,흐림,교차로 - 교차로부근,승용,남,32세,상해없음,승용,남,46세,경상
2013042400100026,2013년 4월 24일 00시,수요일,광주광역시 광산구 우산동,경상사고,0,0,1,0,차대차 - 측면직각충돌,교차로운행방법위반,습기,흐림,교차로 - 교차로안,승용,남,53세,상해없음,승용,남,42세,상해없음
2013042400100047,2013년 4월 24일 01시,수요일,광주광역시 광산구 신창동,경상사고,0,0,2,0,차량단독 - 공작물충돌,안전운전불이행,습기,비,교차로 - 교차로부근,승용,남,21세,경상,,,,
2013042400100081,2013년 4월 24일 04시,수요일,광주광역시 북구 양산동,경상사고,0,0,2,0,차대차 - 기타,안전거리미확보,습기,비,교차로 - 교차로부근,승용,남,55세,경상,승용,남,65세,경상
2013042400100092,2013년 4월 24일 05시,수요일,광주광역시 동구 장동,중상사고,0,1,0,0,차대사람 - 횡단중,신호위반,건조,맑음,교차로 - 교차로안,승용,남,36세,상해없음,보행자,여,65세,중상
2013042400100093,2013년 4월 24일 05시,수요일,광주광역시 광산구 동림동,경상사고,0,0,1,0,차대차 - 추돌 - 주정차중,안전운전불이행,건조,맑음,단일로 - 기타,화물,남,72세,상해없음,승용,남,45세,경상
2013042400100198,2013년 4월 24일 10시,수요일,광주광역시 남구 송하동,경상사고,0,0,1,0,차대차 - 측면직각충돌,중앙선침범,건조,맑음,미분류 - 미분류,승용,남,66세,상해없음,화물,남,40세,경상
2013042400100221,2013년 4월 24일 11시,수요일,광주광역시 북구 중흥동,중상사고,0,1,0,0,차대사람 - 횡단중,안전운전불이행,건조,맑음,단일로 - 기타,승용,여,54세,상해없음,보행자,여,76세,중상
2013042400100222,2013년 4월 24일 11시,수요일,광주광역시 광산구 신촌동,경상사고,0,0,1,0,차대차 - 기타,중앙선침범,건조,맑음,단일로 - 기타,화물,남,54세,상해없음,승용,남,25세,경상
2013042400100303,2013년 4월 24일 14시,수요일,광주광역시 서구 쌍촌동,경상사고,0,0,2,0,차량단독 - 도로외이탈 - 기타,안전운전불이행,건조,맑음,단일로 - 기타,승용,여,63세,상해없음,,,,
2013042400100304,2013년 4월 24일 14시,수요일,광주광역시 남구 월산동,경상사고,0,0,1,0,차대사람 - 횡단중,안전운전불이행,건조,맑음,단일로 - 횡단보도부근,승용,남,29세,상해없음,보행자,여,20세,경상
2013042400100345,2013년 4월 24일 15시,수요일,광주광역시 북구 신용동,경상사고,0,0,1,0,차대사람 - 기타,안전운전불이행,건조,맑음,단일로 - 기타,승용,남,38세,상해없음,보행자,여,9세,경상
2013042400100383,2013년 4월 24일 16시,수요일,광주광역시 북구 각화동,경상사고,0,0,1,0,차대차 - 추돌 - 진행중,안전운전불이행,건조,맑음,단일로 - 기타,승용,남,31세,상해없음,승용,여,31세,경상
2013042400100384,2013년 4월 24일 16시,수요일,광주광역시 광산구 쌍암동,중상사고,0,1,0,0,차대차 - 기타,안전운전불이행,건조,맑음,교차로 - 교차로부근,승용,여,44세,상해없음,자전거,남,78세,중상
2013042400100385,2013년 4월 24일 16시,수요일,광주광역시 광산구 신가동,경상사고,0,0,1,0,차대차 - 측면직각충돌,안전운전불이행,건조,맑음,교차로 - 교차로안,승용,여,48세,상해없음,자전거,남,11세,경상
2013042400100495,2013년 4월 24일 19시,수요일,광주광역시 북구 용봉동,경상사고,0,0,1,0,차량단독 - 기타,기타,건조,맑음,단일로 - 기타,승합,남,52세,상해없음,,,,
2013042400100524,2013년 4월 24일 20시,수요일,광주광역시 서구 쌍촌동,경상사고,0,0,1,0,차대차 - 기타,중앙선침범,건조,맑음,교차로 - 교차로부근,승용,남,53세,상해없음,이륜,남,32세,경상