사고번호,사고일시,요일,시군구,사고내용,사망자수,중상자수,경상자수,부상신고자수,사고유형,법규위반,노면상태,기상상태,도로형태,가해운전자 차종,가해운전자 성별,가해운전자 연령,가해운전자 상해정도,피해운전자 차종,피해운전자 성별,피해운전자 연령,피해운전자 상해정도
2013042400100552,2013년 4월 24일 21시,수요일,광주광역시 서구 치평동,경상사고,0,0,1,0,차대차 - 기타,안전거리미확보,건조,맑음,단일로 - 기타,승용,남,42세,상해없음,승용,남,56세,경상
2013042400100574,2013년 4월 24일 22시,수요일,광주광역시 광산구 신촌동,경상사고,0,0,3,0,차대차 - 측면직각충돌,안전운전불이행,건조,맑음,단일로 - 기타,승용,남,23세,상해없음,승용,남,50세,경상
2013042400100597,2013년 4월 24일 23시,수요일,광주광역시 서구 광천동,중상사고,0,1,0,0,차대사람 - 기타,안전운전불이행,건조,맑음,단일로 - 기타,승용,남,33세,상해없음,보행자,여,44세,중상
2013042400100598,2013년 4월 24일 23시,수요일,광주광역시 광산구 소촌동,경상사고,0,0,1,1,차대차 - 추돌 - 진행중,안전거리미확보,건조,흐림,단일로 - 기타,화물,남,48세,부상신고,화물,남,51세,경상
2013042500100018,2013년 4월 25일 00시,목요일,광주광역시 남구 송하동,경상사고,0,0,1,0,차대차 - 측면직각충돌,안전운전불이행,건조,맑음,단일로 - 기타,승용,남,26세,상해없음,원동기,남,47세,경상
2013042500100019,2013년 4월 25일 00시,목요일,광주광역시 북구 양산동,경상사고,0,0,1,0,차대차 - 정면충돌,안전운전불이행,건조,맑음,교차로 - 교차로부근,승용,남,35세,상해없음,이륜,남,36세,경상
2013042500100020,2013년 4월 25일 00시,목요일,광주광역시 광산구 소촌동,경상사고,0,0,2,0,차대사람 - 기타,안전운전불이행,건조,맑음,교차로 - 교차로부근,화물,남,44세,상해없음,보행자,남,30세,경상
2013042500100035,2013년 4월 25일 01시,목요일,광주광역시 동구 학동,중상사고,0,1,1,0,차대차 - 추돌 - 주정차중,안전운전불이행,건조,맑음,교차로 - 교차로부근,승용,남,60세,중상,승용,남,56세,경상
2013042500100123,2013년 4월 25일 08시,목요일,광주광역시 광산구 양동,경상사고,0,0,2,0,차대차 - 측면직각충돌,차로위반,건조,맑음,단일로 - 기타,승용,남,57세,상해없음,승용,남,31세,경상
2013042500100124,2013년 4월 25일 08시,목요일,광주광역시 북구 오치동,경상사고,0,0,1,0,차대사람 - 기타,안전운전불이행,건조,맑음,단일로 - 기타,승용,남,51세,상해없음,보행자,여,4세,경상
2013042500100174,2013년 4월 25일 10시,목요일,광주광역시 서구 농성동,경상사고,0,0,1,0,차대차 - 측면직각충돌,안전운전불이행,건조,맑음,단일로 - 기타,승합,남,56세,상해없음,이륜,남,69세,경상
2013042500100320,2013년 4월 25일 15시,목요일,광주광역시 북구 문흥동,경상사고,0,0,2,0,차대차 - 측면직각충돌,신호위반,건조,맑음,교차로 - 교차로부근,화물,여,58세,경상,승용,남,42세,경상
2013042500100406,2013년 4월 25일 18시,목요일,광주광역시 북구 운암동,경상사고,0,0,1,0,차대차 - 측면직각충돌,신호위반,건조,맑음,교차로 - 교차로안,승용,여,23세,상해없음,승용,남,55세,경상
2013042500100470,2013년 4월 25일 20시,목요일,광주광역시 서구 유촌동,중상사고,0,2,5,0,차대차 - 추돌 - 진행중,안전운전불이행,건조,맑음,교차로 - 교차로안,승용,남,38세,중상,승용,남,47세,중상
2013042500100554,2013년 4월 25일 23시,목요일,광주광역시 서구 농성동,경상사고,0,0,1,0,차대차 - 측면직각충돌,차로위반,건조,맑음,교차로 - 교차로부근,승용,남,51세,상해없음,승용,남,25세,경상
2013042600100021,2013년 4월 26일 00시,금요일,광주광역시 서구 치평동,경상사고,0,0,1,0,차대사람 - 횡단중,안전운전불이행,건조,맑음,단일로 - 횡단보도부근,승용,여,30세,상해없음,보행자,남,18세,경상
2013042600100046,2013년 4월 26일 01시,금요일,광주광역시 북구 두암동,경상사고,0,0,3,0,차대차 - 측면직각충돌,안전운전불이행,건조,맑음,단일로 - 기타,승용,남,41세,상해없음,승용,남,27세,경상
2013042600100068,2013년 4월 26일 03시,금요일,광주광역시 서구 광천동,경상사고,0,0,1,0,차대차 - 추돌 - 주정차중,안전운전불이행,건조,맑음,교차로 - 교차로부근,승용,남,24세,상해없음,승용,남,33세,경상
2013042600100069,2013년 4월 26일 03시,금요일,광주광역시 서구 치평동,경상사고,0,0,2,0,차대차 - 추돌 - 진행중,중앙선침범,건조,맑음,단일로 - 기타,승합,남,59세,경상,승용,남,33세,경상
2013042600100204,2013년 4월 26일 09시,금요일,광주광역시 서구 금호동,경상사고,0,0,1,0,차대차 - 추돌 - 진행중,안전운전불이행,건조,맑음,단일로 - 기타,이륜,남,25세,경상,승용,남,66세,상해없음
2013042600100205,2013년 4월 26일 09시,금요일,광주광역시 광산구 장덕동,경상사고,0,0,1,0,차대차 - 측면직각충돌,안전거리미확보,건조,맑음,단일로 - 기타,승용,여,38세,상해없음,화물,남,42세,경상
2013042600100228,2013년 4월 26일 10시,금요일,광주광역시 북구 중흥동,경상사고,0,0,1,0,차대차 - 기타,안전거리미확보,건조,맑음,교차로 - 교차로부근,화물,남,50세,상해없음,자전거,남,67세,경상
2013042600100258,2013년 4월 26일 11시,금요일,광주광역시 서구 풍암동,경상사고,0,0,1,0,차대차 - 추돌 - 진행중,안전운전불이행,건조,맑음,교차로 - 교차로부근,승용,기타불명,기타불명,기타불명,승용,여,22세,경상
2013042600100259,2013년 4월 26일 11시,금요일,광주광역시 남구 백운동,경상사고,0,0,1,0,차대차 - 추돌 - 진행중,안전운전불이행,건조,맑음,교차로 - 교차로부근,화물,남,53세,상해없음,승용,여,54세,경상
2013042600100279,2013년 4월 26일 12시,금요일,광주광역시 서구 양동,경상사고,0,0,1,0,차대차 - 측면직각충돌,안전운전불이행,건조,맑음,단일로 - 기타,승용,남,54세,상해없음,자전거,남,21세,경상
2013042600100332,2013년 4월 26일 14시,금요일,광주광역시 서구 풍암동,부상신고사고,0,0,0,5,차대차 - 추돌 - 주정차중,안전거리미확보,건조,맑음,교차로 - 교차로부근,승용,남,38세,상해없음,승용,남,48세,부상신고
2013042600100333,2013년 4월 26일 14시,금요일,광주광역시 광산구 도산동,경상사고,0,0,1,0,차대사람 - 차도통행중,안전운전불이행,건조,맑음,단일로 - 기타,원동기,남,51세,상해없음,보행자,남,7세,경상
2013042600100364,2013년 4월 26일 15시,금요일,광주광역시 서구 치평동,경상사고,0,0,1,0,차대차 - 측면직각충돌,안전운전불이행,건조,맑음,교차로 - 교차로부근,승용,남,27세,상해없음,자전거,남,12세,경상
2013042600100365,2013년 4월 26일 15시,금요일,광주광역시 북구 유동,경상사고,0,0,1,0,차대차 - 측면직각충돌,안전운전불이행,건조,맑음,단일로 - 기타,원동기,남,51세,경상,화물,남,50세,상해없음
2013042600100366,2013년 4월 26일 15시,금요일,광주광역시 광산구 우산동,경상사고,0,0,2,0,차대차 - 측면직각충돌,안전거리미확보,건조,맑음,단일로 - 기타,특수,남,53세,상해없음,승용,남,41세,경상
2013042600100409,2013년 4월 26일 16시,금요일,광주광역시 서구 광천동,경상사고,0,0,1,0,차대차 - 추돌 - 진행중,안전거리미확보,건조,맑음,교차로 - 교차로안,승용,남,57세,상해없음,승용,남,32세,경상
2013042600100442,2013년 4월 26일 17시,금요일,광주광역시 서구 풍암동,경상사고,0,0,2,0,차대차 - 측면직각충돌,신호위반,건조,맑음,교차로 - 교차로안,승용,남,32세,상해없음,승용,남,30세,경상
2013042600100443,2013년 4월 26일 17시,금요일,광주광역시 북구 두암동,경상사고,0,0,2,0,차대차 - 추돌 - 진행중,안전거리미확보,건조,맑음,교차로 - 교차로안,화물,남,50세,상해없음,승합,남,59세,경상
2013042600100444,2013년 4월 26일 17시,금요일,광주광역시 광산구 월곡동,경상사고,0,0,2,0,차대차 - 측면직각충돌,신호위반,건조,맑음,교차로 - 교차로안,승용,남,49세,상해없음,승용,남,41세,경상
2013042600100482,2013년 4월 26일 18시,금요일,광주광역시 북구 운암동,경상사고,0,0,1,0,차대차 - 추돌 - 주정차중,안전운전불이행,건조,맑음,단일로 - 기타,화물,기타불명,기타불명,기타불명,승용,여,29세,경상
2013042600100553,2013년 4월 26일 20시,금요일,광주광역시 서구 쌍촌동,경상사고,0,0,1,0,차대차 - 추돌 - 진행중,안전거리미확보,건조,맑음,단일로 - 기타,승용,남,66세,상해없음,승용,여,33세,상해없음
2013042600100554,2013년 4월 26일 20시,금요일,광주광역시 남구 주월동,경상사고,0,0,3,0,차대차 - 측면직각충돌,안전운전불이행,건조,맑음,교차로 - 교차로안,화물,남,46세,상해없음,승용,여,54세,경상
2013042600100555,2013년 4월 26일 20시,금요일,광주광역시 광산구 운남동,경상사고,0,0,6,0,차대차 - 추돌 - 진행중,신호위반,건조,맑음,교차로 - 교차로안,승용,남,28세,경상,승용,남,33세,경상
2013042600100556,2013년 4월 26일 20시,금요일,광주광역시 광산구 신창동,경상사고,0,0,1,0,차대차 - 추돌 - 진행중,직진우회전진행방해,건조,맑음,교차로 - 교차로안,승용,남,70세,상해없음,승용,남,59세,상해없음
2013042600100636,2013년 4월 26일 22시,금요일,광주광역시 동구 계림동,경상사고,0,0,4,0,차대차 - 측면직각충돌,신호위반,건조,맑음,교차로 - 교차로안,화물,남,40세,상해없음,승합,남,44세,경상
2013042600100637,2013년 4월 26일 22시,금요일,광주광역시 동구 지산동,경상사고,0,0,1,0,차대사람 - 길가장자리구역통행중,안전운전불이행,건조,맑음,단일로 - 기타,승용,남,28세,상해없음,보행자,남,19세,경상
2013042600100638,2013년 4월 26일 22시,금요일,광주광역시 동구 동명동,경상사고,0,0,1,0,차대차 - 측면직각충돌,안전운전불이행,건조,맑음,단일로 - 기타,이륜,남,55세,상해없음,이륜,남,34세,경상
2013042600100639,2013년 4월 26일 22시,금요일,광주광역시 서구 금호동,중상사고,0,3,5,1,차대차 - 추돌 - 주정차중,안전운전불이행,건조,맑음,단일로 - 기타,승용,남,29세,상해없음,승용,남,41세,경상
2013042600100640,2013년 4월 26일 22시,금요일,광주광역시 북구 대촌동,중상사고,0,1,7,0,차대차 - 측면직각충돌,신호위반,건조,맑음,교차로 - 교차로안,승용,남,61세,상해없음,승용,남,52세,중상
2013042600100665,2013년 4월 26일 23시,금요일,광주광역시 동구 산수동,경상사고,0,0,3,0,차대차 - 측면직각충돌,안전거리미확보,건조,맑음,단일로 - 기타,승용,남,58세,상해없음,승용,남,43세,상해없음
2013042600100666,2013년 4월 26일 23시,금요일,광주광역시 북구 오치동,경상사고,0,0,2,0,차대차 - 기타,교차로운행방법위반,건조,맑음,교차로 - 교차로안,화물,남,47세,상해없음,원동기,남,17세,경상
2013042600100667,2013년 4월 26일 23시,금요일,광주광역시 광산구 하남동,경상사고,0,0,2,0,차대차 - 기타,안전운전불이행,건조,맑음,교차로 - 교차로부근,승용,남,32세,상해없음,승용,남,58세,경상
2013042600100668,2013년 4월 26일 23시,금요일,광주광역시 광산구 신창동,경상사고,0,0,5,0,차대차 - 측면직각충돌,안전거리미확보,건조,맑음,교차로 - 교차로부근,승용,여,21세,경상,승용,남,69세,경상
2013042700100046,2013년 4월 27일 01시,토요일,광주광역시 북구 신안동,경상사고,0,0,3,0,차대차 - 정면충돌,중앙선침범,건조,맑음,교차로 - 교차로부근,승용,여,50세,경상,승용,남,22세,경상
2013042700100047,2013년 4월 27일 01시,토요일,광주광역시 광산구 운남동,경상사고,0,0,1,0,차대차 - 정면충돌,중앙선침범,건조,맑음,교차로 - 교차로부근,승용,남,28세,상해없음,승용,여,30세,경상
2013042700100080,2013년 4월 27일 03시,토요일,광주광역시 북구 일곡동,경상사고,0,0,4,0,차대차 - 측면직각충돌,신호위반,건조,맑음,교차로 - 교차로안,승용,남,38세,상해없음,승용,남,53세,경상
2013042700100098,2013년 4월 27일 04시,토요일,광주광역시 서구 화정동,중상사고,0,1,0,0,차대사람 - 횡단중,안전운전불이행,건조,맑음,단일로 - 기타,이륜,남,24세,상해없음,보행자,남,45세,중상
2013042700100099,2013년 4월 27일 04시,토요일,광주광역시 서구 쌍촌동,경상사고,0,0,1,0,차대사람 - 횡단중,안전운전불이행,건조,맑음,교차로 - 교차로안,승용,남,44세,상해없음,보행자,남,33세,경상
2013042700100113,2013년 4월 27일 05시,토요일,광주광역시 북구 풍향동,중상사고,0,1,0,1,차대차 - 기타,안전운전불이행,건조,맑음,교차로 - 교차로부근,승합,남,58세,부상신고,자전거,남,67세,중상
2013042700100129,2013년 4월 27일 06시,토요일,광주광역시 서구 유촌동,경상사고,0,0,1,0,차대차 - 측면직각충돌,신호위반,건조,맑음,교차로 - 교차로안,화물,남,46세,상해없음,승용,남,39세,경상
2013042700100306,2013년 4월 27일 13시,토요일,광주광역시 북구 운암동,경상사고,0,0,2,0,차대차 - 측면직각충돌,안전운전불이행,건조,맑음,미분류 - 미분류,승용,남,32세,상해없음,승용,남,50세,경상
2013042700100408,2013년 4월 27일 16시,토요일,광주광역시 서구 쌍촌동,중상사고,0,1,0,0,차대차 - 기타,안전운전불이행,건조,맑음,단일로 - 기타,승용,남,47세,상해없음,원동기,남,18세,중상
2013042700100409,2013년 4월 27일 16시,토요일,광주광역시 북구 문흥동,경상사고,0,0,7,2,차대차 - 추돌 - 진행중,안전거리미확보,건조,맑음,교차로 - 교차로부근,화물,남,52세,상해없음,승용,여,50세,경상
2013042700100410,2013년 4월 27일 16시,토요일,광주광역시 광산구 하남동,중상사고,0,1,0,0,차대차 - 정면충돌,중앙선침범,건조,맑음,교차로 - 교차로부근,자전거,남,54세,중상,화물,남,22세,상해없음
2013042700100500,2013년 4월 27일 18시,토요일,광주광역시 북구 양산동,경상사고,0,0,2,0,차량단독 - 공작물충돌,안전운전불이행,건조,맑음,단일로 - 기타,승용,남,27세,경상,,,,
2013042700100501,2013년 4월 27일 18시,토요일,광주광역시 북구 동림동,경상사고,0,0,1,0,차대차 - 측면직각충돌,기타,건조,맑음,단일로 - 횡단보도부근,승용,남,62세,상해없음,자전거,남,22세,경상
2013042700100537,2013년 4월 27일 19시,토요일,광주광역시 광산구 송정동,경상사고,0,0,2,0,차대사람 - 횡단중,안전운전불이행,건조,맑음,교차로 - 교차로안,승용,남,20세,경상,보행자,남,31세,경상
2013042700100538,2013년 4월 27일 19시,토요일,광주광역시 광산구 수완동,부상신고사고,0,0,0,1,차량단독 - 공작물충돌,안전운전불이행,건조,맑음,단일로 - 기타,승용,남,27세,부상신고,,,,
2013042700100539,2013년 4월 27일 19시,토요일,광주광역시 광산구 신촌동,중상사고,0,1,4,0,차대차 - 기타,신호위반,건조,맑음,교차로 - 교차로안,승용,여,32세,경상,승용,여,55세,경상
2013042700100578,2013년 4월 27일 20시,토요일,광주광역시 광산구 월곡동,경상사고,0,0,1,0,차대차 - 기타,안전운전불이행,건조,맑음,단일로 - 기타,승용,남,43세,상해없음,이륜,남,29세,경상
2013042700100579,2013년 4월 27일 20시,토요일,광주광역시 광산구 하남동,경상사고,0,0,3,0,차대차 - 기타,안전운전불이행,건조,맑음,단일로 - 기타,화물,남,63세,상해없음,승용,남,54세,경상
2013042700100635,2013년 4월 27일 22시,토요일,광주광역시 서구 농성동,경상사고,0,0,2,0,차대차 - 기타,교차로운행방법위반,건조,맑음,교차로 - 교차로부근,승용,남,68세,상해없음,승용,남,53세,경상
2013042700100636,2013년 4월 27일 22시,토요일,광주광역시 광산구 운남동,중상사고,0,1,1,0,차대차 - 측면직각충돌,안전운전불이행,건조,맑음,교차로 - 교차로부근,승합,남,31세,상해없음,자전거,남,12세,중상
2013042700100660,2013년 4월 27일 23시,토요일,광주광역시 서구 치평동,경상사고,0,0,1,0,차대사람 - 차도통행중,안전운전불이행,건조,맑음,단일로 - 기타,승용,남,67세,상해없음,보행자,남,30세,경상
2013042700100661,2013년 4월 27일 23시,토요일,광주광역시 북구 용봉동,경상사고,0,0,1,0,차대차 - 측면직각충돌,안전운전불이행,건조,맑음,단일로 - 기타,승합,남,67세,상해없음,승용,남,56세,경상
2013042700100662,2013년 4월 27일 23시,토요일,광주광역시 북구 각화동,중상사고,0,1,3,0,차대차 - 추돌 - 주정차중,안전운전불이행,건조,맑음,단일로 - 기타,승용,남,48세,상해없음,승용,남,33세,기타불명
2013042700100663,2013년 4월 27일 23시,토요일,광주광역시 광산구 운남동,경상사고,0,0,3,0,차대차 - 추돌 - 주정차중,안전운전불이행,건조,맑음,단일로 - 기타,화물,남,39세,상해없음,승용,남,60세,경상
2013042800100023,2013년 4월 28일 00시,일요일,광주광역시 서구 쌍촌동,사망사고,1,0,0,0,차대사람 - 기타,안전운전불이행,건조,맑음,교차로 - 교차로부근,승용,남,34세,상해없음,보행자,남,22세,사망
2013042800100057,2013년 4월 28일 02시,일요일,광주광역시 서구 치평동,중상사고,0,1,0,0,차대사람 - 횡단중,안전운전불이행,건조,흐림,단일로 - 기타,승용,남,36세,상해없음,보행자,남,48세,중상
2013042800100058,2013년 4월 28일 02시,일요일,광주광역시 남구 백운동,경상사고,0,0,3,0,차대차 - 정면충돌,신호위반,건조,맑음,교차로 - 교차로안,승용,남,31세,상해없음,화물,남,25세,경상
2013042800100064,2013년 4월 28일 03시,일요일,광주광역시 동구 불로동,경상사고,0,0,3,0,차대차 - 측면직각충돌,신호위반,건조,맑음,교차로 - 교차로안,승용,남,19세,상해없음,승용,여,56세,경상
2013042800100132,2013년 4월 28일 08시,일요일,광주광역시 동구 학동,부상신고사고,0,0,0,2,차대차 - 추돌 - 주정차중,안전운전불이행,건조,맑음,교차로 - 교차로안,승용,남,73세,상해없음,원동기,남,74세,상해없음
2013042800100133,2013년 4월 28일 08시,일요일,광주광역시 북구 임동,중상사고,0,1,0,0,차대차 - 측면직각충돌,신호위반,건조,맑음,교차로 - 교차로안,승용,남,22세,상해없음,화물,남,50세,중상
2013042800100248,2013년 4월 28일 13시,일요일,광주광역시 북구 운암동,경상사고,0,0,1,0,차대차 - 측면직각충돌,중앙선침범,건조,맑음,단일로 - 기타,승용,남,75세,상해없음,이륜,남,56세,경상
2013042800100282,2013년 4월 28일 14시,일요일,광주광역시 동구 학동,경상사고,0,0,5,0,차대차 - 추돌 - 주정차중,안전운전불이행,건조,맑음,교차로 - 교차로부근,승합,남,64세,경상,승용,여,35세,경상
2013042800100283,2013년 4월 28일 14시,일요일,광주광역시 북구 두암동,경상사고,0,0,2,0,차대차 - 측면직각충돌,교차로운행방법위반,건조,맑음,교차로 - 교차로안,승용,남,26세,경상,승용,남,27세,상해없음
2013042800100316,2013년 4월 28일 15시,일요일,광주광역시 북구 동림동,경상사고,0,0,1,0,차대차 - 기타,안전운전불이행,건조,맑음,단일로 - 기타,승용,남,63세,상해없음,원동기,남,17세,상해없음
2013042800100317,2013년 4월 28일 15시,일요일,광주광역시 북구 유동,경상사고,0,0,1,0,차대차 - 기타,안전운전불이행,건조,맑음,기타 - 기타,승용,남,64세,상해없음,승용,여,56세,상해없음
2013042800100318,2013년 4월 28일 15시,일요일,광주광역시 광산구 비아동,중상사고,0,1,0,0,차대사람 - 횡단중,중앙선침범,건조,맑음,단일로 - 기타,화물,남,60세,상해없음,보행자,여,23세,중상
2013042800100350,2013년 4월 28일 16시,일요일,광주광역시 서구 동천동,경상사고,0,0,1,0,차대차 - 측면직각충돌,교차로운행방법위반,건조,맑음,교차로 - 교차로안,승용,남,41세,상해없음,승용,남,40세,상해없음
2013042800100351,2013년 4월 28일 16시,일요일,광주광역시 광산구 유계동,경상사고,0,0,4,0,차대차 - 측면직각충돌,안전운전불이행,건조,맑음,교차로 - 교차로안,승용,남,39세,기타불명,승용,여,38세,경상
2013042800100410,2013년 4월 28일 18시,일요일,광주광역시 북구 용두동,중상사고,0,1,0,0,차대사람 - 횡단중,보행자보호의무위반,건조,맑음,교차로 - 교차로부근,승합,여,44세,상해없음,보행자,여,76세,중상
2013042800100437,2013년 4월 28일 19시,일요일,광주광역시 광산구 수완동,경상사고,0,0,1,0,차대차 - 추돌 - 주정차중,안전운전불이행,건조,맑음,단일로 - 기타,승용,여,20세,경상,승용,남,29세,기타불명
2013042800100462,2013년 4월 28일 20시,일요일,광주광역시 서구 쌍촌동,경상사고,0,0,1,0,차대사람 - 차도통행중,안전운전불이행,건조,맑음,단일로 - 기타,기타불명,기타불명,기타불명,기타불명,보행자,남,15세,경상
2013042800100463,2013년 4월 28일 20시,일요일,광주광역시 남구 진월동,경상사고,0,0,3,0,차대차 - 측면직각충돌,안전운전불이행,건조,맑음,교차로 - 교차로부근,승용,여,29세,상해없음,승용,남,62세,경상
2013042800100492,2013년 4월 28일 21시,일요일,광주광역시 동구 지산동,경상사고,0,0,2,0,차대차 - 측면직각충돌,중앙선침범,건조,맑음,단일로 - 기타,승용,남,34세,상해없음,승용,남,36세,경상
2013042800100493,2013년 4월 28일 21시,일요일,광주광역시 북구 매곡동,경상사고,0,0,1,0,차대차 - 측면직각충돌,안전운전불이행,건조,맑음,교차로 - 교차로부근,원동기,남,19세,상해없음,원동기,남,46세,경상
2013042800100494,2013년 4월 28일 21시,일요일,광주광역시 광산구 수완동,경상사고,0,0,3,0,차대차 - 추돌 - 주정차중,안전운전불이행,건조,맑음,단일로 - 기타,화물,남,60세,상해없음,승용,여,31세,경상
2013042800100546,2013년 4월 28일 23시,일요일,광주광역시 서구 금호동,경상사고,0,0,1,0,차대차 - 추돌 - 주정차중,안전운전불이행,건조,맑음,단일로 - 기타,승용,남,45세,상해없음,승합,남,55세,경상
2013042900100010,2013년 4월 29일 00시,월요일,광주광역시 북구 두암동,경상사고,0,0,2,0,차대차 - 측면직각충돌,교차로운행방법위반,건조,맑음,교차로 - 교차로안,승용,남,54세,상해없음,승용,남,50세,경상
2013042900100046,2013년 4월 29일 04시,월요일,광주광역시 서구 화정동,경상사고,0,0,1,0,차대사람 - 횡단중,신호위반,건조,흐림,교차로 - 교차로안,승합,남,42세,상해없음,보행자,남,18세,경상
2013042900100095,2013년 4월 29일 07시,월요일,광주광역시 동구 서석동,경상사고,0,0,2,0,차대차 - 추돌 - 진행중,안전거리미확보,건조,맑음,단일로 - 기타,승용,남,29세,상해없음,승용,남,56세,경상
2013042900100133,2013년 4월 29일 08시,월요일,광주광역시 동구 지산동,경상사고,0,0,2,0,차대차 - 측면직각충돌,신호위반,건조,흐림,교차로 - 교차로안,승용,여,60세,경상,승용,남,63세,경상
2013042900100134,2013년 4월 29일 08시,월요일,광주광역시 북구 대촌동,경상사고,0,0,2,0,차대차 - 측면직각충돌,신호위반,건조,맑음,교차로 - 교차로안,승용,여,51세,경상,승용,남,43세,경상
2013042900100183,2013년 4월 29일 10시,월요일,광주광역시 남구 칠석동,경상사고,0,0,2,0,차대차 - 기타,기타,습기,비,단일로 - 기타,건설기계,남,42세,상해없음,승용,남,55세,경상
2013042900100238,2013년 4월 29일 12시,월요일,광주광역시 동구 대인동,경상사고,0,0,1,0,차대사람 - 길가장자리구역통행중,안전운전불이행,습기,비,단일로 - 기타,승용,남,38세,상해없음,보행자,남,50세,경상
2013042900100239,2013년 4월 29일 12시,월요일,광주광역시 서구 광천동,경상사고,0,0,2,0,차대차 - 추돌 - 진행중,안전운전불이행,습기,비,단일로 - 기타,승용,남,59세,상해없음,승용,여,55세,경상
2013042900100240,2013년 4월 29일 12시,월요일,광주광역시 북구 임동,경상사고,0,0,1,0,차대차 - 측면직각충돌,신호위반,건조,맑음,교차로 - 교차로안,승용,남,53세,상해없음,승합,남,47세,상해없음
2013042900100241,2013년 4월 29일 12시,월요일,광주광역시 광산구 쌍암동,경상사고,0,0,1,0,차대차 - 기타,안전거리미확보,건조,맑음,단일로 - 기타,승용,남,57세,상해없음,승용,남,35세,경상
2013042900100288,2013년 4월 29일 14시,월요일,광주광역시 남구 방림동,경상사고,0,0,1,0,차대사람 - 기타,안전운전불이행,습기,흐림,단일로 - 기타,승용,여,45세,상해없음,보행자,여,8세,경상
2013042900100315,2013년 4월 29일 15시,월요일,광주광역시 북구 오치동,경상사고,0,0,2,0,차대차 - 측면직각충돌,안전거리미확보,건조,맑음,단일로 - 기타,승용,여,51세,경상,이륜,남,30세,경상
2013042900100316,2013년 4월 29일 15시,월요일,광주광역시 북구 풍향동,경상사고,0,0,1,1,차대차 - 추돌 - 진행중,차로위반,건조,맑음,단일로 - 기타,승용,남,23세,부상신고,원동기,남,59세,경상
2013042900100375,2013년 4월 29일 17시,월요일,광주광역시 북구 양산동,경상사고,0,0,1,0,차대사람 - 길가장자리구역통행중,안전운전불이행,건조,맑음,단일로 - 기타,기타불명,기타불명,기타불명,기타불명,보행자,여,49세,경상
2013042900100400,2013년 4월 29일 18시,월요일,광주광역시 남구 봉선동,경상사고,0,0,1,0,차대차 - 기타,기타,건조,흐림,단일로 - 기타,승용,남,53세,상해없음,자전거,남,63세,경상
2013042900100422,2013년 4월 29일 19시,월요일,광주광역시 동구 광산동,경상사고,0,0,1,0,차대사람 - 기타,안전운전불이행,건조,맑음,단일로 - 기타,승용,남,47세,상해없음,보행자,남,54세,경상
2013042900100423,2013년 4월 29일 19시,월요일,광주광역시 북구 운암동,중상사고,0,1,0,0,차대사람 - 기타,중앙선침범,건조,맑음,단일로 - 기타,승용,남,57세,상해없음,보행자,여,49세,중상
2013042900100457,2013년 4월 29일 20시,월요일,광주광역시 광산구 수완동,경상사고,0,0,4,0,차대차 - 측면직각충돌,안전운전불이행,건조,맑음,단일로 - 기타,승용,남,33세,경상,화물,남,56세,경상
2013042900100458,2013년 4월 29일 20시,월요일,광주광역시 광산구 우산동,경상사고,0,0,2,0,차대차 - 추돌 - 주정차중,안전운전불이행,건조,맑음,교차로 - 교차로부근,승용,남,43세,상해없음,승용,남,32세,경상
2013042900100515,2013년 4월 29일 22시,월요일,광주광역시 북구 삼각동,경상사고,0,0,1,0,차대차 - 측면직각충돌,안전운전불이행,건조,맑음,교차로 - 교차로안,승용,남,47세,상해없음,승용,여,50세,경상
2013042900100516,2013년 4월 29일 22시,월요일,광주광역시 광산구 신창동,경상사고,0,0,3,0,차대차 - 정면충돌,중앙선침범,건조,맑음,단일로 - 기타,승용,남,35세,경상,승용,남,53세,경상
2013043000100134,2013년 4월 30일 08시,화요일,광주광역시 북구 중흥동,경상사고,0,0,1,0,차대차 - 측면직각충돌,중앙선침범,건조,맑음,단일로 - 기타,승용,남,69세,상해없음,이륜,남,15세,경상
2013043000100135,2013년 4월 30일 08시,화요일,광주광역시 북구 운암동,경상사고,0,0,2,0,차대차 - 측면직각충돌,신호위반,건조,맑음,교차로 - 교차로안,승용,남,36세,상해없음,승용,남,38세,경상
2013043000100167,2013년 4월 30일 09시,화요일,광주광역시 광산구 쌍암동,경상사고,0,0,1,0,차대차 - 추돌 - 진행중,안전거리미확보,건조,맑음,단일로 - 기타,승용,여,42세,경상,화물,남,30세,상해없음
2013043000100335,2013년 4월 30일 15시,화요일,광주광역시 서구 금호동,경상사고,0,0,1,0,차대사람 - 횡단중,안전운전불이행,건조,맑음,단일로 - 기타,승합,남,57세,상해없음,보행자,남,12세,경상
2013043000100376,2013년 4월 30일 16시,화요일,광주광역시 동구 산수동,중상사고,0,1,0,0,차대사람 - 보도통행중,안전운전불이행,건조,맑음,단일로 - 기타,승용,남,58세,상해없음,보행자,여,70세,중상
2013043000100377,2013년 4월 30일 16시,화요일,광주광역시 서구 치평동,경상사고,0,0,1,0,차대차 - 측면직각충돌,안전운전불이행,건조,맑음,교차로 - 교차로안,이륜,남,16세,경상,승용,남,42세,상해없음
2013043000100378,2013년 4월 30일 16시,화요일,광주광역시 서구 쌍촌동,경상사고,0,0,1,0,차대차 - 측면직각충돌,안전운전불이행,건조,맑음,단일로 - 기타,승용,남,61세,상해없음,승용,남,41세,경상