사고번호,사고일시,요일,시군구,사고내용,사망자수,중상자수,경상자수,부상신고자수,사고유형,법규위반,노면상태,기상상태,도로형태,가해운전자 차종,가해운전자 성별,가해운전자 연령,가해운전자 상해정도,피해운전자 차종,피해운전자 성별,피해운전자 연령,피해운전자 상해정도
2013050600100014,2013년 5월 6일 00시,월요일,광주광역시 북구 용봉동,경상사고,0,0,1,0,차대차 - 추돌 - 진행중,기타,건조,맑음,교차로 - 교차로부근,승용,남,48세,상해없음,원동기,남,18세,경상
2013050600100015,2013년 5월 6일 00시,월요일,광주광역시 광산구 운수동,부상신고사고,0,0,0,1,차량단독 - 기타,안전운전불이행,건조,맑음,단일로 - 기타,이륜,남,16세,부상신고,,,,
2013050600100030,2013년 5월 6일 01시,월요일,광주광역시 동구 계림동,경상사고,0,0,1,0,차대차 - 기타,교차로운행방법위반,건조,맑음,교차로 - 교차로안,승용,남,32세,상해없음,승용,남,27세,경상
2013050600100035,2013년 5월 6일 02시,월요일,광주광역시 북구 동림동,경상사고,0,0,4,0,차대차 - 추돌 - 진행중,안전운전불이행,건조,맑음,단일로 - 기타,승용,남,32세,상해없음,승용,남,22세,경상
2013050600100036,2013년 5월 6일 02시,월요일,광주광역시 광산구 수완동,경상사고,0,0,2,0,차량단독 - 공작물충돌,안전운전불이행,건조,맑음,교차로 - 교차로부근,승용,남,19세,경상,,,,
2013050600100042,2013년 5월 6일 03시,월요일,광주광역시 서구 치평동,경상사고,0,0,3,0,차대차 - 추돌 - 진행중,안전운전불이행,건조,맑음,교차로 - 교차로부근,승용,남,31세,상해없음,승용,남,27세,경상
2013050600100052,2013년 5월 6일 05시,월요일,광주광역시 남구 방림동,사망사고,1,0,0,0,차대차 - 측면직각충돌,신호위반,건조,맑음,교차로 - 교차로안,승용,남,50세,상해없음,승용,남,67세,사망
2013050600100065,2013년 5월 6일 06시,월요일,광주광역시 광산구 월곡동,중상사고,0,1,1,0,차대차 - 기타,신호위반,건조,맑음,교차로 - 교차로안,이륜,남,59세,중상,승용,남,49세,경상
2013050600100087,2013년 5월 6일 07시,월요일,광주광역시 북구 매곡동,중상사고,0,1,0,0,차대사람 - 횡단중,안전운전불이행,건조,맑음,단일로 - 기타,승용,여,50세,상해없음,보행자,여,62세,중상
2013050600100088,2013년 5월 6일 07시,월요일,광주광역시 북구 양산동,중상사고,0,1,0,0,차대사람 - 차도통행중,안전운전불이행,건조,맑음,단일로 - 기타,승용,여,45세,상해없음,보행자,여,16세,중상
2013050600100089,2013년 5월 6일 07시,월요일,광주광역시 북구 삼각동,경상사고,0,0,1,0,차대사람 - 기타,안전운전불이행,건조,맑음,단일로 - 기타,기타불명,기타불명,기타불명,기타불명,보행자,여,17세,경상
2013050600100176,2013년 5월 6일 10시,월요일,광주광역시 광산구 하남동,경상사고,0,0,2,0,차대차 - 측면직각충돌,교차로운행방법위반,건조,맑음,교차로 - 교차로안,화물,남,48세,상해없음,승용,남,28세,경상
2013050600100177,2013년 5월 6일 10시,월요일,광주광역시 광산구 하남동,경상사고,0,0,1,0,차대사람 - 기타,안전운전불이행,건조,맑음,단일로 - 기타,승용,여,34세,상해없음,보행자,여,27세,경상
2013050600100178,2013년 5월 6일 10시,월요일,광주광역시 광산구 운수동,중상사고,0,1,1,0,차대차 - 측면직각충돌,차로위반,건조,맑음,교차로 - 교차로부근,승용,남,58세,상해없음,승용,남,18세,경상
2013050600100200,2013년 5월 6일 11시,월요일,광주광역시 북구 신용동,경상사고,0,0,1,0,차대차 - 추돌 - 주정차중,안전운전불이행,건조,맑음,단일로 - 기타,승용,여,48세,상해없음,승용,남,39세,경상
2013050600100201,2013년 5월 6일 11시,월요일,광주광역시 광산구 우산동,경상사고,0,0,2,0,차대차 - 측면직각충돌,불법유턴,건조,맑음,교차로 - 교차로부근,승용,남,67세,상해없음,승용,남,56세,경상
2013050600100222,2013년 5월 6일 12시,월요일,광주광역시 남구 주월동,경상사고,0,0,1,0,차대차 - 측면직각충돌,차로위반,건조,맑음,단일로 - 기타,건설기계,남,51세,상해없음,승용,여,38세,경상
2013050600100223,2013년 5월 6일 12시,월요일,광주광역시 북구 신안동,중상사고,0,1,2,0,차대차 - 측면직각충돌,안전운전불이행,건조,맑음,단일로 - 기타,승용,남,52세,중상,승합,남,50세,상해없음
2013050600100261,2013년 5월 6일 13시,월요일,광주광역시 서구 금호동,경상사고,0,0,2,0,차대차 - 추돌 - 주정차중,안전거리미확보,건조,맑음,교차로 - 교차로부근,승용,남,63세,경상,승합,남,60세,상해없음
2013050600100291,2013년 5월 6일 14시,월요일,광주광역시 북구 풍향동,경상사고,0,0,1,0,차대사람 - 기타,안전운전불이행,건조,맑음,교차로 - 교차로안,승용,여,40세,상해없음,보행자,남,72세,경상
2013050600100318,2013년 5월 6일 15시,월요일,광주광역시 남구 양림동,중상사고,0,1,0,0,차대차 - 측면직각충돌,교차로운행방법위반,건조,맑음,교차로 - 교차로안,승용,남,67세,상해없음,이륜,남,58세,중상
2013050600100319,2013년 5월 6일 15시,월요일,광주광역시 북구 운암동,경상사고,0,0,1,0,차대차 - 추돌 - 진행중,안전운전불이행,건조,맑음,교차로 - 교차로부근,승용,남,57세,상해없음,승용,남,29세,경상
2013050600100388,2013년 5월 6일 17시,월요일,광주광역시 남구 주월동,중상사고,0,1,0,0,차대사람 - 차도통행중,안전운전불이행,건조,맑음,단일로 - 횡단보도부근,승용,여,41세,상해없음,보행자,남,17세,중상
2013050600100389,2013년 5월 6일 17시,월요일,광주광역시 북구 임동,경상사고,0,0,1,0,차대차 - 측면직각충돌,중앙선침범,건조,맑음,교차로 - 교차로부근,승용,남,34세,상해없음,원동기,남,35세,경상
2013050600100427,2013년 5월 6일 18시,월요일,광주광역시 서구 쌍촌동,경상사고,0,0,1,0,차대사람 - 기타,안전운전불이행,건조,맑음,단일로 - 기타,승용,남,30세,상해없음,보행자,남,9세,경상
2013050600100479,2013년 5월 6일 20시,월요일,광주광역시 서구 쌍촌동,경상사고,0,0,1,0,차대사람 - 횡단중,안전운전불이행,건조,맑음,교차로 - 교차로안,승합,남,67세,상해없음,보행자,여,59세,경상
2013050600100539,2013년 5월 6일 22시,월요일,광주광역시 북구 두암동,경상사고,0,0,2,0,차대차 - 측면직각충돌,안전거리미확보,건조,맑음,단일로 - 기타,승용,남,29세,상해없음,승용,남,27세,경상
2013050600100563,2013년 5월 6일 23시,월요일,광주광역시 남구 주월동,경상사고,0,0,1,0,차대사람 - 차도통행중,안전운전불이행,건조,맑음,단일로 - 기타,승용,기타불명,기타불명,기타불명,보행자,남,42세,경상
2013050600100564,2013년 5월 6일 23시,월요일,광주광역시 광산구 신가동,경상사고,0,0,1,0,차대차 - 측면직각충돌,신호위반,건조,맑음,교차로 - 교차로안,승용,남,40세,상해없음,승용,여,41세,경상
2013050600100565,2013년 5월 6일 23시,월요일,광주광역시 광산구 월곡동,경상사고,0,0,1,0,차대차 - 추돌 - 주정차중,안전운전불이행,건조,맑음,교차로 - 교차로부근,승용,남,33세,상해없음,승용,여,31세,경상
2013050700100015,2013년 5월 7일 00시,화요일,광주광역시 북구 용봉동,경상사고,0,0,2,0,차대차 - 측면직각충돌,안전운전불이행,건조,맑음,교차로 - 교차로안,화물,남,48세,경상,승용,남,43세,경상
2013050700100030,2013년 5월 7일 01시,화요일,광주광역시 광산구 신촌동,경상사고,0,0,1,0,차대차 - 측면직각충돌,차로위반,건조,맑음,단일로 - 기타,승용,기타불명,기타불명,기타불명,승용,남,31세,경상
2013050700100054,2013년 5월 7일 04시,화요일,광주광역시 서구 쌍촌동,중상사고,0,2,4,1,차대차 - 측면직각충돌,신호위반,건조,맑음,교차로 - 교차로안,승용,남,28세,부상신고,승용,남,59세,중상
2013050700100138,2013년 5월 7일 08시,화요일,광주광역시 동구 동명동,경상사고,0,0,2,0,차대차 - 추돌 - 주정차중,안전운전불이행,건조,맑음,단일로 - 기타,승용,남,60세,상해없음,승합,남,49세,경상
2013050700100139,2013년 5월 7일 08시,화요일,광주광역시 서구 광천동,경상사고,0,0,2,1,차대차 - 측면직각충돌,안전운전불이행,건조,맑음,단일로 - 기타,승용,여,38세,부상신고,승용,남,28세,경상
2013050700100140,2013년 5월 7일 08시,화요일,광주광역시 남구 월산동,경상사고,0,0,1,0,차대사람 - 횡단중,보행자보호의무위반,건조,맑음,단일로 - 기타,승용,남,37세,상해없음,보행자,여,7세,경상
2013050700100141,2013년 5월 7일 08시,화요일,광주광역시 북구 신안동,경상사고,0,0,1,0,차대차 - 측면직각충돌,안전운전불이행,건조,맑음,교차로 - 교차로부근,승용,여,64세,상해없음,승용,여,33세,경상
2013050700100390,2013년 5월 7일 17시,화요일,광주광역시 북구 중흥동,중상사고,0,1,0,0,차대차 - 측면직각충돌,중앙선침범,건조,맑음,단일로 - 횡단보도상,승용,남,24세,상해없음,이륜,남,29세,중상
2013050700100448,2013년 5월 7일 19시,화요일,광주광역시 서구 광천동,중상사고,0,1,0,0,차대사람 - 횡단중,보행자보호의무위반,건조,맑음,교차로 - 교차로부근,승합,남,60세,상해없음,보행자,여,57세,중상
2013050700100449,2013년 5월 7일 19시,화요일,광주광역시 광산구 산정동,경상사고,0,0,1,0,차대차 - 측면직각충돌,안전운전불이행,건조,맑음,교차로 - 교차로안,승용,여,41세,상해없음,자전거,남,7세,경상
2013050700100471,2013년 5월 7일 20시,화요일,광주광역시 북구 운암동,중상사고,0,1,0,0,차대사람 - 횡단중,안전운전불이행,건조,맑음,단일로 - 기타,기타불명,기타불명,기타불명,기타불명,보행자,여,11세,중상
2013050700100504,2013년 5월 7일 21시,화요일,광주광역시 북구 문흥동,경상사고,0,0,1,1,차대차 - 기타,안전운전불이행,건조,맑음,교차로 - 교차로부근,원동기,남,71세,부상신고,승용,여,39세,경상
2013050700100505,2013년 5월 7일 21시,화요일,광주광역시 광산구 수완동,부상신고사고,0,0,0,1,차대차 - 측면직각충돌,안전운전불이행,건조,맑음,교차로 - 교차로부근,자전거,남,36세,부상신고,승용,남,42세,상해없음
2013050700100533,2013년 5월 7일 22시,화요일,광주광역시 서구 쌍촌동,경상사고,0,0,2,0,차대차 - 측면직각충돌,차로위반,건조,맑음,교차로 - 교차로부근,승용,남,27세,상해없음,승용,남,49세,경상
2013050700100534,2013년 5월 7일 22시,화요일,광주광역시 광산구 하남동,경상사고,0,0,1,0,차대차 - 추돌 - 주정차중,안전운전불이행,건조,맑음,단일로 - 기타,승용,남,48세,상해없음,승용,남,37세,경상
2013050800100021,2013년 5월 8일 00시,수요일,광주광역시 서구 농성동,경상사고,0,0,2,0,차대차 - 기타,안전거리미확보,건조,맑음,기타 - 기타,승용,남,36세,상해없음,승용,남,65세,경상
2013050800100022,2013년 5월 8일 00시,수요일,광주광역시 남구 주월동,중상사고,0,1,0,0,차대차 - 측면직각충돌,안전운전불이행,건조,맑음,단일로 - 기타,승용,남,37세,상해없음,승용,남,37세,기타불명
2013050800100057,2013년 5월 8일 03시,수요일,광주광역시 북구 신안동,경상사고,0,0,2,0,차대차 - 기타,안전운전불이행,건조,맑음,단일로 - 기타,승용,남,62세,상해없음,승용,여,21세,경상
2013050800100085,2013년 5월 8일 06시,수요일,광주광역시 서구 치평동,경상사고,0,0,1,0,차대차 - 기타,신호위반,건조,맑음,교차로 - 교차로안,화물,남,43세,상해없음,승합,남,55세,경상
2013050800100086,2013년 5월 8일 06시,수요일,광주광역시 광산구 비아동,경상사고,0,0,1,0,차대차 - 측면직각충돌,교차로운행방법위반,건조,맑음,교차로 - 교차로안,화물,남,43세,상해없음,화물,남,37세,경상
2013050800100115,2013년 5월 8일 07시,수요일,광주광역시 서구 광천동,경상사고,0,0,1,0,차대차 - 측면직각충돌,안전거리미확보,건조,흐림,단일로 - 기타,승용,남,30세,상해없음,승용,남,70세,경상
2013050800100149,2013년 5월 8일 08시,수요일,광주광역시 남구 봉선동,중상사고,0,1,0,0,차대사람 - 기타,불법유턴,건조,맑음,단일로 - 기타,화물,남,44세,상해없음,보행자,여,57세,중상
2013050800100150,2013년 5월 8일 08시,수요일,광주광역시 광산구 비아동,중상사고,0,1,0,0,차대사람 - 횡단중,안전운전불이행,건조,맑음,교차로 - 교차로부근,승용,남,45세,상해없음,보행자,남,75세,중상
2013050800100191,2013년 5월 8일 09시,수요일,광주광역시 동구 소태동,경상사고,0,0,1,0,차대차 - 측면직각충돌,안전거리미확보,건조,맑음,단일로 - 기타,이륜,남,78세,경상,승용,남,64세,상해없음
2013050800100192,2013년 5월 8일 09시,수요일,광주광역시 남구 구동,중상사고,0,1,0,0,차대차 - 측면직각충돌,안전운전불이행,건조,맑음,교차로 - 교차로안,승용,남,77세,상해없음,자전거,남,66세,중상
2013050800100359,2013년 5월 8일 15시,수요일,광주광역시 서구 금호동,경상사고,0,0,1,0,차대차 - 추돌 - 주정차중,안전운전불이행,건조,맑음,단일로 - 기타,승용,여,51세,상해없음,승용,남,25세,경상
2013050800100392,2013년 5월 8일 16시,수요일,광주광역시 서구 치평동,경상사고,0,0,2,0,차대차 - 추돌 - 주정차중,안전거리미확보,건조,맑음,단일로 - 기타,화물,남,52세,상해없음,승용,남,37세,경상
2013050800100393,2013년 5월 8일 16시,수요일,광주광역시 북구 삼각동,경상사고,0,0,1,0,차대차 - 정면충돌,중앙선침범,건조,맑음,단일로 - 기타,승용,남,45세,상해없음,승합,남,58세,경상
2013050800100394,2013년 5월 8일 16시,수요일,광주광역시 광산구 운남동,중상사고,0,1,1,0,차대차 - 측면직각충돌,교차로운행방법위반,건조,맑음,교차로 - 교차로안,승용,남,63세,상해없음,승용,여,35세,중상
2013050800100432,2013년 5월 8일 17시,수요일,광주광역시 서구 광천동,경상사고,0,0,1,0,차대차 - 측면직각충돌,안전거리미확보,건조,맑음,단일로 - 기타,화물,남,28세,상해없음,승용,여,24세,경상
2013050800100558,2013년 5월 8일 20시,수요일,광주광역시 서구 내방동,경상사고,0,0,1,0,차대차 - 측면직각충돌,차로위반,건조,맑음,단일로 - 기타,승용,남,45세,상해없음,이륜,남,47세,경상
2013050800100559,2013년 5월 8일 20시,수요일,광주광역시 북구 중흥동,경상사고,0,0,3,0,차대차 - 추돌 - 주정차중,안전운전불이행,건조,맑음,단일로 - 기타,승용,남,45세,상해없음,승용,여,48세,경상
2013050800100601,2013년 5월 8일 21시,수요일,광주광역시 동구 대인동,경상사고,0,0,1,0,차대차 - 추돌 - 주정차중,안전거리미확보,건조,맑음,단일로 - 기타,승용,남,21세,상해없음,승용,남,37세,경상
2013050800100602,2013년 5월 8일 21시,수요일,광주광역시 서구 화정동,경상사고,0,0,1,0,차대차 - 측면직각충돌,기타,건조,맑음,교차로 - 교차로안,승용,여,48세,상해없음,승용,여,33세,경상
2013050800100603,2013년 5월 8일 21시,수요일,광주광역시 북구 중흥동,경상사고,0,0,1,0,차대차 - 추돌 - 주정차중,안전운전불이행,건조,맑음,단일로 - 기타,기타불명,기타불명,기타불명,기타불명,승용,남,51세,상해없음
2013050800100604,2013년 5월 8일 21시,수요일,광주광역시 북구 동림동,경상사고,0,0,2,0,차대차 - 정면충돌,안전운전불이행,건조,맑음,교차로 - 교차로안,화물,남,44세,상해없음,승합,남,47세,경상
2013050800100636,2013년 5월 8일 22시,수요일,광주광역시 동구 수기동,경상사고,0,0,2,0,차대차 - 추돌 - 주정차중,안전운전불이행,건조,맑음,단일로 - 기타,승용,남,13세,기타불명,승용,남,43세,경상
2013050900100024,2013년 5월 9일 01시,목요일,광주광역시 서구 농성동,경상사고,0,0,1,0,차대차 - 측면직각충돌,차로위반,건조,맑음,단일로 - 기타,승용,남,52세,상해없음,승용,남,26세,경상
2013050900100035,2013년 5월 9일 02시,목요일,광주광역시 서구 농성동,경상사고,0,0,1,0,차대차 - 추돌 - 주정차중,안전운전불이행,건조,맑음,단일로 - 기타,승용,남,60세,경상,화물,남,44세,기타불명
2013050900100036,2013년 5월 9일 02시,목요일,광주광역시 서구 유촌동,중상사고,0,1,0,0,차대사람 - 횡단중,보행자보호의무위반,건조,맑음,교차로 - 교차로부근,승용,남,37세,상해없음,보행자,남,52세,중상
2013050900100120,2013년 5월 9일 08시,목요일,광주광역시 북구 오치동,경상사고,0,0,1,0,차대사람 - 기타,안전운전불이행,건조,흐림,단일로 - 기타,자전거,남,20세,상해없음,보행자,남,32세,경상
2013050900100121,2013년 5월 9일 08시,목요일,광주광역시 광산구 오선동,경상사고,0,0,1,0,차대차 - 측면직각충돌,직진우회전진행방해,건조,맑음,교차로 - 교차로안,승용,남,33세,상해없음,원동기,남,35세,경상
2013050900100203,2013년 5월 9일 11시,목요일,광주광역시 동구 학동,경상사고,0,0,1,0,차대사람 - 횡단중,안전운전불이행,건조,맑음,단일로 - 기타,승용,여,49세,상해없음,보행자,여,60세,경상
2013050900100235,2013년 5월 9일 12시,목요일,광주광역시 북구 두암동,경상사고,0,0,3,0,차대차 - 기타,안전거리미확보,건조,맑음,단일로 - 기타,승용,여,43세,경상,승용,여,33세,경상
2013050900100293,2013년 5월 9일 14시,목요일,광주광역시 광산구 송정동,부상신고사고,0,0,0,1,차대차 - 추돌 - 진행중,안전운전불이행,건조,맑음,단일로 - 기타,원동기,남,19세,부상신고,승용,여,51세,상해없음
2013050900100353,2013년 5월 9일 16시,목요일,광주광역시 남구 월산동,경상사고,0,0,2,0,차대차 - 기타,안전운전불이행,건조,흐림,교차로 - 교차로부근,승용,남,51세,상해없음,승용,남,60세,경상
2013050900100354,2013년 5월 9일 16시,목요일,광주광역시 광산구 비아동,경상사고,0,0,2,0,차대차 - 기타,안전운전불이행,건조,맑음,교차로 - 교차로부근,승용,여,41세,경상,승용,남,52세,경상
2013050900100387,2013년 5월 9일 17시,목요일,광주광역시 서구 매월동,경상사고,0,0,1,0,차대차 - 측면직각충돌,교차로운행방법위반,습기,비,교차로 - 교차로안,승용,남,35세,상해없음,승용,남,31세,경상
2013050900100432,2013년 5월 9일 18시,목요일,광주광역시 서구 치평동,경상사고,0,0,3,0,차대차 - 추돌 - 주정차중,안전운전불이행,건조,맑음,교차로 - 교차로부근,승용,남,47세,상해없음,승용,남,47세,경상
2013050900100433,2013년 5월 9일 18시,목요일,광주광역시 남구 월산동,경상사고,0,0,5,0,차대차 - 측면직각충돌,안전운전불이행,습기,비,교차로 - 교차로부근,승용,남,33세,상해없음,승용,남,42세,경상
2013050900100434,2013년 5월 9일 18시,목요일,광주광역시 북구 오치동,경상사고,0,0,1,0,차대차 - 측면직각충돌,교차로운행방법위반,건조,흐림,교차로 - 교차로안,화물,남,52세,경상,승용,남,62세,상해없음
2013050900100472,2013년 5월 9일 19시,목요일,광주광역시 북구 오치동,경상사고,0,0,2,0,차대차 - 추돌 - 진행중,안전거리미확보,습기,흐림,단일로 - 기타,승용,여,35세,상해없음,승용,여,44세,경상
2013050900100473,2013년 5월 9일 19시,목요일,광주광역시 광산구 우산동,경상사고,0,0,2,0,차대차 - 추돌 - 주정차중,안전운전불이행,습기,비,교차로 - 교차로부근,승합,여,47세,상해없음,승용,남,57세,경상
2013050900100545,2013년 5월 9일 21시,목요일,광주광역시 동구 산수동,중상사고,0,1,0,0,차대차 - 기타,중앙선침범,습기,비,기타 - 기타,승용,남,57세,상해없음,승용,남,41세,중상
2013050900100546,2013년 5월 9일 21시,목요일,광주광역시 서구 치평동,경상사고,0,0,1,0,차대차 - 기타,교차로운행방법위반,건조,맑음,교차로 - 교차로부근,승용,남,23세,경상,승용,남,44세,상해없음
2013050900100602,2013년 5월 9일 22시,목요일,광주광역시 동구 계림동,경상사고,0,0,1,0,차대사람 - 기타,안전운전불이행,습기,비,기타 - 기타,원동기,남,17세,상해없음,보행자,여,74세,경상
2013050900100603,2013년 5월 9일 22시,목요일,광주광역시 서구 치평동,경상사고,0,0,1,0,차대차 - 추돌 - 주정차중,안전거리미확보,건조,맑음,교차로 - 교차로부근,승용,남,47세,상해없음,승용,남,57세,경상
2013050900100604,2013년 5월 9일 22시,목요일,광주광역시 북구 유동,경상사고,0,0,1,0,차대차 - 추돌 - 주정차중,안전운전불이행,건조,맑음,교차로 - 교차로부근,화물,남,38세,상해없음,승용,남,50세,경상
2013050900100605,2013년 5월 9일 22시,목요일,광주광역시 북구 두암동,경상사고,0,0,1,0,차대차 - 추돌 - 진행중,안전운전불이행,습기,비,단일로 - 기타,기타불명,기타불명,기타불명,기타불명,승용,남,51세,상해없음
2013050900100606,2013년 5월 9일 22시,목요일,광주광역시 광산구 산월동,중상사고,0,1,1,0,차대차 - 측면직각충돌,신호위반,습기,비,교차로 - 교차로안,승용,남,30세,경상,승용,남,55세,중상
2013050900100607,2013년 5월 9일 22시,목요일,광주광역시 광산구 흑석동,경상사고,0,0,1,0,차대차 - 추돌 - 주정차중,안전운전불이행,습기,비,교차로 - 교차로부근,승용,남,51세,상해없음,승용,남,35세,경상
2013050900100673,2013년 5월 9일 23시,목요일,광주광역시 서구 치평동,경상사고,0,0,1,0,차대차 - 측면직각충돌,안전운전불이행,습기,비,단일로 - 기타,승용,남,37세,상해없음,승용,남,37세,경상
2013050900100674,2013년 5월 9일 23시,목요일,광주광역시 북구 동림동,경상사고,0,0,2,0,차대차 - 측면직각충돌,안전거리미확보,습기,비,단일로 - 기타,승용,남,65세,상해없음,승용,남,52세,경상
2013051000100040,2013년 5월 10일 00시,금요일,광주광역시 서구 치평동,경상사고,0,0,2,0,차대사람 - 기타,중앙선침범,습기,비,단일로 - 기타,승용,남,38세,상해없음,보행자,여,32세,경상
2013051000100080,2013년 5월 10일 01시,금요일,광주광역시 광산구 신가동,경상사고,0,0,1,0,차대차 - 추돌 - 진행중,안전운전불이행,습기,비,단일로 - 기타,승용,남,29세,상해없음,승용,남,37세,경상
2013051000100098,2013년 5월 10일 02시,금요일,광주광역시 서구 금호동,중상사고,0,3,0,0,차대차 - 기타,안전운전불이행,습기,비,단일로 - 기타,승용,남,43세,기타불명,승용,남,36세,중상
2013051000100146,2013년 5월 10일 04시,금요일,광주광역시 서구 풍암동,사망사고,2,1,0,0,차대차 - 정면충돌,중앙선침범,습기,비,단일로 - 기타,승용,남,51세,중상,승용,여,46세,사망
2013051000100164,2013년 5월 10일 05시,금요일,광주광역시 동구 불로동,경상사고,0,0,1,0,차량단독 - 공작물충돌,안전운전불이행,습기,비,단일로 - 기타,승용,남,30세,경상,,,,
2013051000100197,2013년 5월 10일 07시,금요일,광주광역시 북구 용두동,중상사고,0,1,0,0,차대사람 - 차도통행중,안전운전불이행,습기,비,단일로 - 기타,승용,여,32세,상해없음,보행자,여,77세,중상
2013051000100198,2013년 5월 10일 07시,금요일,광주광역시 북구 오치동,경상사고,0,0,1,0,차대사람 - 횡단중,보행자보호의무위반,습기,비,단일로 - 기타,승용,여,58세,상해없음,보행자,남,12세,경상
2013051000100249,2013년 5월 10일 08시,금요일,광주광역시 북구 두암동,경상사고,0,0,1,0,차대사람 - 횡단중,안전운전불이행,습기,흐림,단일로 - 횡단보도상,승용,남,70세,상해없음,보행자,남,57세,경상
2013051000100250,2013년 5월 10일 08시,금요일,광주광역시 북구 오치동,경상사고,0,0,1,0,차대차 - 측면직각충돌,안전운전불이행,건조,맑음,교차로 - 교차로안,승용,남,68세,상해없음,승용,남,45세,경상
2013051000100291,2013년 5월 10일 09시,금요일,광주광역시 북구 일곡동,중상사고,0,1,0,0,차대차 - 정면충돌,안전운전불이행,건조,맑음,교차로 - 교차로안,승용,남,63세,상해없음,화물,여,59세,중상
2013051000100292,2013년 5월 10일 09시,금요일,광주광역시 광산구 운남동,중상사고,0,1,0,0,차대차 - 기타,신호위반,습기,비,단일로 - 횡단보도상,화물,남,44세,상해없음,자전거,여,42세,중상
2013051000100342,2013년 5월 10일 11시,금요일,광주광역시 북구 용두동,중상사고,0,1,0,0,차대차 - 추돌 - 진행중,안전거리미확보,건조,맑음,단일로 - 기타,승용,남,36세,상해없음,특수,남,33세,상해없음
2013051000100343,2013년 5월 10일 11시,금요일,광주광역시 광산구 신가동,경상사고,0,0,3,0,차대차 - 추돌 - 진행중,신호위반,건조,맑음,교차로 - 교차로안,승용,여,50세,경상,승용,남,27세,경상
2013051000100344,2013년 5월 10일 11시,금요일,광주광역시 광산구 장수동,경상사고,0,0,1,0,차대차 - 추돌 - 진행중,안전운전불이행,건조,흐림,단일로 - 기타,화물,남,58세,상해없음,화물,남,39세,경상
2013051000100363,2013년 5월 10일 12시,금요일,광주광역시 광산구 월계동,중상사고,0,1,0,0,차대사람 - 횡단중,보행자보호의무위반,습기,비,단일로 - 횡단보도상,승용,남,66세,상해없음,보행자,여,47세,중상
2013051000100434,2013년 5월 10일 15시,금요일,광주광역시 동구 호남동,중상사고,0,1,0,0,차대사람 - 횡단중,안전운전불이행,건조,맑음,단일로 - 기타,화물,남,63세,상해없음,보행자,여,82세,중상
2013051000100509,2013년 5월 10일 17시,금요일,광주광역시 서구 유촌동,사망사고,1,0,0,0,차대차 - 추돌 - 진행중,교차로운행방법위반,건조,맑음,교차로 - 교차로안,승용,남,33세,상해없음,자전거,남,71세,사망
2013051000100582,2013년 5월 10일 19시,금요일,광주광역시 서구 화정동,경상사고,0,0,2,0,차대차 - 측면직각충돌,중앙선침범,건조,맑음,단일로 - 기타,승용,남,23세,상해없음,승용,여,36세,경상
2013051000100583,2013년 5월 10일 19시,금요일,광주광역시 북구 일곡동,중상사고,0,1,0,0,차대차 - 측면직각충돌,중앙선침범,건조,맑음,교차로 - 교차로부근,승합,남,66세,상해없음,원동기,남,47세,중상
2013051000100654,2013년 5월 10일 21시,금요일,광주광역시 북구 오치동,경상사고,0,0,2,0,차대차 - 측면직각충돌,안전운전불이행,건조,맑음,단일로 - 기타,승용,여,55세,상해없음,승용,남,35세,경상
2013051000100686,2013년 5월 10일 22시,금요일,광주광역시 남구 주월동,경상사고,0,0,2,0,차대차 - 측면직각충돌,안전운전불이행,건조,맑음,교차로 - 교차로안,승합,남,42세,상해없음,승용,여,50세,경상
2013051000100687,2013년 5월 10일 22시,금요일,광주광역시 광산구 송정동,중상사고,0,1,0,0,차대차 - 추돌 - 진행중,안전거리미확보,건조,맑음,단일로 - 기타,승용,남,55세,상해없음,원동기,남,17세,중상
2013051100100055,2013년 5월 11일 01시,토요일,광주광역시 북구 일곡동,경상사고,0,0,1,0,차대차 - 측면직각충돌,교차로운행방법위반,건조,맑음,교차로 - 교차로안,승용,남,40세,경상,승용,남,50세,상해없음
2013051100100056,2013년 5월 11일 01시,토요일,광주광역시 광산구 송정동,경상사고,0,0,1,0,차대차 - 추돌 - 진행중,불법유턴,건조,맑음,교차로 - 교차로안,승용,남,46세,상해없음,승용,남,44세,상해없음
2013051100100080,2013년 5월 11일 02시,토요일,광주광역시 북구 두암동,경상사고,0,0,2,0,차대차 - 추돌 - 주정차중,안전운전불이행,건조,맑음,교차로 - 교차로안,승용,남,47세,상해없음,승용,남,48세,경상
2013051100100099,2013년 5월 11일 03시,토요일,광주광역시 서구 치평동,경상사고,0,0,4,0,차대차 - 측면직각충돌,교차로운행방법위반,건조,맑음,교차로 - 교차로안,승용,남,49세,상해없음,승용,남,36세,경상
2013051100100124,2013년 5월 11일 04시,토요일,광주광역시 북구 용두동,경상사고,0,0,1,0,차대차 - 추돌 - 진행중,안전운전불이행,건조,맑음,단일로 - 기타,승용,남,26세,상해없음,승용,남,57세,경상
2013051100100148,2013년 5월 11일 05시,토요일,광주광역시 북구 양산동,경상사고,0,0,1,0,차대차 - 추돌 - 주정차중,안전운전불이행,건조,맑음,단일로 - 기타,승용,남,44세,상해없음,승용,여,51세,경상
2013051100100162,2013년 5월 11일 06시,토요일,광주광역시 동구 금남로4가,중상사고,0,4,1,0,차대차 - 정면충돌,중앙선침범,건조,맑음,교차로 - 교차로안,승용,남,54세,상해없음,승용,남,22세,중상