사고번호,사고일시,요일,시군구,사고내용,사망자수,중상자수,경상자수,부상신고자수,사고유형,법규위반,노면상태,기상상태,도로형태,가해운전자 차종,가해운전자 성별,가해운전자 연령,가해운전자 상해정도,피해운전자 차종,피해운전자 성별,피해운전자 연령,피해운전자 상해정도
2013051100100204,2013년 5월 11일 08시,토요일,광주광역시 북구 삼각동,경상사고,0,0,1,0,차대차 - 측면직각충돌,신호위반,건조,맑음,교차로 - 교차로안,승용,여,29세,상해없음,화물,남,29세,경상
2013051100100299,2013년 5월 11일 11시,토요일,광주광역시 북구 운암동,경상사고,0,0,1,0,차대사람 - 횡단중,안전운전불이행,건조,맑음,단일로 - 기타,화물,남,36세,상해없음,보행자,여,44세,경상
2013051100100337,2013년 5월 11일 12시,토요일,광주광역시 서구 화정동,경상사고,0,0,1,0,차대차 - 추돌 - 진행중,안전거리미확보,건조,맑음,교차로 - 교차로부근,화물,남,75세,상해없음,승용,남,68세,경상
2013051100100438,2013년 5월 11일 15시,토요일,광주광역시 북구 삼각동,경상사고,0,0,1,0,차대차 - 기타,안전거리미확보,건조,맑음,단일로 - 기타,승용,남,51세,상해없음,승용,여,40세,경상
2013051100100472,2013년 5월 11일 16시,토요일,광주광역시 광산구 산월동,경상사고,0,0,1,0,차대사람 - 기타,안전운전불이행,건조,맑음,기타 - 기타,승용,기타불명,기타불명,기타불명,보행자,남,24세,경상
2013051100100555,2013년 5월 11일 18시,토요일,광주광역시 광산구 월계동,경상사고,0,0,1,0,차대사람 - 기타,안전운전불이행,건조,맑음,교차로 - 교차로안,승용,남,45세,상해없음,보행자,남,38세,경상
2013051100100556,2013년 5월 11일 18시,토요일,광주광역시 광산구 용봉동,경상사고,0,0,2,0,차량단독 - 전도전복,안전운전불이행,건조,맑음,단일로 - 기타,화물,남,53세,기타불명,,,,
2013051100100625,2013년 5월 11일 20시,토요일,광주광역시 서구 광천동,경상사고,0,0,1,0,차대차 - 측면직각충돌,안전운전불이행,건조,맑음,교차로 - 교차로안,승용,남,51세,상해없음,화물,남,33세,경상
2013051100100626,2013년 5월 11일 20시,토요일,광주광역시 북구 임동,경상사고,0,0,1,0,차대차 - 측면직각충돌,신호위반,건조,맑음,교차로 - 교차로안,기타불명,기타불명,기타불명,기타불명,승용,남,22세,경상
2013051100100627,2013년 5월 11일 20시,토요일,광주광역시 북구 중흥동,경상사고,0,0,1,0,차대차 - 추돌 - 진행중,안전운전불이행,건조,맑음,교차로 - 교차로안,승용,남,21세,상해없음,승합,남,48세,경상
2013051100100628,2013년 5월 11일 20시,토요일,광주광역시 광산구 서봉동,중상사고,0,1,0,0,차량단독 - 공작물충돌,안전운전불이행,건조,맑음,기타 - 기타,원동기,남,17세,중상,,,,
2013051100100661,2013년 5월 11일 21시,토요일,광주광역시 남구 주월동,중상사고,0,1,0,0,차대차 - 측면직각충돌,안전거리미확보,건조,맑음,단일로 - 기타,승용,여,38세,상해없음,원동기,남,19세,중상
2013051100100662,2013년 5월 11일 21시,토요일,광주광역시 북구 운암동,경상사고,0,0,1,0,차대차 - 기타,교차로운행방법위반,건조,맑음,교차로 - 교차로안,승용,남,23세,상해없음,자전거,남,19세,경상
2013051100100663,2013년 5월 11일 21시,토요일,광주광역시 북구 신안동,경상사고,0,0,4,0,차대차 - 기타,안전운전불이행,건조,맑음,단일로 - 기타,화물,남,36세,경상,승용,남,28세,경상
2013051100100686,2013년 5월 11일 22시,토요일,광주광역시 광산구 운남동,중상사고,0,1,1,0,차대차 - 추돌 - 진행중,안전운전불이행,건조,맑음,교차로 - 교차로부근,화물,여,51세,상해없음,승용,남,36세,중상
2013051100100714,2013년 5월 11일 23시,토요일,광주광역시 북구 각화동,경상사고,0,0,2,0,차대차 - 추돌 - 진행중,안전운전불이행,건조,맑음,단일로 - 기타,승용,남,44세,상해없음,승용,여,46세,경상
2013051200100030,2013년 5월 12일 01시,일요일,광주광역시 북구 청풍동,경상사고,0,0,2,0,차대차 - 측면직각충돌,안전운전불이행,건조,맑음,단일로 - 기타,승용,남,19세,상해없음,승용,남,18세,경상
2013051200100031,2013년 5월 12일 01시,일요일,광주광역시 광산구 쌍암동,경상사고,0,0,1,0,차대차 - 기타,안전운전불이행,건조,맑음,단일로 - 기타,승용,남,41세,상해없음,승용,여,44세,경상
2013051200100082,2013년 5월 12일 04시,일요일,광주광역시 서구 광천동,경상사고,0,0,1,0,차대사람 - 차도통행중,안전운전불이행,건조,맑음,교차로 - 교차로부근,승용,남,38세,상해없음,보행자,남,27세,경상
2013051200100096,2013년 5월 12일 05시,일요일,광주광역시 광산구 신가동,중상사고,0,5,0,0,차대차 - 정면충돌,중앙선침범,습기,안개,단일로 - 기타,승용,남,28세,중상,화물,남,41세,중상
2013051200100108,2013년 5월 12일 07시,일요일,광주광역시 남구 노대동,경상사고,0,0,2,0,차대차 - 기타,안전거리미확보,건조,맑음,단일로 - 기타,화물,남,55세,상해없음,화물,남,47세,경상
2013051200100214,2013년 5월 12일 13시,일요일,광주광역시 서구 금호동,경상사고,0,0,1,0,차대차 - 기타,안전운전불이행,건조,맑음,교차로 - 교차로부근,승용,여,39세,상해없음,자전거,남,83세,경상
2013051200100244,2013년 5월 12일 14시,일요일,광주광역시 남구 진월동,경상사고,0,0,3,0,차대차 - 추돌 - 진행중,안전거리미확보,건조,맑음,단일로 - 기타,승용,남,46세,상해없음,승용,남,34세,경상
2013051200100245,2013년 5월 12일 14시,일요일,광주광역시 북구 신안동,경상사고,0,0,3,0,차대차 - 기타,안전거리미확보,건조,맑음,교차로 - 교차로부근,승용,남,39세,상해없음,승용,남,20세,경상
2013051200100281,2013년 5월 12일 15시,일요일,광주광역시 북구 운암동,경상사고,0,0,3,0,차대차 - 추돌 - 진행중,신호위반,건조,맑음,교차로 - 교차로부근,화물,남,70세,상해없음,승용,남,59세,경상
2013051200100282,2013년 5월 12일 15시,일요일,광주광역시 북구 임동,경상사고,0,0,1,0,차대차 - 추돌 - 진행중,안전거리미확보,건조,맑음,단일로 - 기타,승용,남,53세,상해없음,승용,남,24세,경상
2013051200100424,2013년 5월 12일 19시,일요일,광주광역시 서구 치평동,경상사고,0,0,1,0,차량단독 - 기타,안전운전불이행,건조,맑음,단일로 - 기타,승합,남,49세,상해없음,,,,
2013051200100425,2013년 5월 12일 19시,일요일,광주광역시 광산구 송정동,중상사고,0,1,0,0,차대차 - 측면직각충돌,안전운전불이행,건조,맑음,단일로 - 기타,승용,남,54세,상해없음,원동기,남,17세,중상
2013051200100476,2013년 5월 12일 20시,일요일,광주광역시 북구 임동,경상사고,0,0,2,1,차대차 - 측면직각충돌,신호위반,건조,맑음,교차로 - 교차로안,승용,여,28세,부상신고,승합,남,19세,경상
2013051200100477,2013년 5월 12일 20시,일요일,광주광역시 북구 용봉동,경상사고,0,0,1,0,차대차 - 기타,신호위반,건조,맑음,교차로 - 교차로안,승용,여,51세,상해없음,승용,여,52세,경상
2013051200100478,2013년 5월 12일 20시,일요일,광주광역시 광산구 소촌동,경상사고,0,0,1,0,차대차 - 추돌 - 주정차중,안전운전불이행,건조,맑음,교차로 - 교차로부근,승용,남,50세,상해없음,승용,남,31세,상해없음
2013051200100514,2013년 5월 12일 21시,일요일,광주광역시 광산구 장덕동,경상사고,0,0,1,0,차대사람 - 기타,신호위반,건조,맑음,단일로 - 횡단보도상,승용,남,29세,상해없음,보행자,남,19세,경상
2013051200100515,2013년 5월 12일 21시,일요일,광주광역시 광산구 신가동,중상사고,0,1,0,0,차대차 - 측면직각충돌,신호위반,건조,맑음,교차로 - 교차로부근,승용,여,52세,상해없음,자전거,여,52세,중상
2013051300100041,2013년 5월 13일 05시,월요일,광주광역시 동구 금남로4가,경상사고,0,0,2,0,차대차 - 측면직각충돌,신호위반,건조,맑음,교차로 - 교차로안,승용,남,21세,경상,승용,남,58세,경상
2013051300100055,2013년 5월 13일 06시,월요일,광주광역시 북구 두암동,경상사고,0,0,2,0,차대차 - 측면직각충돌,안전거리미확보,건조,맑음,단일로 - 기타,승용,남,60세,상해없음,승용,남,59세,경상
2013051300100083,2013년 5월 13일 07시,월요일,광주광역시 북구 신안동,경상사고,0,0,2,0,차대차 - 측면직각충돌,안전운전불이행,건조,맑음,교차로 - 교차로안,화물,남,33세,상해없음,승용,남,50세,경상
2013051300100084,2013년 5월 13일 07시,월요일,광주광역시 북구 운암동,경상사고,0,0,2,0,차대차 - 추돌 - 진행중,안전거리미확보,건조,맑음,단일로 - 교량,승합,남,40세,상해없음,승합,여,52세,상해없음
2013051300100111,2013년 5월 13일 08시,월요일,광주광역시 광산구 서봉동,경상사고,0,0,1,0,차대사람 - 길가장자리구역통행중,안전운전불이행,건조,맑음,단일로 - 기타,승용,남,69세,상해없음,보행자,남,41세,경상
2013051300100145,2013년 5월 13일 09시,월요일,광주광역시 서구 금호동,경상사고,0,0,1,0,차대차 - 측면직각충돌,안전운전불이행,건조,맑음,단일로 - 기타,화물,남,58세,상해없음,승용,남,45세,경상
2013051300100146,2013년 5월 13일 09시,월요일,광주광역시 광산구 도산동,경상사고,0,0,2,0,차대차 - 측면직각충돌,안전거리미확보,건조,맑음,단일로 - 기타,승용,남,58세,상해없음,승용,남,35세,경상
2013051300100210,2013년 5월 13일 11시,월요일,광주광역시 광산구 신촌동,경상사고,0,0,1,0,차대차 - 측면직각충돌,신호위반,건조,맑음,교차로 - 교차로안,승용,여,42세,상해없음,승용,여,41세,경상
2013051300100239,2013년 5월 13일 12시,월요일,광주광역시 서구 유촌동,경상사고,0,0,2,0,차대차 - 측면직각충돌,신호위반,건조,맑음,교차로 - 교차로안,승용,남,53세,상해없음,승용,남,65세,상해없음
2013051300100274,2013년 5월 13일 13시,월요일,광주광역시 북구 우산동,중상사고,0,1,0,0,차대사람 - 횡단중,안전운전불이행,건조,맑음,교차로 - 교차로부근,승용,여,24세,상해없음,보행자,여,80세,중상
2013051300100315,2013년 5월 13일 14시,월요일,광주광역시 동구 서석동,경상사고,0,0,2,0,차대차 - 기타,차로위반,건조,맑음,기타 - 기타,승용,여,21세,상해없음,승용,남,52세,경상
2013051300100316,2013년 5월 13일 14시,월요일,광주광역시 북구 용봉동,중상사고,0,1,0,0,차대차 - 측면직각충돌,중앙선침범,건조,맑음,단일로 - 횡단보도상,자전거,남,45세,중상,화물,남,37세,상해없음
2013051300100354,2013년 5월 13일 15시,월요일,광주광역시 남구 진월동,중상사고,0,1,0,0,차대차 - 기타,안전거리미확보,건조,맑음,기타 - 기타,승용,여,49세,상해없음,승용,남,69세,상해없음
2013051300100432,2013년 5월 13일 17시,월요일,광주광역시 광산구 장덕동,경상사고,0,0,1,0,차대차 - 측면직각충돌,교차로운행방법위반,건조,맑음,교차로 - 교차로안,승용,여,40세,상해없음,자전거,남,12세,경상
2013051300100471,2013년 5월 13일 18시,월요일,광주광역시 서구 매월동,경상사고,0,0,2,0,차대차 - 측면직각충돌,안전운전불이행,건조,맑음,단일로 - 기타,승용,여,44세,기타불명,승용,여,53세,경상
2013051300100472,2013년 5월 13일 18시,월요일,광주광역시 북구 운암동,중상사고,0,1,0,0,차대사람 - 기타,안전운전불이행,건조,맑음,교차로 - 교차로부근,승용,남,47세,상해없음,보행자,남,8세,중상
2013051300100532,2013년 5월 13일 20시,월요일,광주광역시 서구 양동,사망사고,1,0,0,0,차대사람 - 횡단중,안전운전불이행,건조,맑음,단일로 - 기타,승용,남,25세,상해없음,보행자,여,72세,사망
2013051300100566,2013년 5월 13일 21시,월요일,광주광역시 남구 월산동,경상사고,0,0,2,0,차대차 - 추돌 - 진행중,안전거리미확보,건조,맑음,단일로 - 기타,승용,남,50세,상해없음,승용,여,48세,경상
2013051300100618,2013년 5월 13일 23시,월요일,광주광역시 북구 용봉동,중상사고,0,1,0,0,차대사람 - 횡단중,안전운전불이행,건조,맑음,단일로 - 기타,승용,남,27세,상해없음,보행자,남,24세,중상
2013051400100018,2013년 5월 14일 00시,화요일,광주광역시 광산구 신촌동,경상사고,0,0,1,0,차대차 - 측면직각충돌,안전운전불이행,건조,맑음,교차로 - 교차로부근,승용,남,38세,상해없음,승용,남,57세,경상
2013051400100050,2013년 5월 14일 02시,화요일,광주광역시 북구 용봉동,경상사고,0,0,1,0,차대사람 - 횡단중,안전운전불이행,건조,맑음,교차로 - 교차로부근,기타불명,기타불명,기타불명,기타불명,보행자,남,23세,경상
2013051400100095,2013년 5월 14일 06시,화요일,광주광역시 북구 일곡동,중상사고,0,1,0,0,차대사람 - 기타,보행자보호의무위반,건조,맑음,단일로 - 횡단보도상,승용,남,49세,상해없음,보행자,여,40세,중상
2013051400100122,2013년 5월 14일 07시,화요일,광주광역시 서구 화정동,중상사고,0,1,0,0,차대차 - 측면직각충돌,안전거리미확보,건조,맑음,단일로 - 기타,승용,여,44세,상해없음,이륜,남,55세,중상
2013051400100123,2013년 5월 14일 07시,화요일,광주광역시 서구 금호동,경상사고,0,0,1,0,차대차 - 측면직각충돌,교차로운행방법위반,건조,맑음,교차로 - 교차로안,기타불명,기타불명,기타불명,기타불명,승용,남,58세,경상
2013051400100188,2013년 5월 14일 09시,화요일,광주광역시 남구 방림동,경상사고,0,0,1,0,차대차 - 추돌 - 진행중,안전거리미확보,건조,맑음,교차로 - 교차로안,승용,남,59세,상해없음,승용,남,28세,경상
2013051400100240,2013년 5월 14일 11시,화요일,광주광역시 북구 신안동,중상사고,0,1,0,0,차대사람 - 횡단중,안전운전불이행,건조,맑음,기타 - 기타,승용,여,49세,상해없음,보행자,여,66세,중상
2013051400100258,2013년 5월 14일 12시,화요일,광주광역시 서구 치평동,경상사고,0,0,1,0,차대차 - 추돌 - 주정차중,안전운전불이행,건조,맑음,교차로 - 교차로부근,승용,여,51세,상해없음,승용,남,62세,경상
2013051400100290,2013년 5월 14일 13시,화요일,광주광역시 서구 광천동,경상사고,0,0,1,0,차대차 - 기타,안전운전불이행,건조,맑음,교차로 - 교차로부근,승합,남,44세,상해없음,자전거,남,19세,경상
2013051400100364,2013년 5월 14일 15시,화요일,광주광역시 북구 매곡동,경상사고,0,0,1,0,차대차 - 추돌 - 진행중,안전운전불이행,건조,맑음,교차로 - 교차로부근,화물,남,44세,상해없음,화물,남,52세,경상
2013051400100399,2013년 5월 14일 16시,화요일,광주광역시 서구 화정동,경상사고,0,0,1,0,차대사람 - 횡단중,불법유턴,건조,맑음,교차로 - 교차로부근,화물,남,38세,상해없음,보행자,남,15세,경상
2013051400100400,2013년 5월 14일 16시,화요일,광주광역시 남구 방림동,중상사고,0,1,1,0,차대차 - 측면직각충돌,안전운전불이행,건조,맑음,교차로 - 교차로안,승용,남,41세,중상,화물,남,25세,경상
2013051400100487,2013년 5월 14일 18시,화요일,광주광역시 서구 화정동,경상사고,0,0,2,1,차대차 - 측면직각충돌,신호위반,건조,맑음,교차로 - 교차로안,이륜,남,16세,부상신고,승용,여,46세,경상
2013051400100488,2013년 5월 14일 18시,화요일,광주광역시 북구 임동,경상사고,0,0,1,0,차대차 - 추돌 - 주정차중,안전운전불이행,건조,맑음,단일로 - 기타,승용,남,42세,기타불명,승용,남,32세,경상
2013051400100489,2013년 5월 14일 18시,화요일,광주광역시 북구 신용동,부상신고사고,0,0,0,1,차대사람 - 횡단중,안전운전불이행,건조,맑음,단일로 - 기타,승용,기타불명,기타불명,기타불명,보행자,남,14세,부상신고
2013051400100490,2013년 5월 14일 18시,화요일,광주광역시 광산구 소촌동,경상사고,0,0,1,0,차대차 - 정면충돌,중앙선침범,건조,맑음,교차로 - 교차로부근,승용,남,37세,상해없음,승용,남,39세,경상
2013051400100528,2013년 5월 14일 19시,화요일,광주광역시 북구 오치동,경상사고,0,0,1,0,차대사람 - 횡단중,보행자보호의무위반,건조,맑음,교차로 - 교차로부근,승용,여,30세,상해없음,보행자,남,23세,경상
2013051400100568,2013년 5월 14일 20시,화요일,광주광역시 광산구 월계동,경상사고,0,0,2,0,차대차 - 추돌 - 진행중,안전거리미확보,건조,맑음,단일로 - 기타,승용,남,55세,경상,승용,남,68세,경상
2013051400100596,2013년 5월 14일 21시,화요일,광주광역시 북구 월출동,경상사고,0,0,1,0,차대사람 - 기타,안전운전불이행,건조,맑음,단일로 - 기타,승용,남,41세,상해없음,보행자,남,47세,경상
2013051400100597,2013년 5월 14일 21시,화요일,광주광역시 광산구 수완동,경상사고,0,0,2,0,차대차 - 측면직각충돌,안전운전불이행,건조,맑음,단일로 - 기타,승용,여,42세,상해없음,승용,남,26세,경상
2013051500100017,2013년 5월 15일 00시,수요일,광주광역시 서구 금호동,경상사고,0,0,1,0,차대사람 - 횡단중,안전운전불이행,건조,맑음,교차로 - 교차로안,승용,여,45세,상해없음,보행자,남,45세,경상
2013051500100018,2013년 5월 15일 00시,수요일,광주광역시 북구 용봉동,경상사고,0,0,1,0,차대차 - 추돌 - 진행중,안전거리미확보,건조,맑음,교차로 - 교차로안,승용,남,55세,상해없음,승용,남,65세,경상
2013051500100042,2013년 5월 15일 02시,수요일,광주광역시 북구 용봉동,경상사고,0,0,2,0,차대차 - 추돌 - 주정차중,안전운전불이행,건조,맑음,단일로 - 기타,승용,남,61세,경상,승용,남,65세,경상
2013051500100054,2013년 5월 15일 03시,수요일,광주광역시 서구 치평동,경상사고,0,0,3,0,차대차 - 기타,안전운전불이행,건조,맑음,교차로 - 교차로안,승용,남,28세,상해없음,승용,남,24세,경상
2013051500100110,2013년 5월 15일 07시,수요일,광주광역시 광산구 연산동,중상사고,0,1,1,0,차대차 - 추돌 - 진행중,안전운전불이행,건조,맑음,교차로 - 교차로부근,승용,남,47세,상해없음,이륜,남,68세,경상
2013051500100175,2013년 5월 15일 09시,수요일,광주광역시 남구 주월동,경상사고,0,0,2,0,차대차 - 추돌 - 주정차중,안전운전불이행,건조,맑음,교차로 - 교차로안,승용,여,52세,상해없음,승용,여,48세,경상
2013051500100176,2013년 5월 15일 09시,수요일,광주광역시 북구 오치동,경상사고,0,0,1,0,차대차 - 추돌 - 주정차중,안전운전불이행,건조,맑음,단일로 - 기타,승용,여,50세,상해없음,화물,남,50세,경상
2013051500100228,2013년 5월 15일 11시,수요일,광주광역시 서구 동천동,경상사고,0,0,2,0,차대차 - 측면직각충돌,안전운전불이행,건조,맑음,단일로 - 기타,승합,남,67세,경상,승용,남,42세,경상
2013051500100229,2013년 5월 15일 11시,수요일,광주광역시 북구 신용동,경상사고,0,0,1,0,차대차 - 측면직각충돌,안전운전불이행,건조,맑음,단일로 - 기타,원동기,남,66세,경상,승용,여,47세,상해없음
2013051500100251,2013년 5월 15일 12시,수요일,광주광역시 서구 농성동,경상사고,0,0,1,0,차대차 - 기타,안전운전불이행,건조,맑음,교차로 - 교차로부근,화물,남,45세,상해없음,자전거,남,77세,경상
2013051500100282,2013년 5월 15일 13시,수요일,광주광역시 동구 대인동,경상사고,0,0,1,0,차대사람 - 기타,안전운전불이행,건조,맑음,단일로 - 기타,승용,남,74세,상해없음,보행자,남,80세,경상
2013051500100317,2013년 5월 15일 14시,수요일,광주광역시 남구 주월동,부상신고사고,0,0,0,1,차대사람 - 기타,보행자보호의무위반,건조,맑음,단일로 - 기타,승용,여,61세,상해없음,보행자,여,59세,부상신고
2013051500100348,2013년 5월 15일 15시,수요일,광주광역시 광산구 도산동,경상사고,0,0,3,0,차대차 - 추돌 - 진행중,안전거리미확보,건조,맑음,교차로 - 교차로부근,승용,여,50세,상해없음,화물,남,53세,경상
2013051500100408,2013년 5월 15일 16시,수요일,광주광역시 광산구 운남동,중상사고,0,1,0,0,차대사람 - 기타,안전운전불이행,건조,맑음,기타 - 기타,자전거,남,11세,상해없음,보행자,여,77세,중상
2013051500100448,2013년 5월 15일 17시,수요일,광주광역시 동구 용산동,중상사고,0,1,0,0,차대사람 - 기타,안전운전불이행,건조,맑음,교차로 - 교차로안,승용,남,38세,상해없음,보행자,여,8세,중상
2013051500100449,2013년 5월 15일 17시,수요일,광주광역시 서구 치평동,경상사고,0,0,4,0,차대차 - 측면직각충돌,차로위반,건조,맑음,단일로 - 기타,승합,여,25세,상해없음,승용,남,19세,상해없음
2013051500100501,2013년 5월 15일 18시,수요일,광주광역시 북구 임동,중상사고,0,1,0,0,차대차 - 추돌 - 진행중,안전운전불이행,건조,맑음,교차로 - 교차로안,원동기,남,34세,중상,승용,남,34세,상해없음
2013051500100502,2013년 5월 15일 18시,수요일,광주광역시 광산구 월전동,중상사고,0,2,1,0,차대차 - 측면직각충돌,신호위반,건조,맑음,교차로 - 교차로안,원동기,남,48세,중상,승합,남,59세,경상
2013051500100576,2013년 5월 15일 20시,수요일,광주광역시 남구 양과동,경상사고,0,0,1,0,차대차 - 측면직각충돌,안전운전불이행,건조,맑음,단일로 - 기타,화물,남,53세,상해없음,화물,남,49세,경상
2013051500100610,2013년 5월 15일 21시,수요일,광주광역시 북구 운암동,경상사고,0,0,1,0,차대차 - 추돌 - 진행중,안전운전불이행,건조,맑음,단일로 - 기타,승용,남,58세,상해없음,승용,남,52세,경상
2013051600100023,2013년 5월 16일 00시,목요일,광주광역시 남구 지석동,중상사고,0,1,3,0,차대차 - 기타,안전거리미확보,건조,맑음,교차로 - 교차로부근,승용,여,27세,중상,화물,여,26세,경상
2013051600100038,2013년 5월 16일 01시,목요일,광주광역시 서구 금호동,경상사고,0,0,1,0,차대차 - 측면직각충돌,안전운전불이행,건조,맑음,교차로 - 교차로안,승용,남,22세,상해없음,승용,남,41세,경상
2013051600100039,2013년 5월 16일 01시,목요일,광주광역시 북구 오치동,경상사고,0,0,2,0,차대차 - 추돌 - 주정차중,안전거리미확보,건조,맑음,단일로 - 기타,승용,남,50세,상해없음,승용,남,50세,경상
2013051600100092,2013년 5월 16일 05시,목요일,광주광역시 광산구 장록동,중상사고,0,4,2,0,차대차 - 기타,직진우회전진행방해,건조,맑음,교차로 - 교차로안,승합,여,48세,중상,승용,남,42세,중상
2013051600100107,2013년 5월 16일 06시,목요일,광주광역시 광산구 신가동,경상사고,0,0,1,0,차대차 - 측면직각충돌,신호위반,습기,흐림,교차로 - 교차로안,승용,남,29세,상해없음,승용,남,41세,상해없음
2013051600100175,2013년 5월 16일 08시,목요일,광주광역시 서구 풍암동,경상사고,0,0,2,0,차대차 - 측면직각충돌,안전운전불이행,건조,맑음,단일로 - 기타,승용,남,77세,상해없음,승용,여,26세,경상
2013051600100176,2013년 5월 16일 08시,목요일,광주광역시 남구 월산동,중상사고,0,1,0,0,차대사람 - 기타,안전운전불이행,건조,맑음,교차로 - 교차로안,승용,여,26세,상해없음,보행자,여,77세,중상
2013051600100177,2013년 5월 16일 08시,목요일,광주광역시 북구 운암동,중상사고,0,1,0,0,차대사람 - 횡단중,안전운전불이행,건조,맑음,교차로 - 교차로안,승용,남,64세,상해없음,보행자,남,70세,중상
2013051600100253,2013년 5월 16일 10시,목요일,광주광역시 광산구 운남동,중상사고,0,1,0,0,차대차 - 측면직각충돌,신호위반,건조,맑음,교차로 - 교차로안,이륜,남,37세,중상,화물,남,50세,상해없음
2013051600100282,2013년 5월 16일 11시,목요일,광주광역시 북구 양산동,경상사고,0,0,1,0,차대차 - 측면직각충돌,신호위반,건조,맑음,교차로 - 교차로안,승용,여,52세,상해없음,이륜,남,18세,경상
2013051600100309,2013년 5월 16일 12시,목요일,광주광역시 광산구 지평동,중상사고,0,4,2,0,차대차 - 추돌 - 진행중,기타,건조,맑음,단일로 - 기타,화물,남,47세,경상,승용,여,59세,경상
2013051600100325,2013년 5월 16일 13시,목요일,광주광역시 동구 장동,경상사고,0,0,1,0,차대차 - 추돌 - 진행중,안전거리미확보,건조,맑음,단일로 - 기타,승용,남,62세,상해없음,승용,남,42세,경상
2013051600100326,2013년 5월 16일 13시,목요일,광주광역시 광산구 우산동,경상사고,0,0,4,0,차대차 - 추돌 - 주정차중,안전운전불이행,건조,맑음,교차로 - 교차로부근,화물,남,36세,상해없음,승용,남,48세,상해없음
2013051600100367,2013년 5월 16일 14시,목요일,광주광역시 광산구 월계동,경상사고,0,0,1,0,차대차 - 기타,불법유턴,건조,맑음,교차로 - 교차로부근,승용,남,49세,상해없음,승용,남,34세,경상
2013051600100403,2013년 5월 16일 15시,목요일,광주광역시 북구 각화동,경상사고,0,0,3,0,차대차 - 기타,교차로운행방법위반,건조,맑음,교차로 - 교차로안,승용,남,56세,상해없음,승용,남,65세,경상
2013051600100445,2013년 5월 16일 16시,목요일,광주광역시 서구 풍암동,중상사고,0,1,0,0,차대차 - 기타,안전운전불이행,건조,맑음,교차로 - 교차로부근,승용,남,47세,상해없음,자전거,남,73세,중상
2013051600100446,2013년 5월 16일 16시,목요일,광주광역시 광산구 비아동,경상사고,0,0,1,0,차대차 - 추돌 - 주정차중,안전운전불이행,건조,맑음,단일로 - 기타,이륜,여,54세,경상,승합,남,62세,상해없음
2013051600100494,2013년 5월 16일 17시,목요일,광주광역시 동구 소태동,경상사고,0,0,1,0,차대사람 - 횡단중,안전운전불이행,건조,맑음,교차로 - 교차로부근,승용,남,37세,상해없음,보행자,남,12세,경상
2013051600100495,2013년 5월 16일 17시,목요일,광주광역시 서구 치평동,경상사고,0,0,1,0,차대차 - 측면직각충돌,안전운전불이행,건조,맑음,단일로 - 기타,기타불명,기타불명,기타불명,기타불명,자전거,여,68세,경상
2013051600100540,2013년 5월 16일 18시,목요일,광주광역시 동구 산수동,경상사고,0,0,1,0,차대사람 - 기타,안전운전불이행,건조,맑음,단일로 - 횡단보도부근,승용,여,43세,상해없음,보행자,여,29세,경상
2013051600100541,2013년 5월 16일 18시,목요일,광주광역시 서구 풍암동,부상신고사고,0,0,0,1,차대차 - 측면직각충돌,안전운전불이행,건조,맑음,교차로 - 교차로안,기타불명,기타불명,기타불명,기타불명,자전거,남,10세,부상신고
2013051600100542,2013년 5월 16일 18시,목요일,광주광역시 북구 신안동,경상사고,0,0,1,0,차대차 - 추돌 - 주정차중,안전운전불이행,건조,맑음,단일로 - 기타,승용,남,55세,상해없음,승용,여,34세,경상
2013051600100565,2013년 5월 16일 19시,목요일,광주광역시 광산구 장덕동,경상사고,0,0,2,0,차대차 - 기타,중앙선침범,건조,맑음,단일로 - 기타,승합,남,49세,상해없음,승용,여,41세,경상
2013051600100600,2013년 5월 16일 20시,목요일,광주광역시 동구 대인동,경상사고,0,0,2,0,차대차 - 추돌 - 진행중,안전운전불이행,건조,맑음,교차로 - 교차로부근,승용,여,46세,상해없음,승용,남,22세,경상
2013051600100601,2013년 5월 16일 20시,목요일,광주광역시 서구 마륵동,중상사고,0,1,1,0,차대차 - 측면직각충돌,신호위반,건조,맑음,교차로 - 교차로안,승용,여,43세,상해없음,승용,여,53세,중상
2013051600100602,2013년 5월 16일 20시,목요일,광주광역시 북구 운암동,경상사고,0,0,3,0,차대차 - 측면직각충돌,안전운전불이행,건조,맑음,단일로 - 기타,승용,여,32세,상해없음,승용,남,41세,경상
2013051600100638,2013년 5월 16일 21시,목요일,광주광역시 서구 치평동,경상사고,0,0,1,0,차대사람 - 횡단중,안전운전불이행,건조,맑음,교차로 - 교차로안,승용,남,27세,상해없음,보행자,여,9세,경상
2013051600100664,2013년 5월 16일 22시,목요일,광주광역시 북구 신안동,중상사고,0,1,2,0,차대차 - 추돌 - 진행중,안전거리미확보,건조,맑음,교차로 - 교차로안,승용,남,52세,상해없음,원동기,남,45세,중상
2013051600100665,2013년 5월 16일 22시,목요일,광주광역시 광산구 우산동,경상사고,0,0,1,0,차대차 - 측면직각충돌,안전운전불이행,건조,맑음,단일로 - 기타,승용,남,35세,기타불명,승용,남,57세,상해없음