사고번호,사고일시,요일,시군구,사고내용,사망자수,중상자수,경상자수,부상신고자수,사고유형,법규위반,노면상태,기상상태,도로형태,가해운전자 차종,가해운전자 성별,가해운전자 연령,가해운전자 상해정도,피해운전자 차종,피해운전자 성별,피해운전자 연령,피해운전자 상해정도
2013051600100702,2013년 5월 16일 23시,목요일,광주광역시 동구 산수동,경상사고,0,0,4,0,차대차 - 추돌 - 진행중,안전운전불이행,건조,맑음,교차로 - 교차로부근,승용,남,41세,상해없음,승용,남,43세,경상
2013051600100703,2013년 5월 16일 23시,목요일,광주광역시 서구 풍암동,경상사고,0,0,1,0,차대차 - 정면충돌,중앙선침범,건조,맑음,단일로 - 기타,승용,여,49세,상해없음,승용,남,44세,경상
2013051600100704,2013년 5월 16일 23시,목요일,광주광역시 남구 주월동,경상사고,0,0,1,0,차대사람 - 차도통행중,안전운전불이행,건조,맑음,단일로 - 기타,승용,남,61세,상해없음,보행자,남,47세,경상
2013051700100020,2013년 5월 17일 00시,금요일,광주광역시 광산구 운남동,경상사고,0,0,5,0,차대차 - 측면직각충돌,중앙선침범,건조,맑음,교차로 - 교차로안,승용,남,31세,상해없음,승용,남,34세,경상
2013051700100046,2013년 5월 17일 01시,금요일,광주광역시 광산구 소촌동,경상사고,0,0,1,0,차대차 - 추돌 - 주정차중,안전운전불이행,건조,맑음,단일로 - 기타,승용,남,33세,상해없음,승용,남,41세,경상
2013051700100063,2013년 5월 17일 02시,금요일,광주광역시 서구 광천동,경상사고,0,0,1,0,차대차 - 측면직각충돌,안전거리미확보,건조,맑음,교차로 - 교차로부근,승용,남,52세,상해없음,승용,남,59세,경상
2013051700100064,2013년 5월 17일 02시,금요일,광주광역시 남구 월산동,경상사고,0,0,2,0,차대차 - 측면직각충돌,신호위반,건조,맑음,교차로 - 교차로안,승용,남,28세,경상,승용,남,38세,경상
2013051700100065,2013년 5월 17일 02시,금요일,광주광역시 광산구 신창동,경상사고,0,0,2,0,차대차 - 추돌 - 진행중,안전운전불이행,건조,맑음,교차로 - 교차로부근,승용,남,24세,상해없음,승용,여,36세,경상
2013051700100087,2013년 5월 17일 03시,금요일,광주광역시 남구 주월동,중상사고,0,1,0,0,차대사람 - 횡단중,안전운전불이행,건조,맑음,교차로 - 교차로부근,승용,남,23세,상해없음,보행자,여,21세,중상
2013051700100088,2013년 5월 17일 03시,금요일,광주광역시 광산구 우산동,경상사고,0,0,2,0,차대차 - 추돌 - 주정차중,안전운전불이행,건조,맑음,교차로 - 교차로부근,승용,남,33세,상해없음,승용,여,39세,경상
2013051700100110,2013년 5월 17일 04시,금요일,광주광역시 동구 내남동,중상사고,0,2,3,0,차대차 - 정면충돌,중앙선침범,건조,맑음,단일로 - 기타,승용,남,41세,중상,승용,남,64세,중상
2013051700100129,2013년 5월 17일 05시,금요일,광주광역시 광산구 우산동,경상사고,0,0,1,0,차대차 - 추돌 - 주정차중,안전운전불이행,건조,맑음,교차로 - 교차로부근,승용,남,25세,상해없음,승용,남,52세,경상
2013051700100175,2013년 5월 17일 08시,금요일,광주광역시 남구 진월동,중상사고,0,1,0,0,차대사람 - 기타,안전운전불이행,건조,맑음,단일로 - 기타,승합,남,55세,상해없음,보행자,여,73세,중상
2013051700100203,2013년 5월 17일 09시,금요일,광주광역시 북구 동림동,경상사고,0,0,2,0,차대차 - 추돌 - 진행중,안전운전불이행,건조,맑음,단일로 - 기타,승용,남,40세,상해없음,승용,남,52세,경상
2013051700100204,2013년 5월 17일 09시,금요일,광주광역시 북구 월출동,경상사고,0,0,1,0,차대차 - 추돌 - 진행중,안전거리미확보,습기,맑음,단일로 - 기타,승용,남,49세,상해없음,화물,남,43세,경상
2013051700100229,2013년 5월 17일 10시,금요일,광주광역시 서구 치평동,경상사고,0,0,3,0,차대차 - 기타,안전거리미확보,건조,맑음,교차로 - 교차로안,승용,남,33세,상해없음,승용,여,34세,경상
2013051700100230,2013년 5월 17일 10시,금요일,광주광역시 북구 각화동,경상사고,0,0,1,0,차대차 - 기타,안전거리미확보,건조,맑음,교차로 - 교차로부근,승용,남,21세,상해없음,승용,남,47세,경상
2013051700100267,2013년 5월 17일 11시,금요일,광주광역시 광산구 월계동,경상사고,0,0,1,0,차대차 - 측면직각충돌,교차로운행방법위반,건조,맑음,교차로 - 교차로부근,승용,남,34세,상해없음,승용,남,42세,경상
2013051700100294,2013년 5월 17일 12시,금요일,광주광역시 북구 임동,중상사고,0,1,0,0,차대차 - 측면직각충돌,교차로운행방법위반,건조,맑음,교차로 - 교차로안,승용,남,36세,상해없음,자전거,남,73세,중상
2013051700100333,2013년 5월 17일 13시,금요일,광주광역시 동구 지산동,중상사고,0,1,0,0,차대사람 - 기타,안전운전불이행,건조,맑음,단일로 - 기타,승용,남,37세,상해없음,보행자,남,41세,중상
2013051700100334,2013년 5월 17일 13시,금요일,광주광역시 동구 운림동,경상사고,0,0,1,0,차대사람 - 기타,안전운전불이행,건조,맑음,기타 - 기타,승용,남,71세,상해없음,보행자,남,8세,경상
2013051700100375,2013년 5월 17일 14시,금요일,광주광역시 동구 학동,경상사고,0,0,1,0,차대차 - 기타,안전운전불이행,건조,맑음,기타 - 기타,승용,여,59세,상해없음,승용,남,47세,경상
2013051700100410,2013년 5월 17일 15시,금요일,광주광역시 북구 용두동,경상사고,0,0,4,0,차대차 - 측면직각충돌,안전운전불이행,건조,맑음,교차로 - 교차로부근,승용,여,55세,상해없음,승용,남,48세,경상
2013051700100411,2013년 5월 17일 15시,금요일,광주광역시 광산구 우산동,경상사고,0,0,1,0,차대사람 - 횡단중,안전운전불이행,건조,맑음,단일로 - 기타,승용,남,24세,상해없음,보행자,여,76세,경상
2013051700100448,2013년 5월 17일 16시,금요일,광주광역시 서구 치평동,경상사고,0,0,3,0,차대차 - 기타,교차로운행방법위반,건조,맑음,교차로 - 교차로안,승용,남,31세,경상,승용,남,51세,경상
2013051700100484,2013년 5월 17일 17시,금요일,광주광역시 서구 치평동,중상사고,0,1,3,0,차대차 - 측면직각충돌,신호위반,건조,맑음,교차로 - 교차로안,승용,여,46세,상해없음,승용,남,43세,경상
2013051700100513,2013년 5월 17일 18시,금요일,광주광역시 북구 중흥동,경상사고,0,0,4,0,차대차 - 기타,신호위반,건조,맑음,교차로 - 교차로안,승용,남,34세,상해없음,승용,남,53세,경상
2013051700100665,2013년 5월 17일 23시,금요일,광주광역시 북구 신용동,경상사고,0,0,2,0,차대차 - 측면직각충돌,안전거리미확보,건조,흐림,단일로 - 기타,승용,남,49세,경상,승용,남,42세,경상
2013051800100022,2013년 5월 18일 00시,토요일,광주광역시 남구 방림동,중상사고,0,1,2,0,차대차 - 추돌 - 주정차중,안전운전불이행,건조,맑음,단일로 - 기타,승용,남,58세,상해없음,승용,남,30세,중상
2013051800100035,2013년 5월 18일 01시,토요일,광주광역시 동구 산수동,경상사고,0,0,2,0,차대차 - 기타,안전거리미확보,건조,맑음,기타 - 기타,승용,남,43세,상해없음,승용,남,48세,경상
2013051800100036,2013년 5월 18일 01시,토요일,광주광역시 북구 망월동,중상사고,0,1,0,0,차량단독 - 공작물충돌,안전운전불이행,건조,맑음,단일로 - 기타,승용,남,28세,중상,,,,
2013051800100081,2013년 5월 18일 04시,토요일,광주광역시 서구 양동,경상사고,0,0,1,0,차대차 - 기타,신호위반,건조,맑음,교차로 - 교차로안,승용,남,48세,상해없음,승용,남,32세,경상
2013051800100108,2013년 5월 18일 06시,토요일,광주광역시 북구 두암동,경상사고,0,0,1,0,차대사람 - 기타,안전운전불이행,건조,맑음,교차로 - 교차로부근,승용,남,46세,상해없음,보행자,여,70세,경상
2013051800100162,2013년 5월 18일 09시,토요일,광주광역시 북구 운정동,경상사고,0,0,1,0,차대사람 - 기타,안전운전불이행,건조,맑음,교차로 - 교차로안,승용,남,51세,상해없음,보행자,남,21세,경상
2013051800100207,2013년 5월 18일 11시,토요일,광주광역시 북구 문흥동,경상사고,0,0,1,0,차대차 - 추돌 - 주정차중,안전거리미확보,건조,맑음,단일로 - 기타,승합,남,63세,상해없음,승용,여,50세,경상
2013051800100233,2013년 5월 18일 12시,토요일,광주광역시 북구 운암동,경상사고,0,0,3,0,차대차 - 추돌 - 진행중,안전거리미확보,건조,맑음,교차로 - 교차로부근,승용,남,19세,경상,화물,남,33세,경상
2013051800100259,2013년 5월 18일 13시,토요일,광주광역시 북구 용봉동,경상사고,0,0,5,0,차대차 - 측면직각충돌,안전운전불이행,건조,맑음,단일로 - 기타,승용,남,36세,경상,승용,남,29세,경상
2013051800100260,2013년 5월 18일 13시,토요일,광주광역시 광산구 송정동,경상사고,0,0,1,0,차대사람 - 기타,안전운전불이행,건조,맑음,단일로 - 기타,승용,남,66세,상해없음,보행자,여,73세,경상
2013051800100286,2013년 5월 18일 14시,토요일,광주광역시 서구 벽진동,경상사고,0,0,1,0,차대차 - 측면직각충돌,안전운전불이행,건조,맑음,단일로 - 기타,화물,남,44세,상해없음,자전거,남,56세,경상
2013051800100287,2013년 5월 18일 14시,토요일,광주광역시 북구 운암동,경상사고,0,0,2,0,차대차 - 측면직각충돌,안전거리미확보,건조,맑음,단일로 - 기타,승용,여,47세,상해없음,승용,남,43세,경상
2013051800100394,2013년 5월 18일 17시,토요일,광주광역시 서구 양동,경상사고,0,0,1,0,차대차 - 추돌 - 진행중,안전거리미확보,건조,맑음,단일로 - 기타,승용,여,42세,상해없음,승용,여,31세,경상
2013051800100416,2013년 5월 18일 18시,토요일,광주광역시 북구 신안동,경상사고,0,0,1,0,차대차 - 기타,안전운전불이행,건조,맑음,교차로 - 교차로부근,승용,남,54세,상해없음,자전거,여,23세,경상
2013051800100445,2013년 5월 18일 19시,토요일,광주광역시 서구 동천동,경상사고,0,0,2,0,차대차 - 측면직각충돌,교차로운행방법위반,건조,맑음,교차로 - 교차로안,승용,남,45세,상해없음,승용,남,63세,경상
2013051800100494,2013년 5월 18일 20시,토요일,광주광역시 서구 치평동,경상사고,0,0,1,0,차대차 - 측면직각충돌,중앙선침범,습기,비,교차로 - 교차로부근,승용,남,51세,상해없음,승용,남,42세,경상
2013051800100495,2013년 5월 18일 20시,토요일,광주광역시 북구 일곡동,중상사고,0,1,0,0,차대사람 - 길가장자리구역통행중,안전운전불이행,건조,맑음,기타 - 기타,승용,남,62세,상해없음,보행자,여,39세,중상
2013051800100555,2013년 5월 18일 21시,토요일,광주광역시 동구 소태동,중상사고,0,1,0,0,차대사람 - 횡단중,신호위반,습기,맑음,교차로 - 교차로안,승용,남,54세,상해없음,보행자,여,81세,중상
2013051800100556,2013년 5월 18일 21시,토요일,광주광역시 북구 두암동,경상사고,0,0,4,0,차대차 - 측면직각충돌,신호위반,건조,맑음,교차로 - 교차로안,승용,남,24세,경상,승용,남,37세,경상
2013051800100621,2013년 5월 18일 22시,토요일,광주광역시 서구 화정동,경상사고,0,0,1,0,차대차 - 추돌 - 주정차중,안전운전불이행,습기,비,단일로 - 기타,승용,남,40세,상해없음,승합,남,61세,경상
2013051800100622,2013년 5월 18일 22시,토요일,광주광역시 남구 진월동,경상사고,0,0,1,0,차대차 - 추돌 - 주정차중,안전운전불이행,습기,비,교차로 - 교차로부근,이륜,남,22세,경상,승용,여,54세,상해없음
2013051800100675,2013년 5월 18일 23시,토요일,광주광역시 동구 계림동,중상사고,0,1,0,0,차대사람 - 횡단중,안전운전불이행,습기,비,교차로 - 교차로부근,승용,남,30세,상해없음,보행자,남,47세,중상
2013051800100676,2013년 5월 18일 23시,토요일,광주광역시 서구 유촌동,중상사고,0,1,0,0,차대차 - 추돌 - 진행중,안전거리미확보,습기,비,단일로 - 기타,승용,여,51세,상해없음,승용,남,49세,중상
2013051900100043,2013년 5월 19일 00시,일요일,광주광역시 북구 우산동,경상사고,0,0,1,0,차대사람 - 기타,안전운전불이행,습기,비,단일로 - 기타,승용,남,48세,상해없음,보행자,남,32세,경상
2013051900100044,2013년 5월 19일 00시,일요일,광주광역시 광산구 도산동,중상사고,0,1,3,0,차대차 - 측면직각충돌,중앙선침범,습기,비,단일로 - 기타,승용,남,29세,경상,승용,남,52세,중상
2013051900100078,2013년 5월 19일 01시,일요일,광주광역시 동구 금동,경상사고,0,0,1,0,차대사람 - 길가장자리구역통행중,안전운전불이행,습기,비,단일로 - 기타,승용,남,21세,상해없음,보행자,여,21세,경상
2013051900100079,2013년 5월 19일 01시,일요일,광주광역시 북구 동림동,경상사고,0,0,1,0,차대차 - 추돌 - 진행중,안전운전불이행,습기,비,단일로 - 기타,승용,남,31세,상해없음,승용,남,31세,경상
2013051900100080,2013년 5월 19일 01시,일요일,광주광역시 광산구 운남동,중상사고,0,1,0,0,차대사람 - 횡단중,신호위반,습기,비,단일로 - 횡단보도상,승용,남,38세,상해없음,보행자,남,19세,중상
2013051900100111,2013년 5월 19일 02시,일요일,광주광역시 북구 용봉동,중상사고,0,1,1,0,차대사람 - 횡단중,보행자보호의무위반,습기,비,교차로 - 교차로부근,승용,남,27세,상해없음,보행자,여,24세,중상
2013051900100134,2013년 5월 19일 03시,일요일,광주광역시 동구 호남동,경상사고,0,0,1,0,차대사람 - 횡단중,안전운전불이행,습기,비,교차로 - 교차로안,화물,남,17세,상해없음,보행자,남,25세,경상
2013051900100154,2013년 5월 19일 04시,일요일,광주광역시 동구 대인동,경상사고,0,0,2,0,차대차 - 추돌 - 주정차중,안전거리미확보,건조,맑음,교차로 - 교차로부근,승용,남,18세,상해없음,승용,남,33세,경상
2013051900100155,2013년 5월 19일 04시,일요일,광주광역시 북구 양산동,경상사고,0,0,1,0,차대사람 - 횡단중,안전운전불이행,습기,비,단일로 - 기타,승용,남,25세,상해없음,보행자,여,18세,경상
2013051900100156,2013년 5월 19일 04시,일요일,광주광역시 북구 오치동,경상사고,0,0,1,0,차대차 - 측면직각충돌,신호위반,습기,비,교차로 - 교차로안,승용,남,59세,상해없음,승용,남,59세,기타불명
2013051900100157,2013년 5월 19일 04시,일요일,광주광역시 광산구 우산동,경상사고,0,0,1,0,차대차 - 추돌 - 주정차중,안전운전불이행,습기,비,단일로 - 기타,승용,남,28세,상해없음,승용,여,35세,경상
2013051900100158,2013년 5월 19일 04시,일요일,광주광역시 광산구 산정동,경상사고,0,0,2,0,차대차 - 추돌 - 진행중,안전운전불이행,습기,비,단일로 - 기타,승용,남,28세,상해없음,승용,남,58세,경상
2013051900100241,2013년 5월 19일 09시,일요일,광주광역시 서구 화정동,경상사고,0,0,2,0,차대차 - 측면직각충돌,차로위반,건조,맑음,단일로 - 기타,승용,남,51세,상해없음,승용,남,31세,경상
2013051900100242,2013년 5월 19일 09시,일요일,광주광역시 광산구 우산동,경상사고,0,0,2,0,차대차 - 측면직각충돌,신호위반,건조,흐림,교차로 - 교차로안,승용,남,55세,상해없음,승용,여,42세,경상
2013051900100271,2013년 5월 19일 11시,일요일,광주광역시 동구 계림동,경상사고,0,0,1,0,차대사람 - 기타,안전운전불이행,건조,흐림,단일로 - 기타,승용,남,57세,상해없음,보행자,남,51세,경상
2013051900100272,2013년 5월 19일 11시,일요일,광주광역시 북구 두암동,경상사고,0,0,3,0,차대차 - 측면직각충돌,기타,건조,맑음,교차로 - 교차로안,화물,남,74세,상해없음,승용,남,52세,경상
2013051900100340,2013년 5월 19일 14시,일요일,광주광역시 광산구 운남동,사망사고,1,0,0,0,차대사람 - 횡단중,안전운전불이행,건조,맑음,단일로 - 기타,승용,남,43세,상해없음,보행자,여,69세,사망
2013051900100379,2013년 5월 19일 15시,일요일,광주광역시 남구 방림동,경상사고,0,0,3,0,차량단독 - 기타,안전운전불이행,건조,맑음,교차로 - 교차로안,승합,남,56세,상해없음,,,,
2013051900100380,2013년 5월 19일 15시,일요일,광주광역시 광산구 유계동,경상사고,0,0,1,0,차대차 - 추돌 - 주정차중,안전거리미확보,건조,맑음,교차로 - 교차로부근,화물,남,40세,상해없음,승용,남,62세,경상
2013051900100441,2013년 5월 19일 17시,일요일,광주광역시 동구 서석동,경상사고,0,0,1,0,차대차 - 기타,차로위반,건조,맑음,단일로 - 기타,승용,여,50세,상해없음,승용,남,23세,경상
2013051900100474,2013년 5월 19일 18시,일요일,광주광역시 남구 주월동,경상사고,0,0,3,0,차대차 - 측면직각충돌,교차로운행방법위반,건조,맑음,교차로 - 교차로안,승용,남,45세,경상,승용,여,55세,경상
2013051900100529,2013년 5월 19일 20시,일요일,광주광역시 서구 치평동,경상사고,0,0,1,0,차대차 - 측면직각충돌,교차로운행방법위반,건조,맑음,단일로 - 기타,이륜,남,16세,경상,승용,남,50세,상해없음
2013051900100530,2013년 5월 19일 20시,일요일,광주광역시 광산구 도천동,경상사고,0,0,2,0,차대차 - 측면직각충돌,안전운전불이행,건조,맑음,교차로 - 교차로안,승용,남,51세,상해없음,승용,여,37세,경상
2013051900100583,2013년 5월 19일 22시,일요일,광주광역시 서구 풍암동,경상사고,0,0,1,0,차대차 - 기타,안전운전불이행,건조,맑음,교차로 - 교차로부근,승용,남,51세,상해없음,자전거,남,44세,경상
2013051900100584,2013년 5월 19일 22시,일요일,광주광역시 북구 중흥동,경상사고,0,0,3,0,차대차 - 추돌 - 주정차중,안전운전불이행,건조,맑음,단일로 - 기타,승용,남,52세,상해없음,승용,남,32세,경상
2013051900100585,2013년 5월 19일 22시,일요일,광주광역시 광산구 송정동,경상사고,0,0,1,0,차대사람 - 차도통행중,불법유턴,건조,맑음,단일로 - 기타,화물,남,46세,상해없음,보행자,남,17세,경상
2013051900100603,2013년 5월 19일 23시,일요일,광주광역시 북구 신안동,경상사고,0,0,1,0,차대차 - 정면충돌,신호위반,건조,맑음,교차로 - 교차로안,승용,남,62세,상해없음,승용,남,24세,경상
2013051900100604,2013년 5월 19일 23시,일요일,광주광역시 북구 용봉동,경상사고,0,0,1,0,차대사람 - 기타,안전운전불이행,건조,맑음,단일로 - 기타,승용,남,60세,상해없음,보행자,여,46세,경상
2013051900100605,2013년 5월 19일 23시,일요일,광주광역시 광산구 월계동,중상사고,0,1,0,0,차대차 - 추돌 - 주정차중,안전운전불이행,건조,맑음,단일로 - 기타,원동기,남,27세,중상,승용,남,48세,상해없음
2013052000100026,2013년 5월 20일 02시,월요일,광주광역시 동구 소태동,경상사고,0,0,1,0,차량단독 - 공작물충돌,안전운전불이행,건조,흐림,단일로 - 기타,승용,남,25세,경상,,,,
2013052000100035,2013년 5월 20일 03시,월요일,광주광역시 남구 월산동,경상사고,0,0,1,0,차대차 - 기타,신호위반,건조,맑음,교차로 - 교차로부근,승용,남,48세,상해없음,원동기,남,38세,경상
2013052000100050,2013년 5월 20일 05시,월요일,광주광역시 서구 양동,경상사고,0,0,1,0,차량단독 - 기타,안전운전불이행,건조,맑음,교차로 - 교차로부근,화물,남,56세,상해없음,,,,
2013052000100082,2013년 5월 20일 07시,월요일,광주광역시 광산구 장덕동,경상사고,0,0,3,0,차대차 - 측면직각충돌,교차로운행방법위반,건조,맑음,교차로 - 교차로안,화물,남,39세,경상,승용,남,40세,경상
2013052000100243,2013년 5월 20일 13시,월요일,광주광역시 광산구 흑석동,경상사고,0,0,1,0,차대사람 - 보도통행중,보행자보호의무위반,건조,맑음,단일로 - 횡단보도상,자전거,남,46세,상해없음,보행자,여,52세,경상
2013052000100244,2013년 5월 20일 13시,월요일,광주광역시 광산구 신창동,경상사고,0,0,1,0,차대차 - 측면직각충돌,불법유턴,건조,맑음,단일로 - 기타,승용,여,32세,상해없음,승용,여,37세,상해없음
2013052000100358,2013년 5월 20일 16시,월요일,광주광역시 북구 임동,경상사고,0,0,3,0,차대차 - 추돌 - 진행중,안전거리미확보,건조,맑음,단일로 - 기타,승용,남,58세,상해없음,승용,남,48세,경상
2013052000100359,2013년 5월 20일 16시,월요일,광주광역시 광산구 수완동,경상사고,0,0,1,0,차대차 - 측면직각충돌,안전운전불이행,건조,맑음,단일로 - 기타,승용,남,61세,상해없음,승용,남,46세,경상
2013052000100360,2013년 5월 20일 16시,월요일,광주광역시 광산구 운수동,중상사고,0,1,0,0,차량단독 - 기타,안전운전불이행,건조,맑음,단일로 - 기타,승합,남,50세,상해없음,,,,
2013052000100398,2013년 5월 20일 17시,월요일,광주광역시 서구 금호동,경상사고,0,0,1,0,차대사람 - 횡단중,안전운전불이행,건조,맑음,교차로 - 교차로안,승용,여,35세,상해없음,보행자,남,11세,경상
2013052000100438,2013년 5월 20일 18시,월요일,광주광역시 동구 계림동,경상사고,0,0,2,0,차대차 - 추돌 - 주정차중,안전운전불이행,건조,맑음,교차로 - 교차로부근,기타불명,기타불명,기타불명,기타불명,승용,남,47세,경상
2013052000100464,2013년 5월 20일 19시,월요일,광주광역시 남구 봉선동,중상사고,0,1,0,0,차대사람 - 보도통행중,안전운전불이행,건조,맑음,단일로 - 기타,기타불명,기타불명,기타불명,기타불명,보행자,남,12세,중상
2013052000100494,2013년 5월 20일 20시,월요일,광주광역시 남구 봉선동,중상사고,0,1,0,0,차대차 - 측면직각충돌,차로위반,건조,맑음,단일로 - 횡단보도상,승용,남,59세,상해없음,이륜,남,16세,중상
2013052000100528,2013년 5월 20일 21시,월요일,광주광역시 북구 신안동,경상사고,0,0,2,0,차대차 - 측면직각충돌,불법유턴,건조,맑음,단일로 - 횡단보도부근,자전거,남,72세,경상,원동기,남,29세,경상
2013052000100529,2013년 5월 20일 21시,월요일,광주광역시 북구 용봉동,중상사고,0,2,0,0,차대차 - 정면충돌,교차로운행방법위반,건조,맑음,교차로 - 교차로안,승용,남,67세,상해없음,원동기,남,17세,중상
2013052000100530,2013년 5월 20일 21시,월요일,광주광역시 광산구 수완동,경상사고,0,0,1,0,차대차 - 기타,안전거리미확보,건조,맑음,기타 - 기타,승용,여,45세,상해없음,승용,여,44세,경상
2013052000100562,2013년 5월 20일 22시,월요일,광주광역시 북구 운암동,경상사고,0,0,3,0,차대차 - 추돌 - 주정차중,안전운전불이행,건조,맑음,교차로 - 교차로안,승용,여,44세,기타불명,승용,남,23세,경상
2013052000100563,2013년 5월 20일 22시,월요일,광주광역시 북구 오치동,중상사고,0,1,0,0,차대사람 - 기타,안전운전불이행,건조,맑음,단일로 - 기타,승용,남,49세,상해없음,보행자,남,31세,중상
2013052000100564,2013년 5월 20일 22시,월요일,광주광역시 북구 오치동,경상사고,0,0,1,0,차대사람 - 기타,안전운전불이행,건조,맑음,단일로 - 기타,승합,남,58세,상해없음,보행자,남,17세,경상
2013052000100565,2013년 5월 20일 22시,월요일,광주광역시 광산구 신가동,경상사고,0,0,2,0,차대차 - 측면직각충돌,안전운전불이행,건조,맑음,단일로 - 기타,승용,남,24세,상해없음,승용,남,23세,경상
2013052100100026,2013년 5월 21일 01시,화요일,광주광역시 광산구 수완동,경상사고,0,0,1,0,차대차 - 측면직각충돌,기타,건조,맑음,단일로 - 기타,승용,남,26세,기타불명,승용,남,37세,경상
2013052100100027,2013년 5월 21일 01시,화요일,광주광역시 광산구 산정동,경상사고,0,0,1,0,차대차 - 기타,직진우회전진행방해,건조,맑음,교차로 - 교차로안,승합,남,51세,상해없음,승용,남,70세,상해없음
2013052100100135,2013년 5월 21일 08시,화요일,광주광역시 북구 각화동,경상사고,0,0,1,0,차대차 - 기타,안전운전불이행,건조,맑음,단일로 - 횡단보도상,승용,남,39세,상해없음,원동기,남,70세,경상
2013052100100136,2013년 5월 21일 08시,화요일,광주광역시 광산구 운수동,경상사고,0,0,3,0,차대차 - 추돌 - 진행중,안전거리미확보,건조,맑음,단일로 - 기타,승용,남,29세,상해없음,승용,남,36세,경상
2013052100100168,2013년 5월 21일 09시,화요일,광주광역시 서구 유촌동,경상사고,0,0,1,0,차대차 - 측면직각충돌,차로위반,건조,맑음,단일로 - 기타,화물,남,49세,상해없음,이륜,남,71세,경상
2013052100100169,2013년 5월 21일 09시,화요일,광주광역시 남구 백운동,중상사고,0,1,0,0,차대사람 - 기타,안전운전불이행,건조,맑음,기타 - 기타,승용,여,53세,상해없음,보행자,남,75세,중상
2013052100100170,2013년 5월 21일 09시,화요일,광주광역시 북구 운암동,경상사고,0,0,1,1,차대차 - 측면직각충돌,안전거리미확보,건조,맑음,단일로 - 기타,승용,남,28세,부상신고,승용,여,37세,경상
2013052100100226,2013년 5월 21일 11시,화요일,광주광역시 서구 풍암동,중상사고,0,1,0,0,차대차 - 측면직각충돌,교차로운행방법위반,건조,맑음,교차로 - 교차로안,승용,남,45세,상해없음,승합,남,57세,상해없음
2013052100100279,2013년 5월 21일 13시,화요일,광주광역시 서구 유촌동,경상사고,0,0,1,0,차대차 - 기타,신호위반,건조,맑음,교차로 - 교차로안,화물,남,42세,상해없음,승용,남,30세,경상
2013052100100280,2013년 5월 21일 13시,화요일,광주광역시 서구 매월동,중상사고,0,1,0,0,차대차 - 측면직각충돌,안전운전불이행,건조,맑음,교차로 - 교차로안,이륜,남,32세,상해없음,이륜,남,46세,중상
2013052100100307,2013년 5월 21일 14시,화요일,광주광역시 광산구 송정동,경상사고,0,0,1,0,차대사람 - 차도통행중,안전운전불이행,건조,맑음,단일로 - 기타,승용,남,68세,상해없음,보행자,여,78세,경상
2013052100100346,2013년 5월 21일 15시,화요일,광주광역시 남구 진월동,경상사고,0,0,1,0,차대사람 - 횡단중,신호위반,건조,맑음,단일로 - 기타,승용,여,50세,상해없음,보행자,여,41세,경상
2013052100100347,2013년 5월 21일 15시,화요일,광주광역시 북구 두암동,경상사고,0,0,1,0,차대차 - 추돌 - 진행중,안전운전불이행,건조,맑음,교차로 - 교차로부근,승용,남,67세,상해없음,승용,남,42세,경상
2013052100100382,2013년 5월 21일 16시,화요일,광주광역시 남구 백운동,경상사고,0,0,2,0,차대차 - 추돌 - 주정차중,안전거리미확보,건조,맑음,기타 - 기타,화물,남,32세,상해없음,승용,남,59세,경상
2013052100100543,2013년 5월 21일 20시,화요일,광주광역시 광산구 월곡동,경상사고,0,0,1,0,차대차 - 측면직각충돌,신호위반,건조,맑음,교차로 - 교차로안,이륜,남,19세,경상,승용,남,43세,상해없음
2013052100100590,2013년 5월 21일 21시,화요일,광주광역시 서구 금호동,경상사고,0,0,1,0,차대사람 - 횡단중,보행자보호의무위반,건조,맑음,단일로 - 횡단보도상,승용,남,63세,상해없음,보행자,여,22세,경상
2013052100100617,2013년 5월 21일 22시,화요일,광주광역시 서구 금호동,경상사고,0,0,1,0,차대차 - 추돌 - 주정차중,안전거리미확보,건조,맑음,교차로 - 교차로부근,승용,남,31세,상해없음,화물,남,36세,경상
2013052100100642,2013년 5월 21일 23시,화요일,광주광역시 서구 쌍촌동,경상사고,0,0,1,0,차대차 - 기타,안전운전불이행,건조,흐림,단일로 - 기타,승용,남,31세,상해없음,이륜,남,26세,경상
2013052100100643,2013년 5월 21일 23시,화요일,광주광역시 북구 일곡동,경상사고,0,0,3,0,차대차 - 추돌 - 진행중,안전거리미확보,건조,맑음,교차로 - 교차로부근,승용,남,42세,상해없음,승용,남,43세,경상
2013052200100046,2013년 5월 22일 02시,수요일,광주광역시 남구 진월동,경상사고,0,0,1,0,차대차 - 측면직각충돌,중앙선침범,건조,맑음,교차로 - 교차로부근,자전거,남,19세,경상,승용,남,32세,상해없음
2013052200100047,2013년 5월 22일 02시,수요일,광주광역시 북구 삼각동,경상사고,0,0,2,0,차대차 - 추돌 - 진행중,안전운전불이행,건조,맑음,교차로 - 교차로안,승용,기타불명,기타불명,기타불명,승용,남,54세,경상
2013052200100048,2013년 5월 22일 02시,수요일,광주광역시 북구 우산동,경상사고,0,0,1,0,차대차 - 측면직각충돌,안전운전불이행,건조,맑음,단일로 - 기타,승용,남,41세,상해없음,승용,남,36세,경상