사고번호,사고일시,요일,시군구,사고내용,사망자수,중상자수,경상자수,부상신고자수,사고유형,법규위반,노면상태,기상상태,도로형태,가해운전자 차종,가해운전자 성별,가해운전자 연령,가해운전자 상해정도,피해운전자 차종,피해운전자 성별,피해운전자 연령,피해운전자 상해정도
2013061400100537,2013년 6월 14일 21시,금요일,광주광역시 서구 풍암동,경상사고,0,0,1,0,차대차 - 측면직각충돌,중앙선침범,건조,맑음,단일로 - 기타,승용,남,30세,상해없음,승용,남,40세,경상
2013061400100581,2013년 6월 14일 22시,금요일,광주광역시 서구 쌍촌동,경상사고,0,0,1,0,차대사람 - 기타,불법유턴,건조,맑음,단일로 - 기타,승용,남,53세,상해없음,보행자,여,47세,경상
2013061400100582,2013년 6월 14일 22시,금요일,광주광역시 북구 오치동,중상사고,0,1,0,0,차대차 - 추돌 - 진행중,안전운전불이행,습기,비,교차로 - 교차로부근,기타불명,기타불명,기타불명,기타불명,이륜,남,18세,중상
2013061400100583,2013년 6월 14일 22시,금요일,광주광역시 광산구 쌍암동,경상사고,0,0,1,0,차대사람 - 기타,안전운전불이행,건조,맑음,교차로 - 교차로안,화물,남,48세,상해없음,보행자,남,29세,경상
2013061400100619,2013년 6월 14일 23시,금요일,광주광역시 북구 운암동,중상사고,0,1,0,0,차대사람 - 기타,안전운전불이행,습기,비,단일로 - 기타,승용,남,53세,상해없음,보행자,남,40세,중상
2013061400100620,2013년 6월 14일 23시,금요일,광주광역시 북구 운암동,경상사고,0,0,1,0,차대차 - 추돌 - 진행중,안전운전불이행,습기,비,단일로 - 기타,승합,남,63세,상해없음,승용,남,62세,경상
2013061400100621,2013년 6월 14일 23시,금요일,광주광역시 광산구 쌍암동,경상사고,0,0,2,1,차대차 - 측면직각충돌,안전거리미확보,건조,흐림,단일로 - 기타,승용,남,30세,상해없음,승용,남,26세,경상
2013061500100024,2013년 6월 15일 00시,토요일,광주광역시 남구 행암동,경상사고,0,0,1,0,차대차 - 추돌 - 주정차중,안전운전불이행,건조,맑음,단일로 - 기타,승용,기타불명,기타불명,기타불명,승용,남,32세,경상
2013061500100025,2013년 6월 15일 00시,토요일,광주광역시 북구 월출동,경상사고,0,0,2,0,차대차 - 측면직각충돌,중앙선침범,건조,맑음,단일로 - 기타,승용,남,24세,경상,화물,남,51세,경상
2013061500100052,2013년 6월 15일 01시,토요일,광주광역시 동구 금동,중상사고,0,1,0,0,차대사람 - 기타,안전운전불이행,습기,흐림,단일로 - 기타,승용,남,58세,상해없음,보행자,남,21세,중상
2013061500100053,2013년 6월 15일 01시,토요일,광주광역시 북구 중흥동,경상사고,0,0,1,0,차대차 - 정면충돌,중앙선침범,습기,비,교차로 - 교차로안,승용,남,25세,상해없음,승용,남,61세,경상
2013061500100054,2013년 6월 15일 01시,토요일,광주광역시 북구 신용동,중상사고,0,2,0,0,차대차 - 추돌 - 진행중,안전운전불이행,건조,맑음,교차로 - 교차로안,승용,남,25세,상해없음,승용,남,46세,중상
2013061500100055,2013년 6월 15일 01시,토요일,광주광역시 광산구 쌍암동,경상사고,0,0,3,0,차대차 - 기타,교차로운행방법위반,건조,흐림,교차로 - 교차로안,승용,여,23세,경상,승용,여,54세,경상
2013061500100077,2013년 6월 15일 02시,토요일,광주광역시 남구 봉선동,경상사고,0,0,1,0,차대차 - 추돌 - 진행중,중앙선침범,건조,맑음,단일로 - 기타,승용,여,40세,상해없음,승용,남,34세,경상
2013061500100078,2013년 6월 15일 02시,토요일,광주광역시 광산구 장덕동,경상사고,0,0,1,0,차대차 - 기타,안전운전불이행,건조,맑음,기타 - 기타,승용,남,46세,상해없음,승용,남,30세,경상
2013061500100111,2013년 6월 15일 04시,토요일,광주광역시 북구 우산동,중상사고,0,1,0,0,차대차 - 추돌 - 주정차중,안전운전불이행,건조,맑음,단일로 - 기타,승용,남,22세,중상,화물,남,48세,기타불명
2013061500100112,2013년 6월 15일 04시,토요일,광주광역시 북구 임동,경상사고,0,0,3,0,차대차 - 추돌 - 진행중,신호위반,건조,맑음,교차로 - 교차로안,승용,남,52세,기타불명,승용,남,58세,경상
2013061500100113,2013년 6월 15일 04시,토요일,광주광역시 북구 일곡동,경상사고,0,0,2,0,차대차 - 추돌 - 진행중,안전운전불이행,습기,비,단일로 - 기타,승용,남,45세,상해없음,승용,남,66세,상해없음
2013061500100114,2013년 6월 15일 04시,토요일,광주광역시 북구 용봉동,경상사고,0,0,1,0,차대사람 - 횡단중,안전운전불이행,건조,맑음,단일로 - 횡단보도상,승용,남,53세,상해없음,보행자,여,22세,경상
2013061500100158,2013년 6월 15일 07시,토요일,광주광역시 북구 각화동,중상사고,0,1,0,0,차대차 - 측면직각충돌,교차로운행방법위반,건조,맑음,교차로 - 교차로안,승용,남,22세,상해없음,승용,남,62세,상해없음
2013061500100250,2013년 6월 15일 10시,토요일,광주광역시 서구 양동,경상사고,0,0,1,0,차대차 - 측면직각충돌,교차로운행방법위반,건조,맑음,교차로 - 교차로안,이륜,남,51세,경상,승용,남,68세,상해없음
2013061500100310,2013년 6월 15일 12시,토요일,광주광역시 서구 치평동,경상사고,0,0,1,0,차대차 - 추돌 - 진행중,안전거리미확보,건조,맑음,단일로 - 기타,화물,남,29세,상해없음,승용,남,65세,경상
2013061500100352,2013년 6월 15일 13시,토요일,광주광역시 광산구 신가동,경상사고,0,0,1,0,차대차 - 정면충돌,안전운전불이행,건조,맑음,교차로 - 교차로안,승용,여,31세,상해없음,자전거,남,14세,경상
2013061500100389,2013년 6월 15일 14시,토요일,광주광역시 동구 남동,부상신고사고,0,0,0,1,차대차 - 기타,안전운전불이행,건조,맑음,단일로 - 기타,자전거,남,10세,부상신고,승용,남,33세,상해없음
2013061500100390,2013년 6월 15일 14시,토요일,광주광역시 서구 세하동,사망사고,1,0,0,0,차대사람 - 기타,안전운전불이행,건조,맑음,교차로 - 교차로안,승용,남,45세,상해없음,보행자,여,2세,사망
2013061500100391,2013년 6월 15일 14시,토요일,광주광역시 남구 진월동,경상사고,0,0,1,0,차대차 - 측면직각충돌,안전운전불이행,건조,맑음,교차로 - 교차로부근,승합,남,61세,상해없음,승용,여,39세,경상
2013061500100392,2013년 6월 15일 14시,토요일,광주광역시 북구 용봉동,경상사고,0,0,2,0,차대차 - 추돌 - 주정차중,안전거리미확보,건조,맑음,단일로 - 기타,승용,남,40세,상해없음,승용,남,32세,경상
2013061500100428,2013년 6월 15일 15시,토요일,광주광역시 북구 양산동,경상사고,0,0,2,0,차대차 - 측면직각충돌,안전운전불이행,건조,맑음,단일로 - 기타,원동기,남,17세,경상,승용,남,58세,상해없음
2013061500100429,2013년 6월 15일 15시,토요일,광주광역시 북구 용봉동,경상사고,0,0,1,0,차대차 - 기타,안전거리미확보,건조,맑음,단일로 - 기타,승용,남,33세,상해없음,승용,남,59세,경상
2013061500100459,2013년 6월 15일 16시,토요일,광주광역시 북구 오치동,경상사고,0,0,3,0,차대차 - 추돌 - 주정차중,안전운전불이행,건조,맑음,단일로 - 기타,승용,남,36세,상해없음,승용,여,37세,경상
2013061500100544,2013년 6월 15일 18시,토요일,광주광역시 서구 농성동,경상사고,0,0,1,0,차대차 - 측면직각충돌,교차로운행방법위반,건조,맑음,교차로 - 교차로안,승용,여,43세,상해없음,승합,남,43세,경상
2013061500100545,2013년 6월 15일 18시,토요일,광주광역시 북구 양산동,경상사고,0,0,1,0,차대차 - 측면직각충돌,교차로운행방법위반,건조,맑음,교차로 - 교차로안,화물,남,72세,상해없음,승용,남,44세,경상
2013061500100601,2013년 6월 15일 20시,토요일,광주광역시 광산구 우산동,경상사고,0,0,1,0,차대사람 - 기타,안전운전불이행,건조,맑음,교차로 - 교차로부근,승용,남,55세,상해없음,보행자,남,51세,경상
2013061500100638,2013년 6월 15일 21시,토요일,광주광역시 동구 충장로4가,경상사고,0,0,1,0,차대차 - 추돌 - 진행중,안전운전불이행,건조,맑음,교차로 - 교차로부근,승용,남,23세,상해없음,승용,여,29세,경상
2013061500100639,2013년 6월 15일 21시,토요일,광주광역시 북구 용봉동,경상사고,0,0,1,0,차대차 - 기타,중앙선침범,건조,맑음,단일로 - 기타,승용,남,31세,상해없음,이륜,남,17세,경상
2013061500100666,2013년 6월 15일 22시,토요일,광주광역시 남구 방림동,중상사고,0,1,1,0,차대차 - 측면직각충돌,신호위반,건조,맑음,교차로 - 교차로안,승용,남,71세,상해없음,승용,남,56세,경상
2013061600100019,2013년 6월 16일 00시,일요일,광주광역시 남구 서동,부상신고사고,0,0,0,1,차대사람 - 보도통행중,안전운전불이행,건조,맑음,단일로 - 기타,승용,남,25세,상해없음,보행자,남,73세,부상신고
2013061600100039,2013년 6월 16일 01시,일요일,광주광역시 북구 우산동,경상사고,0,0,1,0,차대차 - 측면직각충돌,교차로운행방법위반,건조,맑음,단일로 - 기타,화물,남,51세,상해없음,원동기,남,18세,경상
2013061600100040,2013년 6월 16일 01시,일요일,광주광역시 북구 양산동,중상사고,0,1,0,0,차대차 - 측면직각충돌,안전거리미확보,건조,맑음,단일로 - 기타,승용,남,28세,상해없음,이륜,남,17세,중상
2013061600100068,2013년 6월 16일 02시,일요일,광주광역시 광산구 신창동,경상사고,0,0,4,0,차대차 - 측면직각충돌,교차로운행방법위반,건조,맑음,교차로 - 교차로안,원동기,남,18세,경상,승용,남,31세,경상
2013061600100078,2013년 6월 16일 03시,일요일,광주광역시 서구 양동,경상사고,0,0,1,0,차대차 - 기타,안전운전불이행,건조,맑음,단일로 - 기타,화물,남,25세,상해없음,승용,남,28세,경상
2013061600100079,2013년 6월 16일 03시,일요일,광주광역시 남구 주월동,경상사고,0,0,1,0,차량단독 - 공작물충돌,안전운전불이행,건조,맑음,단일로 - 기타,승용,남,51세,상해없음,,,,
2013061600100094,2013년 6월 16일 04시,일요일,광주광역시 동구 금동,경상사고,0,0,1,0,차대사람 - 기타,안전운전불이행,건조,맑음,단일로 - 기타,승용,남,29세,상해없음,보행자,남,18세,경상
2013061600100130,2013년 6월 16일 06시,일요일,광주광역시 광산구 월계동,경상사고,0,0,1,0,차대차 - 측면직각충돌,신호위반,건조,맑음,교차로 - 교차로안,승용,남,26세,상해없음,승용,여,43세,경상
2013061600100151,2013년 6월 16일 08시,일요일,광주광역시 북구 양산동,경상사고,0,0,1,0,차대차 - 추돌 - 진행중,차로위반,건조,맑음,단일로 - 기타,승용,남,43세,기타불명,원동기,남,50세,경상
2013061600100196,2013년 6월 16일 10시,일요일,광주광역시 서구 금호동,경상사고,0,0,1,0,차대사람 - 횡단중,안전운전불이행,건조,맑음,단일로 - 기타,승용,여,56세,상해없음,보행자,남,16세,경상
2013061600100197,2013년 6월 16일 10시,일요일,광주광역시 광산구 비아동,경상사고,0,0,1,0,차대차 - 측면직각충돌,교차로운행방법위반,건조,맑음,교차로 - 교차로안,승용,남,74세,상해없음,승용,남,31세,상해없음
2013061600100216,2013년 6월 16일 11시,일요일,광주광역시 서구 화정동,경상사고,0,0,2,0,차대차 - 추돌 - 주정차중,안전거리미확보,건조,맑음,단일로 - 기타,승용,남,65세,상해없음,화물,남,34세,경상
2013061600100217,2013년 6월 16일 11시,일요일,광주광역시 광산구 비아동,경상사고,0,0,3,0,차대차 - 기타,불법유턴,건조,맑음,단일로 - 기타,화물,남,57세,상해없음,승용,여,31세,경상
2013061600100249,2013년 6월 16일 12시,일요일,광주광역시 북구 생용동,중상사고,0,2,3,0,차대차 - 추돌 - 진행중,안전운전불이행,건조,맑음,교차로 - 교차로부근,승용,남,28세,상해없음,승용,남,38세,중상
2013061600100329,2013년 6월 16일 15시,일요일,광주광역시 광산구 광산동,중상사고,0,1,0,0,차대사람 - 차도통행중,안전운전불이행,건조,맑음,단일로 - 기타,승용,기타불명,기타불명,기타불명,보행자,여,74세,중상
2013061600100490,2013년 6월 16일 20시,일요일,광주광역시 서구 쌍촌동,경상사고,0,0,2,0,차대차 - 기타,신호위반,건조,맑음,교차로 - 교차로안,승용,남,26세,상해없음,승용,남,59세,경상
2013061600100491,2013년 6월 16일 20시,일요일,광주광역시 광산구 신촌동,경상사고,0,0,4,0,차대차 - 기타,안전거리미확보,건조,맑음,교차로 - 교차로부근,승용,남,50세,상해없음,승용,남,29세,경상
2013061600100492,2013년 6월 16일 20시,일요일,광주광역시 광산구 도산동,중상사고,0,1,0,0,차대차 - 측면직각충돌,안전거리미확보,건조,맑음,단일로 - 기타,승용,남,32세,상해없음,원동기,남,16세,중상
2013061600100550,2013년 6월 16일 22시,일요일,광주광역시 동구 용산동,경상사고,0,0,1,0,차량단독 - 공작물충돌,중앙선침범,건조,맑음,단일로 - 기타,승용,남,26세,경상,,,,
2013061600100551,2013년 6월 16일 22시,일요일,광주광역시 동구 계림동,경상사고,0,0,1,0,차대차 - 측면직각충돌,신호위반,건조,맑음,교차로 - 교차로안,이륜,기타불명,기타불명,기타불명,이륜,남,24세,경상
2013061600100552,2013년 6월 16일 22시,일요일,광주광역시 광산구 월계동,경상사고,0,0,2,0,차대차 - 추돌 - 주정차중,안전운전불이행,건조,맑음,교차로 - 교차로부근,승용,남,51세,경상,화물,남,52세,경상
2013061700100012,2013년 6월 17일 00시,월요일,광주광역시 동구 계림동,경상사고,0,0,1,0,차대사람 - 차도통행중,안전운전불이행,건조,기타,단일로 - 기타,승용,여,49세,상해없음,보행자,남,44세,경상
2013061700100013,2013년 6월 17일 00시,월요일,광주광역시 북구 중흥동,경상사고,0,0,2,0,차대차 - 추돌 - 진행중,안전운전불이행,건조,맑음,교차로 - 교차로부근,승용,남,33세,경상,승용,남,31세,경상
2013061700100043,2013년 6월 17일 05시,월요일,광주광역시 서구 화정동,경상사고,0,0,2,0,차대차 - 기타,신호위반,건조,맑음,교차로 - 교차로안,승용,남,31세,상해없음,승용,남,59세,경상
2013061700100077,2013년 6월 17일 07시,월요일,광주광역시 서구 쌍촌동,경상사고,0,0,1,0,차대차 - 기타,차로위반,건조,맑음,단일로 - 기타,기타불명,기타불명,기타불명,기타불명,승용,남,52세,상해없음
2013061700100078,2013년 6월 17일 07시,월요일,광주광역시 북구 신용동,중상사고,0,2,21,0,차대차 - 추돌 - 주정차중,안전운전불이행,건조,맑음,단일로 - 기타,승합,남,58세,경상,화물,남,64세,기타불명
2013061700100129,2013년 6월 17일 08시,월요일,광주광역시 광산구 월계동,경상사고,0,0,3,0,차대차 - 추돌 - 진행중,직진우회전진행방해,건조,맑음,기타 - 기타,승용,여,41세,경상,승용,여,45세,경상
2013061700100155,2013년 6월 17일 09시,월요일,광주광역시 북구 누문동,경상사고,0,0,1,0,차대차 - 기타,안전거리미확보,건조,맑음,교차로 - 교차로부근,승용,남,58세,상해없음,원동기,남,38세,경상
2013061700100182,2013년 6월 17일 10시,월요일,광주광역시 서구 치평동,경상사고,0,0,2,0,차대차 - 측면직각충돌,안전운전불이행,건조,맑음,단일로 - 기타,승용,남,29세,경상,승용,남,45세,경상
2013061700100256,2013년 6월 17일 13시,월요일,광주광역시 서구 치평동,경상사고,0,0,2,0,차대차 - 측면직각충돌,신호위반,건조,맑음,교차로 - 교차로안,승용,여,35세,경상,승용,남,49세,경상
2013061700100311,2013년 6월 17일 15시,월요일,광주광역시 서구 쌍촌동,경상사고,0,0,4,0,차대차 - 측면직각충돌,교차로운행방법위반,건조,맑음,교차로 - 교차로안,승용,남,66세,경상,화물,남,60세,경상
2013061700100390,2013년 6월 17일 17시,월요일,광주광역시 북구 양산동,경상사고,0,0,2,0,차대차 - 측면직각충돌,중앙선침범,건조,맑음,교차로 - 교차로안,화물,남,51세,상해없음,승용,남,44세,경상
2013061700100433,2013년 6월 17일 18시,월요일,광주광역시 광산구 산월동,경상사고,0,0,1,0,차대차 - 기타,중앙선침범,건조,맑음,단일로 - 기타,승용,남,64세,상해없음,이륜,남,19세,경상
2013061700100469,2013년 6월 17일 19시,월요일,광주광역시 서구 금호동,중상사고,0,1,0,0,차대차 - 측면직각충돌,중앙선침범,건조,흐림,단일로 - 기타,승용,남,52세,상해없음,이륜,남,41세,중상
2013061700100470,2013년 6월 17일 19시,월요일,광주광역시 북구 용봉동,경상사고,0,0,1,0,차대사람 - 횡단중,안전운전불이행,건조,맑음,단일로 - 기타,승용,여,50세,기타불명,보행자,여,24세,경상
2013061700100506,2013년 6월 17일 20시,월요일,광주광역시 서구 풍암동,중상사고,0,1,0,0,차대사람 - 횡단중,안전운전불이행,건조,맑음,단일로 - 기타,승용,남,65세,상해없음,보행자,여,85세,중상
2013061700100547,2013년 6월 17일 21시,월요일,광주광역시 북구 임동,경상사고,0,0,1,0,차대차 - 추돌 - 주정차중,안전운전불이행,건조,맑음,교차로 - 교차로부근,화물,남,45세,상해없음,승용,여,25세,경상
2013061700100579,2013년 6월 17일 22시,월요일,광주광역시 북구 양산동,경상사고,0,0,3,0,차대차 - 측면직각충돌,중앙선침범,건조,맑음,교차로 - 교차로부근,승용,여,59세,상해없음,승용,여,43세,경상
2013061700100580,2013년 6월 17일 22시,월요일,광주광역시 북구 신안동,경상사고,0,0,1,0,차대차 - 기타,교차로운행방법위반,건조,맑음,교차로 - 교차로안,화물,남,59세,기타불명,승용,남,30세,경상
2013061700100581,2013년 6월 17일 22시,월요일,광주광역시 북구 임동,경상사고,0,0,3,0,차대차 - 기타,안전거리미확보,건조,맑음,교차로 - 교차로부근,승용,남,66세,경상,승용,여,42세,경상
2013061700100608,2013년 6월 17일 23시,월요일,광주광역시 북구 용봉동,경상사고,0,0,2,0,차대차 - 추돌 - 주정차중,안전운전불이행,건조,맑음,교차로 - 교차로부근,승용,남,48세,상해없음,승용,남,59세,경상
2013061800100015,2013년 6월 18일 00시,화요일,광주광역시 북구 일곡동,경상사고,0,0,1,0,차대차 - 기타,안전운전불이행,건조,맑음,교차로 - 교차로안,승용,남,39세,상해없음,원동기,남,19세,경상
2013061800100058,2013년 6월 18일 02시,화요일,광주광역시 북구 신안동,경상사고,0,0,7,0,차대차 - 기타,신호위반,건조,맑음,교차로 - 교차로안,승용,남,24세,상해없음,승용,남,48세,경상
2013061800100102,2013년 6월 18일 06시,화요일,광주광역시 광산구 신촌동,경상사고,0,0,1,0,차대차 - 추돌 - 주정차중,안전운전불이행,습기,비,단일로 - 기타,승용,남,40세,상해없음,화물,남,69세,경상
2013061800100103,2013년 6월 18일 06시,화요일,광주광역시 광산구 하남동,경상사고,0,0,2,0,차대차 - 측면직각충돌,안전운전불이행,건조,맑음,단일로 - 기타,승용,남,35세,상해없음,승용,남,24세,경상
2013061800100131,2013년 6월 18일 07시,화요일,광주광역시 북구 오치동,경상사고,0,0,1,0,차대차 - 측면직각충돌,교차로운행방법위반,건조,맑음,교차로 - 교차로안,승용,남,33세,상해없음,승용,남,49세,경상
2013061800100162,2013년 6월 18일 08시,화요일,광주광역시 동구 동명동,중상사고,0,1,0,0,차대차 - 기타,안전운전불이행,습기,흐림,교차로 - 교차로부근,승용,여,38세,상해없음,자전거,남,88세,중상
2013061800100163,2013년 6월 18일 08시,화요일,광주광역시 서구 화정동,사망사고,1,0,0,0,차대차 - 측면직각충돌,안전거리미확보,건조,맑음,단일로 - 기타,승용,남,66세,상해없음,이륜,남,36세,사망
2013061800100224,2013년 6월 18일 10시,화요일,광주광역시 동구 계림동,경상사고,0,0,1,0,차대차 - 추돌 - 진행중,안전거리미확보,습기,비,단일로 - 기타,화물,남,47세,상해없음,승용,남,53세,경상
2013061800100256,2013년 6월 18일 11시,화요일,광주광역시 남구 백운동,중상사고,0,1,0,0,차대차 - 정면충돌,신호위반,습기,비,교차로 - 교차로안,승용,남,60세,상해없음,승용,여,51세,중상
2013061800100281,2013년 6월 18일 12시,화요일,광주광역시 남구 백운동,경상사고,0,0,1,1,차대차 - 측면직각충돌,중앙선침범,건조,맑음,단일로 - 기타,승용,남,30세,부상신고,승용,남,57세,경상
2013061800100282,2013년 6월 18일 12시,화요일,광주광역시 광산구 송정동,경상사고,0,0,2,0,차대차 - 추돌 - 진행중,안전운전불이행,건조,맑음,단일로 - 기타,승용,여,47세,상해없음,승용,남,64세,경상
2013061800100331,2013년 6월 18일 14시,화요일,광주광역시 북구 금곡동,중상사고,0,1,2,0,차량단독 - 도로외이탈 - 추락,안전운전불이행,습기,비,단일로 - 기타,화물,남,32세,경상,,,,
2013061800100442,2013년 6월 18일 17시,화요일,광주광역시 동구 산수동,경상사고,0,0,1,0,차대차 - 추돌 - 주정차중,안전운전불이행,습기,흐림,단일로 - 기타,승용,남,56세,상해없음,승용,남,23세,경상
2013061800100443,2013년 6월 18일 17시,화요일,광주광역시 광산구 옥동,경상사고,0,0,1,1,차대차 - 측면직각충돌,교차로운행방법위반,습기,비,교차로 - 교차로안,승용,남,34세,부상신고,승용,남,38세,경상
2013061800100444,2013년 6월 18일 17시,화요일,광주광역시 광산구 도산동,경상사고,0,0,2,0,차대차 - 측면직각충돌,안전운전불이행,습기,비,단일로 - 기타,승용,여,43세,상해없음,승용,남,23세,경상
2013061800100517,2013년 6월 18일 19시,화요일,광주광역시 남구 월산동,경상사고,0,0,2,0,차대차 - 기타,안전거리미확보,건조,맑음,교차로 - 교차로부근,승합,남,65세,상해없음,승용,남,27세,경상
2013061800100518,2013년 6월 18일 19시,화요일,광주광역시 북구 유동,경상사고,0,0,1,0,차대차 - 측면직각충돌,교차로운행방법위반,건조,맑음,교차로 - 교차로안,승용,남,22세,상해없음,원동기,남,47세,경상
2013061800100572,2013년 6월 18일 20시,화요일,광주광역시 북구 우산동,경상사고,0,0,1,0,차대차 - 추돌 - 주정차중,안전운전불이행,건조,맑음,단일로 - 기타,승용,남,68세,상해없음,승용,남,61세,상해없음
2013061800100573,2013년 6월 18일 20시,화요일,광주광역시 광산구 수완동,경상사고,0,0,1,0,차대사람 - 횡단중,신호위반,습기,흐림,교차로 - 교차로안,승용,남,37세,상해없음,보행자,남,25세,경상
2013061800100623,2013년 6월 18일 21시,화요일,광주광역시 광산구 소촌동,경상사고,0,0,1,0,차대차 - 추돌 - 주정차중,안전운전불이행,습기,비,단일로 - 기타,승용,남,48세,상해없음,승용,남,36세,경상
2013061800100669,2013년 6월 18일 22시,화요일,광주광역시 서구 유촌동,경상사고,0,0,1,0,차대차 - 측면직각충돌,안전거리미확보,건조,맑음,단일로 - 기타,화물,남,36세,상해없음,승용,여,58세,경상
2013061800100708,2013년 6월 18일 23시,화요일,광주광역시 서구 광천동,중상사고,0,1,0,0,차대차 - 기타,안전운전불이행,습기,비,단일로 - 기타,승용,여,41세,기타불명,승용,남,35세,중상
2013061800100709,2013년 6월 18일 23시,화요일,광주광역시 서구 금호동,경상사고,0,0,2,0,차대차 - 정면충돌,안전운전불이행,습기,비,단일로 - 기타,화물,남,40세,경상,승용,남,50세,경상
2013061900100029,2013년 6월 19일 00시,수요일,광주광역시 북구 동림동,경상사고,0,0,1,0,차대차 - 추돌 - 진행중,안전운전불이행,건조,맑음,단일로 - 기타,기타불명,기타불명,기타불명,기타불명,승용,남,39세,경상
2013061900100041,2013년 6월 19일 01시,수요일,광주광역시 서구 치평동,경상사고,0,0,1,0,차대차 - 측면직각충돌,차로위반,습기,비,단일로 - 기타,승용,남,46세,상해없음,승용,남,53세,경상
2013061900100078,2013년 6월 19일 04시,수요일,광주광역시 광산구 월계동,경상사고,0,0,1,0,차대차 - 추돌 - 주정차중,안전운전불이행,습기,비,교차로 - 교차로부근,화물,남,69세,상해없음,승용,여,40세,경상
2013061900100175,2013년 6월 19일 08시,수요일,광주광역시 광산구 도산동,중상사고,0,1,1,0,차대차 - 측면직각충돌,신호위반,습기,흐림,교차로 - 교차로안,건설기계,남,46세,상해없음,이륜,남,73세,중상
2013061900100198,2013년 6월 19일 09시,수요일,광주광역시 서구 광천동,경상사고,0,0,1,0,차대차 - 측면직각충돌,안전운전불이행,건조,맑음,단일로 - 기타,승용,남,33세,상해없음,승용,남,53세,경상
2013061900100199,2013년 6월 19일 09시,수요일,광주광역시 서구 치평동,경상사고,0,0,1,0,차대차 - 측면직각충돌,안전거리미확보,건조,맑음,단일로 - 기타,승용,남,63세,상해없음,승용,여,50세,경상
2013061900100271,2013년 6월 19일 12시,수요일,광주광역시 남구 백운동,경상사고,0,0,1,0,차대사람 - 기타,안전운전불이행,건조,맑음,기타 - 기타,기타불명,기타불명,기타불명,기타불명,보행자,여,78세,경상
2013061900100299,2013년 6월 19일 13시,수요일,광주광역시 북구 중흥동,경상사고,0,0,1,0,차대차 - 측면직각충돌,교차로운행방법위반,건조,맑음,교차로 - 교차로안,승용,남,55세,상해없음,승용,여,41세,상해없음
2013061900100300,2013년 6월 19일 13시,수요일,광주광역시 광산구 장덕동,경상사고,0,0,1,0,차대차 - 추돌 - 진행중,기타,건조,맑음,교차로 - 교차로안,승용,남,59세,상해없음,승용,여,39세,경상
2013061900100334,2013년 6월 19일 14시,수요일,광주광역시 동구 선교동,경상사고,0,0,3,0,차대차 - 추돌 - 진행중,안전거리미확보,건조,맑음,교차로 - 교차로부근,승합,남,38세,상해없음,화물,남,43세,경상
2013061900100335,2013년 6월 19일 14시,수요일,광주광역시 남구 주월동,경상사고,0,0,1,0,차대차 - 측면직각충돌,신호위반,건조,맑음,교차로 - 교차로부근,이륜,남,52세,경상,승용,남,23세,상해없음
2013061900100336,2013년 6월 19일 14시,수요일,광주광역시 북구 일곡동,경상사고,0,0,1,0,차대차 - 측면직각충돌,안전운전불이행,건조,맑음,교차로 - 교차로안,화물,남,54세,상해없음,화물,남,38세,상해없음
2013061900100438,2013년 6월 19일 17시,수요일,광주광역시 광산구 동산동,경상사고,0,0,1,0,차대사람 - 기타,안전운전불이행,건조,맑음,단일로 - 기타,승용,남,51세,상해없음,보행자,남,14세,경상
2013061900100474,2013년 6월 19일 18시,수요일,광주광역시 광산구 송정동,중상사고,0,1,0,0,차대사람 - 횡단중,신호위반,건조,맑음,교차로 - 교차로안,승용,남,39세,상해없음,보행자,남,10세,중상
2013061900100475,2013년 6월 19일 18시,수요일,광주광역시 광산구 수완동,경상사고,0,0,1,0,차대차 - 추돌 - 진행중,안전운전불이행,건조,맑음,단일로 - 기타,승용,여,43세,상해없음,승용,여,32세,경상
2013061900100535,2013년 6월 19일 20시,수요일,광주광역시 남구 진월동,중상사고,0,1,1,0,차대사람 - 횡단중,신호위반,건조,맑음,교차로 - 교차로안,이륜,남,17세,경상,보행자,남,11세,중상
2013061900100591,2013년 6월 19일 22시,수요일,광주광역시 서구 치평동,경상사고,0,0,1,0,차대차 - 기타,안전거리미확보,건조,맑음,단일로 - 기타,승용,남,47세,상해없음,승용,남,30세,경상
2013061900100615,2013년 6월 19일 23시,수요일,광주광역시 서구 풍암동,경상사고,0,0,1,0,차대차 - 측면직각충돌,중앙선침범,건조,맑음,교차로 - 교차로안,승용,여,40세,상해없음,승용,남,37세,경상
2013062000100020,2013년 6월 20일 00시,목요일,광주광역시 북구 동림동,경상사고,0,0,2,0,차대차 - 추돌 - 주정차중,안전운전불이행,건조,맑음,교차로 - 교차로부근,승용,남,52세,상해없음,승용,여,45세,경상
2013062000100035,2013년 6월 20일 01시,목요일,광주광역시 광산구 월곡동,경상사고,0,0,1,0,차대차 - 측면직각충돌,안전운전불이행,건조,맑음,단일로 - 기타,승용,남,62세,상해없음,승용,남,25세,경상
2013062000100151,2013년 6월 20일 08시,목요일,광주광역시 서구 유촌동,경상사고,0,0,1,0,차대차 - 측면직각충돌,교차로운행방법위반,건조,맑음,교차로 - 교차로안,승용,남,22세,상해없음,승용,남,28세,경상
2013062000100152,2013년 6월 20일 08시,목요일,광주광역시 서구 화정동,경상사고,0,0,1,0,차대사람 - 기타,안전운전불이행,건조,맑음,단일로 - 기타,승용,여,67세,상해없음,보행자,남,73세,경상