사고번호,사고일시,요일,시군구,사고내용,사망자수,중상자수,경상자수,부상신고자수,사고유형,법규위반,노면상태,기상상태,도로형태,가해운전자 차종,가해운전자 성별,가해운전자 연령,가해운전자 상해정도,피해운전자 차종,피해운전자 성별,피해운전자 연령,피해운전자 상해정도
2013062000100153,2013년 6월 20일 08시,목요일,광주광역시 서구 쌍촌동,경상사고,0,0,1,0,차대차 - 추돌 - 진행중,안전운전불이행,건조,맑음,단일로 - 기타,승용,여,47세,기타불명,승용,남,38세,경상
2013062000100154,2013년 6월 20일 08시,목요일,광주광역시 남구 송하동,경상사고,0,0,4,0,차대차 - 추돌 - 진행중,안전거리미확보,건조,맑음,단일로 - 기타,화물,남,44세,상해없음,화물,남,34세,경상
2013062000100238,2013년 6월 20일 11시,목요일,광주광역시 서구 치평동,경상사고,0,0,1,0,차대사람 - 기타,안전운전불이행,건조,맑음,단일로 - 기타,승용,남,27세,상해없음,보행자,남,31세,경상
2013062000100272,2013년 6월 20일 13시,목요일,광주광역시 북구 임동,경상사고,0,0,2,0,차대차 - 측면직각충돌,교차로운행방법위반,건조,맑음,교차로 - 교차로안,승용,여,46세,경상,승용,남,33세,상해없음
2013062000100306,2013년 6월 20일 14시,목요일,광주광역시 북구 두암동,경상사고,0,0,1,0,차대사람 - 횡단중,안전운전불이행,건조,맑음,단일로 - 횡단보도부근,승용,남,53세,상해없음,보행자,여,6세,경상
2013062000100307,2013년 6월 20일 14시,목요일,광주광역시 광산구 수완동,경상사고,0,0,2,0,차대차 - 측면직각충돌,교차로운행방법위반,건조,맑음,교차로 - 교차로안,승용,여,42세,상해없음,승용,여,60세,경상
2013062000100375,2013년 6월 20일 16시,목요일,광주광역시 서구 치평동,경상사고,0,0,1,0,차대사람 - 횡단중,안전운전불이행,건조,맑음,단일로 - 기타,승용,여,39세,상해없음,보행자,여,30세,경상
2013062000100376,2013년 6월 20일 16시,목요일,광주광역시 광산구 신가동,경상사고,0,0,1,0,차대차 - 추돌 - 주정차중,안전운전불이행,건조,맑음,교차로 - 교차로부근,승용,남,54세,상해없음,승용,여,42세,경상
2013062000100415,2013년 6월 20일 17시,목요일,광주광역시 북구 중흥동,경상사고,0,0,2,0,차대차 - 측면직각충돌,교차로운행방법위반,건조,맑음,교차로 - 교차로안,승용,남,26세,경상,승용,남,50세,경상
2013062000100416,2013년 6월 20일 17시,목요일,광주광역시 북구 오치동,경상사고,0,0,1,0,차대사람 - 횡단중,신호위반,건조,맑음,교차로 - 교차로부근,승용,여,36세,상해없음,보행자,남,9세,경상
2013062000100459,2013년 6월 20일 18시,목요일,광주광역시 남구 주월동,경상사고,0,0,1,0,차대사람 - 횡단중,안전운전불이행,건조,맑음,기타 - 기타,원동기,기타불명,기타불명,기타불명,보행자,남,10세,경상
2013062000100460,2013년 6월 20일 18시,목요일,광주광역시 남구 지석동,부상신고사고,0,0,0,1,차량단독 - 기타,안전운전불이행,건조,맑음,단일로 - 기타,원동기,남,73세,부상신고,,,,
2013062000100492,2013년 6월 20일 19시,목요일,광주광역시 광산구 수완동,경상사고,0,0,1,0,차대사람 - 횡단중,신호위반,건조,맑음,교차로 - 교차로부근,승용,남,34세,상해없음,보행자,남,25세,경상
2013062000100525,2013년 6월 20일 20시,목요일,광주광역시 북구 북동,경상사고,0,0,1,0,차대차 - 추돌 - 진행중,안전운전불이행,건조,맑음,단일로 - 기타,화물,남,54세,상해없음,원동기,남,49세,경상
2013062000100526,2013년 6월 20일 20시,목요일,광주광역시 광산구 장덕동,경상사고,0,0,1,0,차대차 - 측면직각충돌,안전운전불이행,건조,맑음,단일로 - 기타,승용,남,29세,상해없음,승용,여,42세,경상
2013062000100558,2013년 6월 20일 21시,목요일,광주광역시 북구 오치동,경상사고,0,0,1,0,차대차 - 측면직각충돌,신호위반,건조,맑음,교차로 - 교차로안,승합,남,67세,상해없음,승용,여,52세,경상
2013062000100559,2013년 6월 20일 21시,목요일,광주광역시 광산구 신가동,경상사고,0,0,1,0,차대차 - 정면충돌,중앙선침범,건조,맑음,단일로 - 기타,이륜,남,18세,상해없음,이륜,남,18세,경상
2013062000100584,2013년 6월 20일 22시,목요일,광주광역시 북구 문흥동,경상사고,0,0,1,0,차대차 - 추돌 - 주정차중,안전운전불이행,건조,맑음,단일로 - 기타,승용,남,50세,상해없음,승용,여,51세,경상
2013062000100585,2013년 6월 20일 22시,목요일,광주광역시 광산구 쌍암동,경상사고,0,0,1,0,차대차 - 추돌 - 진행중,안전거리미확보,건조,맑음,교차로 - 교차로부근,화물,남,57세,상해없음,승용,남,51세,경상
2013062000100618,2013년 6월 20일 23시,목요일,광주광역시 서구 양동,경상사고,0,0,1,0,차대차 - 측면직각충돌,신호위반,건조,맑음,교차로 - 교차로안,기타불명,기타불명,기타불명,기타불명,승용,남,30세,경상
2013062000100619,2013년 6월 20일 23시,목요일,광주광역시 광산구 쌍암동,중상사고,0,1,0,0,차대차 - 추돌 - 진행중,중앙선침범,건조,맑음,단일로 - 기타,승용,남,37세,상해없음,원동기,남,19세,중상
2013062100100064,2013년 6월 21일 04시,금요일,광주광역시 광산구 산월동,경상사고,0,0,1,0,차대차 - 기타,차로위반,건조,맑음,단일로 - 기타,승용,기타불명,기타불명,기타불명,승용,남,32세,경상
2013062100100105,2013년 6월 21일 07시,금요일,광주광역시 서구 쌍촌동,경상사고,0,0,1,0,차대차 - 기타,교차로운행방법위반,건조,맑음,교차로 - 교차로부근,화물,남,51세,상해없음,승용,남,28세,경상
2013062100100106,2013년 6월 21일 07시,금요일,광주광역시 광산구 장덕동,경상사고,0,0,2,0,차대차 - 정면충돌,중앙선침범,건조,맑음,교차로 - 교차로부근,승용,여,30세,경상,승용,여,40세,경상
2013062100100150,2013년 6월 21일 08시,금요일,광주광역시 서구 화정동,경상사고,0,0,1,0,차대차 - 기타,안전운전불이행,건조,맑음,단일로 - 기타,승용,여,52세,상해없음,승용,여,36세,경상
2013062100100151,2013년 6월 21일 08시,금요일,광주광역시 광산구 양동,경상사고,0,0,1,0,차대사람 - 횡단중,보행자보호의무위반,건조,맑음,단일로 - 횡단보도상,승용,여,34세,상해없음,보행자,여,12세,경상
2013062100100152,2013년 6월 21일 08시,금요일,광주광역시 서구 화정동,경상사고,0,0,1,0,차대차 - 기타,차로위반,건조,맑음,단일로 - 기타,승용,남,54세,기타불명,승용,남,61세,경상
2013062100100177,2013년 6월 21일 09시,금요일,광주광역시 서구 치평동,경상사고,0,0,1,0,차대차 - 측면직각충돌,안전운전불이행,건조,맑음,교차로 - 교차로안,승용,남,32세,상해없음,승용,남,68세,경상
2013062100100206,2013년 6월 21일 10시,금요일,광주광역시 남구 월산동,경상사고,0,0,3,0,차대차 - 기타,안전거리미확보,건조,맑음,단일로 - 기타,승용,남,41세,상해없음,이륜,남,17세,경상
2013062100100257,2013년 6월 21일 12시,금요일,광주광역시 서구 광천동,경상사고,0,0,2,0,차대차 - 측면직각충돌,교차로운행방법위반,건조,맑음,교차로 - 교차로안,승용,여,40세,상해없음,승용,남,53세,경상
2013062100100283,2013년 6월 21일 13시,금요일,광주광역시 광산구 장덕동,경상사고,0,0,1,0,차대차 - 측면직각충돌,신호위반,건조,맑음,교차로 - 교차로안,승용,남,52세,상해없음,원동기,남,22세,경상
2013062100100309,2013년 6월 21일 14시,금요일,광주광역시 광산구 장록동,중상사고,0,1,0,0,차대사람 - 기타,안전운전불이행,건조,맑음,단일로 - 기타,건설기계,남,58세,상해없음,보행자,남,63세,중상
2013062100100388,2013년 6월 21일 16시,금요일,광주광역시 광산구 소촌동,경상사고,0,0,1,0,차대차 - 측면직각충돌,중앙선침범,건조,맑음,단일로 - 기타,승용,남,62세,상해없음,이륜,남,16세,경상
2013062100100430,2013년 6월 21일 17시,금요일,광주광역시 북구 용봉동,경상사고,0,0,1,0,차대사람 - 기타,안전운전불이행,건조,맑음,단일로 - 기타,승용,남,52세,상해없음,보행자,남,8세,경상
2013062100100431,2013년 6월 21일 17시,금요일,광주광역시 광산구 쌍암동,경상사고,0,0,1,0,차대차 - 측면직각충돌,신호위반,건조,맑음,교차로 - 교차로안,승용,남,38세,상해없음,승용,남,29세,경상
2013062100100473,2013년 6월 21일 18시,금요일,광주광역시 광산구 소촌동,경상사고,0,0,4,0,차대차 - 기타,차로위반,건조,맑음,단일로 - 기타,승용,여,38세,경상,승용,남,57세,경상
2013062100100503,2013년 6월 21일 19시,금요일,광주광역시 서구 양동,경상사고,0,0,2,0,차대차 - 추돌 - 주정차중,안전거리미확보,건조,맑음,교차로 - 교차로부근,승합,여,55세,상해없음,화물,남,33세,경상
2013062100100504,2013년 6월 21일 19시,금요일,광주광역시 남구 방림동,중상사고,0,2,0,0,차대사람 - 횡단중,안전운전불이행,건조,맑음,단일로 - 기타,승용,남,34세,상해없음,보행자,여,70세,중상
2013062100100505,2013년 6월 21일 19시,금요일,광주광역시 남구 주월동,경상사고,0,0,1,0,차대차 - 측면직각충돌,교차로운행방법위반,건조,맑음,교차로 - 교차로안,승용,여,32세,상해없음,원동기,남,17세,경상
2013062100100506,2013년 6월 21일 19시,금요일,광주광역시 북구 운암동,경상사고,0,0,1,0,차대차 - 측면직각충돌,차로위반,건조,맑음,단일로 - 기타,원동기,남,30세,상해없음,승용,남,52세,경상
2013062100100541,2013년 6월 21일 20시,금요일,광주광역시 서구 쌍촌동,경상사고,0,0,1,0,차대차 - 기타,안전운전불이행,건조,맑음,교차로 - 교차로부근,승용,남,53세,상해없음,이륜,남,33세,경상
2013062100100542,2013년 6월 21일 20시,금요일,광주광역시 북구 오치동,경상사고,0,0,1,0,차대차 - 추돌 - 주정차중,안전운전불이행,건조,맑음,교차로 - 교차로안,승용,남,51세,상해없음,승용,남,46세,경상
2013062100100543,2013년 6월 21일 20시,금요일,광주광역시 북구 우산동,중상사고,0,1,0,0,차대사람 - 횡단중,안전운전불이행,건조,맑음,교차로 - 교차로부근,승용,여,55세,상해없음,보행자,여,18세,중상
2013062100100621,2013년 6월 21일 22시,금요일,광주광역시 서구 광천동,경상사고,0,0,1,0,차대차 - 추돌 - 진행중,안전운전불이행,건조,맑음,단일로 - 기타,승용,남,29세,상해없음,승용,남,43세,경상
2013062100100622,2013년 6월 21일 22시,금요일,광주광역시 광산구 신가동,경상사고,0,0,1,0,차대차 - 측면직각충돌,안전운전불이행,건조,맑음,단일로 - 기타,승용,남,54세,상해없음,원동기,남,17세,경상
2013062100100623,2013년 6월 21일 22시,금요일,광주광역시 광산구 수완동,경상사고,0,0,1,0,차대차 - 측면직각충돌,교차로운행방법위반,건조,맑음,교차로 - 교차로안,승용,남,32세,상해없음,승용,남,38세,경상
2013062200100078,2013년 6월 22일 02시,토요일,광주광역시 서구 화정동,중상사고,0,1,0,0,차대사람 - 횡단중,안전운전불이행,건조,맑음,단일로 - 기타,승용,남,60세,상해없음,보행자,남,33세,중상
2013062200100093,2013년 6월 22일 03시,토요일,광주광역시 서구 치평동,경상사고,0,0,3,0,차대차 - 추돌 - 주정차중,안전거리미확보,건조,흐림,단일로 - 기타,승용,남,26세,상해없음,승용,남,66세,경상
2013062200100109,2013년 6월 22일 04시,토요일,광주광역시 서구 치평동,경상사고,0,0,2,0,차대차 - 측면직각충돌,교차로운행방법위반,건조,맑음,교차로 - 교차로안,승용,남,62세,상해없음,승용,남,51세,상해없음
2013062200100110,2013년 6월 22일 04시,토요일,광주광역시 광산구 수완동,경상사고,0,0,2,0,차대차 - 측면직각충돌,신호위반,건조,맑음,교차로 - 교차로안,승용,남,38세,상해없음,승용,남,26세,경상
2013062200100163,2013년 6월 22일 07시,토요일,광주광역시 광산구 월곡동,경상사고,0,0,1,0,차량단독 - 공작물충돌,안전운전불이행,건조,맑음,교차로 - 교차로부근,승용,남,39세,경상,,,,
2013062200100185,2013년 6월 22일 08시,토요일,광주광역시 광산구 월계동,경상사고,0,0,2,0,차대차 - 측면직각충돌,신호위반,건조,맑음,교차로 - 교차로안,승용,남,63세,상해없음,승용,남,40세,경상
2013062200100240,2013년 6월 22일 10시,토요일,광주광역시 북구 각화동,중상사고,0,1,0,0,차대차 - 측면직각충돌,안전운전불이행,건조,맑음,단일로 - 기타,원동기,남,61세,상해없음,승용,남,49세,상해없음
2013062200100241,2013년 6월 22일 10시,토요일,광주광역시 북구 양산동,경상사고,0,0,1,0,차대차 - 정면충돌,안전운전불이행,건조,맑음,단일로 - 기타,이륜,남,18세,경상,승용,남,40세,상해없음
2013062200100242,2013년 6월 22일 10시,토요일,광주광역시 북구 운암동,경상사고,0,0,1,0,차대차 - 추돌 - 진행중,안전거리미확보,건조,맑음,교차로 - 교차로안,승용,남,54세,상해없음,승용,남,30세,경상
2013062200100267,2013년 6월 22일 11시,토요일,광주광역시 남구 주월동,경상사고,0,0,2,1,차대차 - 측면직각충돌,교차로운행방법위반,건조,흐림,교차로 - 교차로안,승용,여,40세,부상신고,승용,남,74세,경상
2013062200100268,2013년 6월 22일 11시,토요일,광주광역시 북구 양산동,경상사고,0,0,3,0,차대차 - 측면직각충돌,직진우회전진행방해,건조,맑음,교차로 - 교차로안,승용,여,52세,경상,승용,남,29세,경상
2013062200100269,2013년 6월 22일 11시,토요일,광주광역시 북구 오치동,경상사고,0,0,1,0,차대차 - 측면직각충돌,안전거리미확보,건조,맑음,단일로 - 기타,승용,여,50세,상해없음,승용,남,25세,경상
2013062200100304,2013년 6월 22일 12시,토요일,광주광역시 북구 문흥동,중상사고,0,1,0,0,차대차 - 측면직각충돌,교차로운행방법위반,건조,맑음,교차로 - 교차로안,승용,남,46세,상해없음,원동기,남,49세,중상
2013062200100336,2013년 6월 22일 13시,토요일,광주광역시 광산구 산정동,경상사고,0,0,1,0,차대차 - 기타,직진우회전진행방해,습기,맑음,교차로 - 교차로안,이륜,남,21세,경상,승용,남,33세,상해없음
2013062200100374,2013년 6월 22일 14시,토요일,광주광역시 남구 월산동,중상사고,0,1,0,0,차대사람 - 기타,안전운전불이행,건조,맑음,단일로 - 기타,승용,남,41세,상해없음,보행자,여,79세,중상
2013062200100375,2013년 6월 22일 14시,토요일,광주광역시 광산구 신창동,경상사고,0,0,1,0,차대사람 - 횡단중,보행자보호의무위반,건조,맑음,교차로 - 교차로안,승용,여,49세,상해없음,보행자,여,7세,경상
2013062200100398,2013년 6월 22일 15시,토요일,광주광역시 북구 용봉동,경상사고,0,0,1,0,차대차 - 기타,중앙선침범,건조,맑음,단일로 - 기타,승용,여,56세,상해없음,원동기,남,32세,경상
2013062200100399,2013년 6월 22일 15시,토요일,광주광역시 광산구 산정동,경상사고,0,0,1,0,차대차 - 측면직각충돌,신호위반,건조,흐림,교차로 - 교차로안,승용,여,49세,상해없음,승용,남,26세,경상
2013062200100400,2013년 6월 22일 15시,토요일,광주광역시 광산구 도천동,경상사고,0,0,1,0,차대차 - 측면직각충돌,직진우회전진행방해,건조,맑음,교차로 - 교차로안,승용,남,26세,상해없음,승용,남,43세,경상
2013062200100432,2013년 6월 22일 16시,토요일,광주광역시 북구 효령동,경상사고,0,0,1,0,차대차 - 추돌 - 주정차중,안전거리미확보,습기,흐림,교차로 - 교차로부근,화물,남,48세,상해없음,승용,남,52세,경상
2013062200100433,2013년 6월 22일 16시,토요일,광주광역시 광산구 우산동,경상사고,0,0,2,0,차대차 - 추돌 - 진행중,안전거리미확보,건조,맑음,단일로 - 기타,승용,남,47세,상해없음,승용,남,54세,경상
2013062200100532,2013년 6월 22일 20시,토요일,광주광역시 북구 운암동,경상사고,0,0,1,0,차대차 - 측면직각충돌,안전거리미확보,건조,맑음,단일로 - 기타,이륜,남,30세,상해없음,승용,남,44세,경상
2013062200100533,2013년 6월 22일 20시,토요일,광주광역시 광산구 운수동,경상사고,0,0,1,0,차대차 - 측면직각충돌,안전운전불이행,건조,맑음,교차로 - 교차로안,승용,여,26세,경상,화물,남,52세,상해없음
2013062200100570,2013년 6월 22일 21시,토요일,광주광역시 남구 주월동,경상사고,0,0,3,0,차대차 - 기타,안전거리미확보,건조,맑음,교차로 - 교차로부근,승용,남,53세,상해없음,승용,여,38세,상해없음
2013062200100602,2013년 6월 22일 22시,토요일,광주광역시 북구 운암동,경상사고,0,0,1,0,차대차 - 기타,안전거리미확보,건조,맑음,교차로 - 교차로부근,승용,남,29세,상해없음,승용,남,45세,경상
2013062200100634,2013년 6월 22일 23시,토요일,광주광역시 광산구 하남동,경상사고,0,0,1,0,차대차 - 추돌 - 진행중,안전운전불이행,건조,흐림,단일로 - 기타,승용,남,45세,상해없음,승용,남,42세,경상
2013062300100033,2013년 6월 23일 00시,일요일,광주광역시 서구 금호동,부상신고사고,0,0,0,1,차대사람 - 횡단중,신호위반,습기,비,교차로 - 교차로안,승용,기타불명,기타불명,기타불명,보행자,남,57세,부상신고
2013062300100034,2013년 6월 23일 00시,일요일,광주광역시 북구 양산동,중상사고,0,2,2,0,차대차 - 추돌 - 주정차중,안전거리미확보,습기,흐림,교차로 - 교차로부근,승합,남,48세,상해없음,승용,남,24세,중상
2013062300100059,2013년 6월 23일 01시,일요일,광주광역시 서구 화정동,경상사고,0,0,2,0,차대차 - 측면직각충돌,신호위반,습기,맑음,교차로 - 교차로안,화물,남,28세,상해없음,승용,남,18세,경상
2013062300100060,2013년 6월 23일 01시,일요일,광주광역시 남구 월산동,경상사고,0,0,2,0,차대차 - 측면직각충돌,중앙선침범,습기,비,교차로 - 교차로부근,화물,남,28세,상해없음,승용,남,51세,경상
2013062300100061,2013년 6월 23일 01시,일요일,광주광역시 광산구 수완동,경상사고,0,0,1,0,차대사람 - 기타,안전운전불이행,습기,비,단일로 - 기타,승용,기타불명,기타불명,기타불명,보행자,남,24세,경상
2013062300100091,2013년 6월 23일 04시,일요일,광주광역시 서구 화정동,부상신고사고,0,0,0,1,차대사람 - 길가장자리구역통행중,안전운전불이행,건조,맑음,단일로 - 기타,승용,기타불명,기타불명,기타불명,보행자,남,33세,부상신고
2013062300100119,2013년 6월 23일 06시,일요일,광주광역시 북구 연제동,경상사고,0,0,4,0,차대차 - 측면직각충돌,안전거리미확보,습기,흐림,단일로 - 기타,승용,남,34세,상해없음,화물,남,51세,경상
2013062300100165,2013년 6월 23일 09시,일요일,광주광역시 북구 문흥동,경상사고,0,0,1,0,차대사람 - 기타,안전운전불이행,건조,맑음,단일로 - 기타,승용,여,52세,상해없음,보행자,남,49세,경상
2013062300100185,2013년 6월 23일 10시,일요일,광주광역시 남구 양림동,경상사고,0,0,1,0,차대차 - 측면직각충돌,신호위반,건조,맑음,교차로 - 교차로안,승용,남,22세,상해없음,승합,남,65세,경상
2013062300100197,2013년 6월 23일 11시,일요일,광주광역시 서구 농성동,경상사고,0,0,1,0,차대차 - 측면직각충돌,신호위반,건조,맑음,교차로 - 교차로안,승용,남,21세,상해없음,승용,남,46세,상해없음
2013062300100226,2013년 6월 23일 12시,일요일,광주광역시 남구 주월동,경상사고,0,0,1,0,차대사람 - 횡단중,신호위반,건조,맑음,단일로 - 횡단보도상,승용,남,52세,상해없음,보행자,여,41세,경상
2013062300100251,2013년 6월 23일 13시,일요일,광주광역시 북구 신안동,중상사고,0,1,0,0,차대사람 - 횡단중,신호위반,습기,비,단일로 - 횡단보도상,이륜,기타불명,기타불명,기타불명,보행자,남,32세,중상
2013062300100318,2013년 6월 23일 15시,일요일,광주광역시 동구 계림동,경상사고,0,0,1,0,차대차 - 기타,안전운전불이행,습기,비,교차로 - 교차로부근,이륜,남,18세,상해없음,승용,여,26세,상해없음
2013062300100345,2013년 6월 23일 16시,일요일,광주광역시 북구 문흥동,중상사고,0,1,4,0,차대차 - 추돌 - 진행중,안전거리미확보,습기,비,교차로 - 교차로부근,승합,남,43세,상해없음,승용,여,30세,중상
2013062300100418,2013년 6월 23일 18시,일요일,광주광역시 동구 계림동,경상사고,0,0,4,0,차대차 - 추돌 - 주정차중,안전운전불이행,습기,흐림,교차로 - 교차로부근,승용,남,50세,상해없음,승용,여,46세,경상
2013062300100419,2013년 6월 23일 18시,일요일,광주광역시 광산구 장록동,경상사고,0,0,1,0,차대사람 - 횡단중,안전운전불이행,습기,비,단일로 - 기타,승용,남,53세,상해없음,보행자,남,59세,경상
2013062300100443,2013년 6월 23일 19시,일요일,광주광역시 광산구 월곡동,경상사고,0,0,1,0,차대차 - 측면직각충돌,신호위반,습기,흐림,교차로 - 교차로안,이륜,남,17세,경상,승용,남,53세,상해없음
2013062300100473,2013년 6월 23일 20시,일요일,광주광역시 동구 학동,중상사고,0,1,0,0,차대사람 - 횡단중,신호위반,습기,흐림,교차로 - 교차로안,화물,남,53세,상해없음,보행자,여,31세,중상
2013062300100474,2013년 6월 23일 20시,일요일,광주광역시 광산구 비아동,경상사고,0,0,1,0,차대차 - 측면직각충돌,교차로운행방법위반,습기,비,교차로 - 교차로안,승용,남,31세,상해없음,자전거,남,40세,경상
2013062300100492,2013년 6월 23일 21시,일요일,광주광역시 남구 주월동,중상사고,0,1,0,0,차대사람 - 차도통행중,안전운전불이행,건조,흐림,교차로 - 교차로부근,승용,여,49세,상해없음,보행자,여,55세,중상
2013062300100493,2013년 6월 23일 21시,일요일,광주광역시 남구 진월동,경상사고,0,0,1,0,차대사람 - 보도통행중,보행자보호의무위반,건조,맑음,교차로 - 교차로안,승용,여,56세,상해없음,보행자,남,33세,경상
2013062400100032,2013년 6월 24일 04시,월요일,광주광역시 남구 사동,중상사고,0,1,0,0,차대사람 - 기타,안전운전불이행,건조,맑음,단일로 - 기타,승용,남,26세,상해없음,보행자,남,62세,중상
2013062400100060,2013년 6월 24일 06시,월요일,광주광역시 서구 쌍촌동,경상사고,0,0,1,0,차대사람 - 기타,안전운전불이행,건조,맑음,단일로 - 기타,승용,남,42세,기타불명,보행자,남,69세,경상
2013062400100159,2013년 6월 24일 09시,월요일,광주광역시 서구 금호동,중상사고,0,1,1,0,차대차 - 측면직각충돌,안전운전불이행,건조,맑음,교차로 - 교차로안,승용,여,38세,경상,승용,남,63세,중상
2013062400100237,2013년 6월 24일 12시,월요일,광주광역시 남구 진월동,경상사고,0,0,1,0,차대차 - 측면직각충돌,신호위반,건조,맑음,교차로 - 교차로안,승용,남,77세,상해없음,원동기,남,30세,경상
2013062400100260,2013년 6월 24일 13시,월요일,광주광역시 서구 매월동,경상사고,0,0,1,0,차대차 - 측면직각충돌,기타,건조,맑음,단일로 - 기타,승용,남,60세,상해없음,승용,여,32세,경상
2013062400100291,2013년 6월 24일 14시,월요일,광주광역시 동구 학동,경상사고,0,0,1,0,차대사람 - 횡단중,보행자보호의무위반,건조,맑음,단일로 - 횡단보도상,승용,남,57세,상해없음,보행자,남,56세,경상
2013062400100322,2013년 6월 24일 15시,월요일,광주광역시 광산구 산월동,경상사고,0,0,2,0,차대차 - 추돌 - 진행중,신호위반,건조,맑음,교차로 - 교차로안,승용,남,67세,상해없음,승용,남,29세,경상
2013062400100360,2013년 6월 24일 16시,월요일,광주광역시 서구 치평동,경상사고,0,0,1,0,차대차 - 측면직각충돌,안전거리미확보,건조,맑음,단일로 - 기타,승용,남,59세,상해없음,원동기,남,23세,경상
2013062400100361,2013년 6월 24일 16시,월요일,광주광역시 서구 동천동,경상사고,0,0,1,0,차대차 - 기타,차로위반,건조,맑음,교차로 - 교차로부근,승용,남,71세,상해없음,승용,남,60세,경상
2013062400100362,2013년 6월 24일 16시,월요일,광주광역시 북구 용두동,경상사고,0,0,1,0,차대사람 - 횡단중,신호위반,건조,맑음,교차로 - 교차로안,승용,여,30세,상해없음,보행자,여,14세,경상
2013062400100363,2013년 6월 24일 16시,월요일,광주광역시 북구 용봉동,중상사고,0,1,0,0,차대사람 - 횡단중,기타,건조,맑음,단일로 - 횡단보도상,승용,남,42세,상해없음,보행자,남,9세,중상
2013062400100364,2013년 6월 24일 16시,월요일,광주광역시 광산구 안청동,경상사고,0,0,4,0,차대차 - 측면직각충돌,직진우회전진행방해,건조,맑음,교차로 - 교차로안,승용,남,33세,경상,승용,남,47세,경상
2013062400100389,2013년 6월 24일 17시,월요일,광주광역시 광산구 쌍암동,경상사고,0,0,1,0,차대차 - 측면직각충돌,불법유턴,건조,맑음,단일로 - 기타,자전거,남,19세,경상,승합,남,49세,상해없음
2013062400100436,2013년 6월 24일 18시,월요일,광주광역시 서구 농성동,경상사고,0,0,1,0,차대차 - 기타,신호위반,건조,맑음,기타 - 기타,자전거,남,21세,경상,승용,여,36세,상해없음
2013062400100437,2013년 6월 24일 18시,월요일,광주광역시 남구 주월동,경상사고,0,0,1,0,차대사람 - 길가장자리구역통행중,안전운전불이행,건조,맑음,단일로 - 기타,특수,남,45세,상해없음,보행자,여,15세,경상
2013062400100473,2013년 6월 24일 19시,월요일,광주광역시 남구 봉선동,경상사고,0,0,1,0,차대차 - 기타,교차로운행방법위반,건조,맑음,교차로 - 교차로안,승용,남,52세,상해없음,원동기,남,54세,경상
2013062400100474,2013년 6월 24일 19시,월요일,광주광역시 광산구 도산동,중상사고,0,1,0,0,차대차 - 측면직각충돌,직진우회전진행방해,건조,맑음,교차로 - 교차로안,승용,남,54세,상해없음,자전거,여,7세,중상
2013062400100540,2013년 6월 24일 21시,월요일,광주광역시 북구 우산동,경상사고,0,0,2,0,차대차 - 추돌 - 주정차중,안전운전불이행,건조,맑음,단일로 - 기타,승용,남,57세,상해없음,화물,남,52세,경상
2013062400100541,2013년 6월 24일 21시,월요일,광주광역시 북구 용봉동,경상사고,0,0,1,0,차대사람 - 길가장자리구역통행중,안전운전불이행,건조,맑음,교차로 - 교차로부근,화물,남,40세,기타불명,보행자,남,18세,경상
2013062400100563,2013년 6월 24일 22시,월요일,광주광역시 서구 화정동,경상사고,0,0,1,0,차대차 - 측면직각충돌,중앙선침범,건조,맑음,단일로 - 기타,승용,남,32세,상해없음,이륜,남,41세,경상
2013062400100564,2013년 6월 24일 22시,월요일,광주광역시 남구 봉선동,경상사고,0,0,1,0,차대차 - 기타,안전거리미확보,건조,맑음,단일로 - 기타,원동기,남,16세,경상,승용,남,50세,상해없음
2013062400100565,2013년 6월 24일 22시,월요일,광주광역시 광산구 송정동,경상사고,0,0,1,0,차대차 - 추돌 - 진행중,교차로운행방법위반,건조,맑음,교차로 - 교차로안,원동기,남,27세,경상,승용,남,35세,상해없음
2013062500100057,2013년 6월 25일 03시,화요일,광주광역시 광산구 소촌동,경상사고,0,0,1,0,차량단독 - 기타,안전운전불이행,건조,맑음,교차로 - 교차로부근,승용,남,43세,상해없음,,,,
2013062500100156,2013년 6월 25일 08시,화요일,광주광역시 광산구 소촌동,경상사고,0,0,1,0,차대차 - 측면직각충돌,중앙선침범,건조,흐림,단일로 - 기타,승용,남,25세,상해없음,자전거,남,48세,경상
2013062500100244,2013년 6월 25일 11시,화요일,광주광역시 서구 광천동,경상사고,0,0,1,0,차대차 - 측면직각충돌,차로위반,건조,맑음,단일로 - 기타,화물,남,59세,상해없음,승용,여,44세,경상
2013062500100245,2013년 6월 25일 11시,화요일,광주광역시 광산구 장덕동,경상사고,0,0,2,0,차대차 - 추돌 - 주정차중,안전운전불이행,건조,맑음,교차로 - 교차로부근,승용,남,33세,상해없음,승용,여,31세,경상
2013062500100246,2013년 6월 25일 11시,화요일,광주광역시 광산구 송정동,경상사고,0,0,1,0,차대차 - 기타,안전운전불이행,건조,맑음,교차로 - 교차로안,승용,남,45세,상해없음,승용,여,59세,경상
2013062500100284,2013년 6월 25일 12시,화요일,광주광역시 동구 학동,사망사고,1,1,1,0,차대사람 - 횡단중,중앙선침범,건조,맑음,단일로 - 횡단보도상,승합,남,71세,상해없음,보행자,여,55세,중상