사고번호,사고일시,요일,시군구,사고내용,사망자수,중상자수,경상자수,부상신고자수,사고유형,법규위반,노면상태,기상상태,도로형태,가해운전자 차종,가해운전자 성별,가해운전자 연령,가해운전자 상해정도,피해운전자 차종,피해운전자 성별,피해운전자 연령,피해운전자 상해정도
2013063000100466,2013년 6월 30일 20시,일요일,광주광역시 남구 주월동,경상사고,0,0,1,0,차대차 - 측면직각충돌,교차로운행방법위반,건조,맑음,교차로 - 교차로안,이륜,남,17세,경상,승용,남,54세,상해없음
2013063000100517,2013년 6월 30일 22시,일요일,광주광역시 서구 화정동,경상사고,0,0,2,0,차대차 - 추돌 - 진행중,안전거리미확보,건조,맑음,단일로 - 기타,승용,남,27세,경상,승용,남,31세,상해없음
2013063000100518,2013년 6월 30일 22시,일요일,광주광역시 서구 화정동,경상사고,0,0,1,0,차대사람 - 차도통행중,안전운전불이행,건조,맑음,단일로 - 기타,화물,기타불명,기타불명,기타불명,보행자,남,38세,경상
2013063000100534,2013년 6월 30일 23시,일요일,광주광역시 서구 치평동,경상사고,0,0,1,0,차대차 - 측면직각충돌,신호위반,건조,맑음,교차로 - 교차로안,승용,남,56세,상해없음,승용,남,36세,경상
2013070100100011,2013년 7월 1일 00시,월요일,광주광역시 동구 산수동,중상사고,0,1,3,0,차대차 - 측면직각충돌,교차로운행방법위반,건조,맑음,교차로 - 교차로안,승용,남,50세,경상,승합,여,44세,경상
2013070100100024,2013년 7월 1일 02시,월요일,광주광역시 북구 운암동,경상사고,0,0,1,0,차대차 - 추돌 - 진행중,안전운전불이행,건조,맑음,단일로 - 기타,승용,남,53세,상해없음,승용,남,32세,경상
2013070100100025,2013년 7월 1일 02시,월요일,광주광역시 광산구 월전동,중상사고,0,1,0,0,차량단독 - 공작물충돌,안전운전불이행,건조,맑음,교차로 - 교차로부근,승용,남,50세,중상,,,,
2013070100100036,2013년 7월 1일 04시,월요일,광주광역시 서구 쌍촌동,중상사고,0,1,0,0,차대사람 - 횡단중,안전운전불이행,건조,맑음,교차로 - 교차로안,승용,남,49세,상해없음,보행자,남,33세,중상
2013070100100081,2013년 7월 1일 07시,월요일,광주광역시 동구 충장로5가,중상사고,0,1,0,0,차대차 - 기타,안전운전불이행,건조,맑음,교차로 - 교차로부근,화물,남,55세,상해없음,자전거,남,58세,중상
2013070100100082,2013년 7월 1일 07시,월요일,광주광역시 북구 운암동,경상사고,0,0,1,0,차대차 - 추돌 - 주정차중,안전운전불이행,건조,맑음,단일로 - 기타,화물,남,42세,상해없음,승용,남,24세,경상
2013070100100083,2013년 7월 1일 07시,월요일,광주광역시 북구 동림동,경상사고,0,0,1,0,차량단독 - 기타,안전운전불이행,건조,맑음,교차로 - 교차로부근,승합,남,45세,기타불명,,,,
2013070100100084,2013년 7월 1일 07시,월요일,광주광역시 광산구 흑석동,경상사고,0,0,2,0,차대차 - 측면직각충돌,신호위반,건조,맑음,교차로 - 교차로안,승합,남,29세,상해없음,승용,남,33세,경상
2013070100100117,2013년 7월 1일 08시,월요일,광주광역시 서구 금호동,중상사고,0,1,0,0,차대차 - 기타,기타,건조,맑음,단일로 - 기타,승용,여,39세,상해없음,자전거,남,72세,중상
2013070100100118,2013년 7월 1일 08시,월요일,광주광역시 남구 월산동,경상사고,0,0,2,0,차대차 - 측면직각충돌,중앙선침범,건조,맑음,교차로 - 교차로부근,승용,여,24세,경상,승합,남,58세,경상
2013070100100156,2013년 7월 1일 09시,월요일,광주광역시 북구 임동,경상사고,0,0,1,0,차대차 - 추돌 - 진행중,안전운전불이행,건조,맑음,단일로 - 교량,승용,남,21세,상해없음,승합,여,51세,경상
2013070100100237,2013년 7월 1일 12시,월요일,광주광역시 북구 용봉동,경상사고,0,0,1,0,차대차 - 추돌 - 진행중,안전거리미확보,건조,맑음,단일로 - 기타,승용,기타불명,기타불명,기타불명,이륜,남,55세,경상
2013070100100333,2013년 7월 1일 15시,월요일,광주광역시 서구 쌍촌동,경상사고,0,0,1,0,차대사람 - 기타,안전운전불이행,건조,맑음,단일로 - 기타,승용,남,56세,상해없음,보행자,여,12세,경상
2013070100100334,2013년 7월 1일 15시,월요일,광주광역시 남구 봉선동,중상사고,0,1,0,0,차대사람 - 차도통행중,안전운전불이행,건조,맑음,단일로 - 기타,승용,남,41세,상해없음,보행자,여,71세,중상
2013070100100335,2013년 7월 1일 15시,월요일,광주광역시 남구 방림동,경상사고,0,0,2,0,차대차 - 측면직각충돌,교차로운행방법위반,건조,맑음,교차로 - 교차로안,자전거,남,14세,경상,승용,남,64세,상해없음
2013070100100336,2013년 7월 1일 15시,월요일,광주광역시 남구 월산동,경상사고,0,0,1,0,차대사람 - 횡단중,신호위반,건조,맑음,단일로 - 횡단보도상,승용,남,66세,상해없음,보행자,남,40세,경상
2013070100100337,2013년 7월 1일 15시,월요일,광주광역시 북구 임동,경상사고,0,0,2,0,차대차 - 추돌 - 진행중,안전운전불이행,건조,맑음,단일로 - 교량,승용,남,61세,상해없음,승용,여,51세,경상
2013070100100368,2013년 7월 1일 16시,월요일,광주광역시 북구 우산동,경상사고,0,0,1,0,차대사람 - 횡단중,신호위반,건조,맑음,교차로 - 교차로부근,화물,여,44세,상해없음,보행자,남,11세,경상
2013070100100369,2013년 7월 1일 16시,월요일,광주광역시 북구 신용동,경상사고,0,0,1,0,차대차 - 기타,안전운전불이행,건조,맑음,교차로 - 교차로안,건설기계,남,45세,상해없음,승용,남,52세,경상
2013070100100370,2013년 7월 1일 16시,월요일,광주광역시 북구 두암동,경상사고,0,0,1,0,차대차 - 측면직각충돌,중앙선침범,건조,맑음,단일로 - 기타,승용,여,45세,상해없음,승용,여,51세,경상
2013070100100371,2013년 7월 1일 16시,월요일,광주광역시 광산구 송정동,중상사고,0,1,0,0,차대차 - 측면직각충돌,신호위반,건조,맑음,교차로 - 교차로안,승용,남,61세,상해없음,이륜,남,58세,중상
2013070100100427,2013년 7월 1일 18시,월요일,광주광역시 서구 광천동,중상사고,0,1,0,0,차대사람 - 횡단중,안전운전불이행,건조,맑음,단일로 - 기타,화물,남,66세,상해없음,보행자,남,50세,중상
2013070100100428,2013년 7월 1일 18시,월요일,광주광역시 북구 신안동,경상사고,0,0,2,0,차대차 - 기타,안전운전불이행,건조,맑음,교차로 - 교차로부근,기타불명,기타불명,기타불명,기타불명,승용,여,46세,경상
2013070100100459,2013년 7월 1일 19시,월요일,광주광역시 북구 장등동,경상사고,0,0,3,0,차대차 - 추돌 - 주정차중,안전운전불이행,건조,맑음,단일로 - 기타,승용,여,52세,상해없음,승용,여,52세,경상
2013070100100525,2013년 7월 1일 21시,월요일,광주광역시 남구 방림동,경상사고,0,0,3,0,차대차 - 정면충돌,안전운전불이행,습기,흐림,교차로 - 교차로안,승용,남,28세,상해없음,승용,남,56세,경상
2013070100100553,2013년 7월 1일 22시,월요일,광주광역시 남구 진월동,경상사고,0,0,1,0,차대사람 - 기타,안전운전불이행,건조,맑음,단일로 - 기타,승용,남,25세,상해없음,보행자,남,33세,경상
2013070100100554,2013년 7월 1일 22시,월요일,광주광역시 광산구 수완동,경상사고,0,0,1,0,차대차 - 추돌 - 주정차중,안전운전불이행,건조,맑음,단일로 - 기타,원동기,남,16세,경상,승용,남,43세,상해없음
2013070200100015,2013년 7월 2일 00시,화요일,광주광역시 서구 화정동,경상사고,0,0,3,0,차대차 - 기타,안전운전불이행,건조,맑음,단일로 - 기타,승용,남,41세,상해없음,승용,남,25세,경상
2013070200100033,2013년 7월 2일 01시,화요일,광주광역시 서구 유촌동,경상사고,0,0,1,0,차대차 - 추돌 - 주정차중,안전거리미확보,건조,흐림,단일로 - 기타,승용,여,38세,상해없음,승용,남,28세,경상
2013070200100041,2013년 7월 2일 02시,화요일,광주광역시 서구 금호동,경상사고,0,0,1,0,차대차 - 추돌 - 주정차중,안전운전불이행,건조,맑음,교차로 - 교차로안,승용,남,26세,상해없음,승용,남,56세,경상
2013070200100191,2013년 7월 2일 09시,화요일,광주광역시 북구 중흥동,중상사고,0,1,0,0,차대사람 - 횡단중,안전운전불이행,건조,맑음,단일로 - 기타,승용,남,20세,상해없음,보행자,여,61세,중상
2013070200100192,2013년 7월 2일 09시,화요일,광주광역시 북구 운암동,경상사고,0,0,1,0,차량단독 - 기타,안전운전불이행,건조,맑음,교차로 - 교차로안,승합,남,51세,상해없음,,,,
2013070200100193,2013년 7월 2일 09시,화요일,광주광역시 북구 운암동,경상사고,0,0,1,0,차대차 - 추돌 - 주정차중,안전운전불이행,건조,맑음,단일로 - 기타,승용,남,19세,상해없음,승용,남,44세,경상
2013070200100237,2013년 7월 2일 11시,화요일,광주광역시 북구 용봉동,경상사고,0,0,1,0,차대사람 - 차도통행중,안전운전불이행,건조,맑음,단일로 - 기타,승용,여,28세,상해없음,보행자,남,38세,경상
2013070200100276,2013년 7월 2일 13시,화요일,광주광역시 동구 계림동,중상사고,0,1,0,0,차대차 - 기타,교차로운행방법위반,건조,맑음,교차로 - 교차로안,자전거,남,79세,중상,승용,여,46세,상해없음
2013070200100375,2013년 7월 2일 16시,화요일,광주광역시 서구 풍암동,경상사고,0,0,1,0,차대차 - 추돌 - 주정차중,불법유턴,건조,맑음,교차로 - 교차로안,승합,남,37세,상해없음,승용,여,49세,경상
2013070200100376,2013년 7월 2일 16시,화요일,광주광역시 북구 풍향동,중상사고,0,1,0,0,차대사람 - 기타,안전운전불이행,건조,맑음,단일로 - 기타,화물,남,41세,상해없음,보행자,여,62세,중상
2013070200100414,2013년 7월 2일 17시,화요일,광주광역시 동구 황금동,중상사고,0,1,0,0,차대사람 - 횡단중,안전운전불이행,건조,맑음,단일로 - 기타,화물,남,43세,상해없음,보행자,남,45세,중상
2013070200100415,2013년 7월 2일 17시,화요일,광주광역시 북구 신안동,경상사고,0,0,1,0,차대사람 - 기타,안전운전불이행,건조,맑음,교차로 - 교차로안,승용,남,55세,상해없음,보행자,여,13세,경상
2013070200100416,2013년 7월 2일 17시,화요일,광주광역시 광산구 신가동,경상사고,0,0,2,0,차대차 - 추돌 - 주정차중,기타,건조,맑음,교차로 - 교차로부근,승용,여,53세,상해없음,승용,여,40세,경상
2013070200100524,2013년 7월 2일 20시,화요일,광주광역시 서구 화정동,경상사고,0,0,2,0,차대차 - 측면직각충돌,불법유턴,건조,맑음,교차로 - 교차로부근,승용,남,59세,경상,승합,남,60세,경상
2013070200100525,2013년 7월 2일 20시,화요일,광주광역시 남구 방림동,경상사고,0,0,1,0,차대차 - 측면직각충돌,신호위반,습기,비,교차로 - 교차로안,승용,남,61세,상해없음,승용,남,72세,경상
2013070200100564,2013년 7월 2일 21시,화요일,광주광역시 광산구 신촌동,경상사고,0,0,1,0,차대사람 - 횡단중,안전운전불이행,건조,흐림,단일로 - 기타,승합,남,51세,상해없음,보행자,남,41세,경상
2013070300100019,2013년 7월 3일 00시,수요일,광주광역시 광산구 쌍암동,경상사고,0,0,1,0,차대차 - 측면직각충돌,신호위반,습기,비,교차로 - 교차로안,승용,기타불명,기타불명,기타불명,승용,여,42세,경상
2013070300100086,2013년 7월 3일 06시,수요일,광주광역시 서구 유촌동,경상사고,0,0,1,0,차대차 - 추돌 - 진행중,안전운전불이행,습기,비,단일로 - 기타,화물,남,44세,상해없음,화물,남,57세,경상
2013070300100111,2013년 7월 3일 07시,수요일,광주광역시 광산구 신창동,경상사고,0,0,1,0,차대차 - 추돌 - 진행중,안전거리미확보,습기,비,단일로 - 기타,승용,남,50세,상해없음,승용,남,61세,경상
2013070300100143,2013년 7월 3일 08시,수요일,광주광역시 동구 산수동,경상사고,0,0,2,0,차대차 - 추돌 - 진행중,중앙선침범,습기,비,교차로 - 교차로부근,승용,여,55세,상해없음,승용,여,29세,경상
2013070300100144,2013년 7월 3일 08시,수요일,광주광역시 광산구 소촌동,경상사고,0,0,5,0,차대차 - 측면직각충돌,교차로운행방법위반,습기,비,교차로 - 교차로안,승용,여,37세,경상,승용,여,32세,경상
2013070300100145,2013년 7월 3일 08시,수요일,광주광역시 광산구 신창동,경상사고,0,0,1,1,차대차 - 측면직각충돌,신호위반,습기,비,교차로 - 교차로안,승용,여,71세,부상신고,승용,여,46세,경상
2013070300100196,2013년 7월 3일 10시,수요일,광주광역시 광산구 장록동,경상사고,0,0,1,0,차대차 - 추돌 - 진행중,안전거리미확보,건조,맑음,교차로 - 교차로안,승용,남,22세,상해없음,화물,남,49세,경상
2013070300100197,2013년 7월 3일 10시,수요일,광주광역시 광산구 운남동,경상사고,0,0,1,0,차대차 - 기타,안전거리미확보,습기,비,교차로 - 교차로부근,승용,남,23세,상해없음,승용,남,40세,경상
2013070300100224,2013년 7월 3일 11시,수요일,광주광역시 북구 중흥동,중상사고,0,1,0,0,차대차 - 측면직각충돌,교차로운행방법위반,건조,맑음,교차로 - 교차로안,승용,남,38세,상해없음,원동기,남,39세,중상
2013070300100254,2013년 7월 3일 12시,수요일,광주광역시 동구 계림동,경상사고,0,0,1,0,차대차 - 측면직각충돌,안전운전불이행,습기,비,단일로 - 기타,승용,남,52세,상해없음,이륜,남,41세,경상
2013070300100279,2013년 7월 3일 13시,수요일,광주광역시 남구 주월동,중상사고,0,1,0,0,차대사람 - 기타,안전운전불이행,건조,맑음,단일로 - 기타,승용,여,55세,상해없음,보행자,남,59세,중상
2013070300100306,2013년 7월 3일 14시,수요일,광주광역시 북구 동림동,중상사고,0,1,2,0,차대차 - 기타,안전운전불이행,건조,맑음,교차로 - 교차로안,원동기,남,71세,중상,승용,여,49세,경상
2013070300100461,2013년 7월 3일 18시,수요일,광주광역시 광산구 신창동,경상사고,0,0,2,0,차대차 - 측면직각충돌,신호위반,건조,흐림,교차로 - 교차로안,승용,남,59세,기타불명,승용,여,42세,경상
2013070300100488,2013년 7월 3일 19시,수요일,광주광역시 동구 학동,중상사고,0,1,0,0,차대차 - 측면직각충돌,중앙선침범,건조,흐림,단일로 - 기타,승용,남,29세,상해없음,이륜,남,19세,중상
2013070300100517,2013년 7월 3일 20시,수요일,광주광역시 동구 학동,중상사고,0,2,2,0,차대차 - 정면충돌,신호위반,건조,흐림,교차로 - 교차로안,승합,남,30세,상해없음,승용,여,49세,중상
2013070300100518,2013년 7월 3일 20시,수요일,광주광역시 서구 쌍촌동,경상사고,0,0,3,0,차대차 - 기타,교차로운행방법위반,건조,맑음,교차로 - 교차로부근,승용,남,30세,상해없음,승용,여,44세,경상
2013070300100555,2013년 7월 3일 21시,수요일,광주광역시 동구 산수동,부상신고사고,0,0,0,1,차대차 - 기타,안전운전불이행,습기,흐림,교차로 - 교차로안,기타불명,기타불명,기타불명,기타불명,이륜,남,17세,부상신고
2013070300100556,2013년 7월 3일 21시,수요일,광주광역시 북구 문흥동,경상사고,0,0,1,0,차대사람 - 길가장자리구역통행중,안전운전불이행,건조,맑음,단일로 - 기타,승용,남,48세,상해없음,보행자,남,32세,경상
2013070300100583,2013년 7월 3일 22시,수요일,광주광역시 서구 쌍촌동,경상사고,0,0,2,0,차대차 - 추돌 - 주정차중,안전운전불이행,건조,맑음,교차로 - 교차로부근,승합,남,34세,상해없음,승용,남,36세,경상
2013070300100584,2013년 7월 3일 22시,수요일,광주광역시 서구 쌍촌동,경상사고,0,0,2,0,차대차 - 측면직각충돌,안전거리미확보,건조,맑음,교차로 - 교차로안,승용,남,54세,상해없음,이륜,남,22세,경상
2013070300100585,2013년 7월 3일 22시,수요일,광주광역시 북구 두암동,경상사고,0,0,1,0,차대차 - 측면직각충돌,신호위반,건조,흐림,교차로 - 교차로안,원동기,남,38세,상해없음,승용,남,55세,경상
2013070300100586,2013년 7월 3일 22시,수요일,광주광역시 광산구 신가동,사망사고,1,0,0,0,차대차 - 측면직각충돌,과속,건조,흐림,단일로 - 기타,승용,남,73세,상해없음,자전거,남,56세,사망
2013070300100609,2013년 7월 3일 23시,수요일,광주광역시 북구 두암동,사망사고,1,0,0,0,차대차 - 추돌 - 주정차중,기타,습기,비,단일로 - 기타,화물,남,56세,상해없음,화물,남,42세,사망
2013070400100021,2013년 7월 4일 00시,목요일,광주광역시 광산구 신촌동,경상사고,0,0,1,0,차대차 - 측면직각충돌,중앙선침범,건조,흐림,단일로 - 기타,승용,남,36세,경상,승용,남,63세,상해없음
2013070400100039,2013년 7월 4일 01시,목요일,광주광역시 서구 치평동,경상사고,0,0,5,0,차대차 - 기타,교차로운행방법위반,습기,비,교차로 - 교차로안,승용,남,53세,경상,승용,남,38세,경상
2013070400100062,2013년 7월 4일 03시,목요일,광주광역시 광산구 신촌동,중상사고,0,1,0,0,차량단독 - 공작물충돌,안전운전불이행,습기,비,단일로 - 기타,승용,남,35세,중상,,,,
2013070400100112,2013년 7월 4일 07시,목요일,광주광역시 남구 주월동,경상사고,0,0,1,0,차대차 - 측면직각충돌,차로위반,건조,맑음,단일로 - 기타,승용,남,39세,상해없음,승용,남,31세,경상
2013070400100113,2013년 7월 4일 07시,목요일,광주광역시 광산구 송촌동,중상사고,0,2,3,0,차대차 - 측면직각충돌,안전운전불이행,건조,맑음,단일로 - 기타,승용,여,51세,중상,승용,여,42세,중상
2013070400100150,2013년 7월 4일 08시,목요일,광주광역시 동구 금동,경상사고,0,0,1,0,차대차 - 측면직각충돌,안전거리미확보,건조,흐림,단일로 - 기타,화물,남,61세,상해없음,승용,남,25세,경상
2013070400100151,2013년 7월 4일 08시,목요일,광주광역시 북구 운암동,경상사고,0,0,1,0,차대사람 - 길가장자리구역통행중,안전운전불이행,건조,맑음,단일로 - 기타,승용,남,72세,기타불명,보행자,남,15세,경상
2013070400100201,2013년 7월 4일 10시,목요일,광주광역시 북구 동림동,중상사고,0,1,0,0,차대사람 - 기타,기타,건조,맑음,교차로 - 교차로부근,화물,여,45세,상해없음,보행자,여,47세,중상
2013070400100230,2013년 7월 4일 11시,목요일,광주광역시 북구 매곡동,중상사고,0,1,1,0,차대차 - 추돌 - 진행중,안전운전불이행,습기,흐림,단일로 - 기타,승합,남,51세,상해없음,승용,남,37세,경상
2013070400100231,2013년 7월 4일 11시,목요일,광주광역시 북구 용봉동,경상사고,0,0,1,0,차대차 - 측면직각충돌,차로위반,건조,맑음,단일로 - 기타,승용,여,51세,상해없음,승용,여,43세,경상
2013070400100254,2013년 7월 4일 12시,목요일,광주광역시 북구 용봉동,중상사고,0,1,0,0,차대사람 - 횡단중,보행자보호의무위반,습기,흐림,단일로 - 횡단보도상,화물,남,53세,상해없음,보행자,여,50세,중상
2013070400100255,2013년 7월 4일 12시,목요일,광주광역시 북구 용봉동,경상사고,0,0,2,0,차대차 - 기타,교차로운행방법위반,건조,맑음,교차로 - 교차로안,승용,여,42세,경상,승용,남,41세,경상
2013070400100301,2013년 7월 4일 14시,목요일,광주광역시 북구 오치동,경상사고,0,0,1,0,차대사람 - 차도통행중,안전운전불이행,습기,비,단일로 - 기타,승용,남,65세,상해없음,보행자,여,16세,경상
2013070400100302,2013년 7월 4일 14시,목요일,광주광역시 북구 풍향동,경상사고,0,0,1,0,차대차 - 측면직각충돌,안전운전불이행,건조,맑음,단일로 - 기타,승용,남,68세,상해없음,자전거,여,62세,경상
2013070400100383,2013년 7월 4일 17시,목요일,광주광역시 동구 계림동,경상사고,0,0,1,0,차대차 - 추돌 - 주정차중,안전거리미확보,습기,비,단일로 - 기타,승용,기타불명,기타불명,기타불명,승용,여,58세,경상
2013070400100384,2013년 7월 4일 17시,목요일,광주광역시 서구 쌍촌동,경상사고,0,0,3,0,차대차 - 추돌 - 주정차중,안전운전불이행,습기,비,단일로 - 기타,승용,남,54세,상해없음,승용,남,19세,경상
2013070400100385,2013년 7월 4일 17시,목요일,광주광역시 광산구 산정동,사망사고,3,4,0,0,차대차 - 추돌 - 진행중,과속,습기,비,단일로 - 기타,승용,여,33세,중상,승용,남,67세,사망
2013070400100386,2013년 7월 4일 17시,목요일,광주광역시 광산구 우산동,경상사고,0,0,4,0,차대차 - 추돌 - 진행중,안전거리미확보,습기,비,단일로 - 기타,승용,남,19세,상해없음,승용,남,40세,경상
2013070400100459,2013년 7월 4일 19시,목요일,광주광역시 동구 동명동,경상사고,0,0,2,0,차대차 - 기타,안전거리미확보,건조,맑음,기타 - 기타,화물,남,28세,상해없음,승용,남,37세,경상
2013070400100508,2013년 7월 4일 20시,목요일,광주광역시 서구 덕흥동,경상사고,0,0,1,0,차대차 - 추돌 - 진행중,안전거리미확보,습기,비,단일로 - 기타,승용,남,26세,상해없음,승용,남,34세,상해없음
2013070400100509,2013년 7월 4일 20시,목요일,광주광역시 광산구 운남동,경상사고,0,0,2,0,차대차 - 추돌 - 주정차중,안전운전불이행,습기,비,단일로 - 기타,승용,남,29세,상해없음,승용,남,49세,경상
2013070400100555,2013년 7월 4일 21시,목요일,광주광역시 북구 양산동,경상사고,0,0,1,1,차대차 - 기타,안전거리미확보,습기,비,단일로 - 교량,승용,남,43세,부상신고,승용,남,53세,상해없음
2013070400100612,2013년 7월 4일 22시,목요일,광주광역시 북구 중흥동,경상사고,0,0,1,0,차량단독 - 공작물충돌,안전운전불이행,습기,비,교차로 - 교차로안,승용,남,40세,상해없음,,,,
2013070400100613,2013년 7월 4일 22시,목요일,광주광역시 북구 풍향동,중상사고,0,1,0,0,차대사람 - 기타,안전운전불이행,습기,비,교차로 - 교차로부근,승용,남,58세,상해없음,보행자,남,60세,중상
2013070400100614,2013년 7월 4일 22시,목요일,광주광역시 광산구 도산동,경상사고,0,0,2,0,차대차 - 추돌 - 진행중,불법유턴,건조,맑음,교차로 - 교차로부근,승용,남,30세,상해없음,승용,남,40세,경상
2013070400100654,2013년 7월 4일 23시,목요일,광주광역시 서구 화정동,경상사고,0,0,1,0,차대차 - 측면직각충돌,안전운전불이행,습기,비,교차로 - 교차로부근,승용,남,33세,상해없음,이륜,남,45세,경상
2013070500100031,2013년 7월 5일 00시,금요일,광주광역시 서구 화정동,중상사고,0,1,3,0,차대차 - 추돌 - 진행중,신호위반,습기,비,교차로 - 교차로안,승용,남,54세,상해없음,승용,여,45세,중상
2013070500100032,2013년 7월 5일 00시,금요일,광주광역시 북구 용봉동,경상사고,0,0,3,0,차대차 - 측면직각충돌,신호위반,습기,비,교차로 - 교차로안,승용,남,49세,상해없음,승용,남,47세,상해없음
2013070500100033,2013년 7월 5일 00시,금요일,광주광역시 광산구 운남동,경상사고,0,0,1,1,차량단독 - 전도전복,안전운전불이행,습기,비,단일로 - 기타,승용,남,47세,부상신고,,,,
2013070500100051,2013년 7월 5일 01시,금요일,광주광역시 광산구 신가동,경상사고,0,0,1,0,차대차 - 추돌 - 주정차중,안전운전불이행,습기,비,단일로 - 기타,승용,남,43세,기타불명,승용,여,23세,경상
2013070500100052,2013년 7월 5일 01시,금요일,광주광역시 광산구 우산동,중상사고,0,1,0,0,차량단독 - 기타,안전운전불이행,습기,비,단일로 - 기타,승용,남,54세,상해없음,,,,
2013070500100169,2013년 7월 5일 08시,금요일,광주광역시 북구 북동,경상사고,0,0,3,0,차대차 - 기타,안전거리미확보,습기,비,교차로 - 교차로안,승용,여,29세,기타불명,승용,여,40세,경상
2013070500100291,2013년 7월 5일 13시,금요일,광주광역시 광산구 운수동,경상사고,0,0,4,0,차대차 - 기타,교차로운행방법위반,습기,비,교차로 - 교차로안,승용,여,44세,상해없음,승용,남,71세,경상
2013070500100360,2013년 7월 5일 15시,금요일,광주광역시 서구 금호동,경상사고,0,0,1,0,차대차 - 추돌 - 진행중,안전운전불이행,건조,맑음,교차로 - 교차로부근,승용,남,19세,상해없음,승용,남,51세,경상
2013070500100361,2013년 7월 5일 15시,금요일,광주광역시 서구 유촌동,중상사고,0,1,1,0,차대차 - 측면직각충돌,신호위반,습기,비,교차로 - 교차로안,승용,여,53세,상해없음,승용,남,50세,경상
2013070500100362,2013년 7월 5일 15시,금요일,광주광역시 서구 화정동,경상사고,0,0,1,0,차대차 - 추돌 - 주정차중,안전운전불이행,습기,비,단일로 - 기타,승용,남,54세,상해없음,승용,남,42세,경상
2013070500100363,2013년 7월 5일 15시,금요일,광주광역시 남구 백운동,경상사고,0,0,1,0,차대차 - 기타,안전운전불이행,건조,맑음,단일로 - 기타,승용,남,51세,기타불명,승용,남,35세,경상
2013070500100431,2013년 7월 5일 17시,금요일,광주광역시 북구 신안동,경상사고,0,0,1,0,차대차 - 기타,안전거리미확보,건조,맑음,단일로 - 기타,승용,남,48세,상해없음,화물,남,51세,상해없음
2013070500100432,2013년 7월 5일 17시,금요일,광주광역시 북구 운암동,중상사고,0,1,0,0,차대차 - 측면직각충돌,안전운전불이행,습기,비,단일로 - 기타,승용,여,28세,상해없음,원동기,남,32세,중상
2013070500100433,2013년 7월 5일 17시,금요일,광주광역시 광산구 장덕동,사망사고,1,3,0,0,차대차 - 기타,신호위반,습기,맑음,교차로 - 교차로안,승용,남,36세,상해없음,승용,남,30세,중상
2013070500100474,2013년 7월 5일 18시,금요일,광주광역시 동구 학동,경상사고,0,0,1,0,차대사람 - 길가장자리구역통행중,안전운전불이행,습기,흐림,단일로 - 기타,승용,여,28세,상해없음,보행자,여,48세,경상
2013070500100507,2013년 7월 5일 19시,금요일,광주광역시 남구 주월동,경상사고,0,0,1,0,차대차 - 측면직각충돌,안전운전불이행,건조,맑음,단일로 - 기타,승용,남,60세,상해없음,승용,남,43세,경상
2013070500100508,2013년 7월 5일 19시,금요일,광주광역시 북구 신안동,중상사고,0,2,0,0,차대차 - 측면직각충돌,안전운전불이행,건조,맑음,교차로 - 교차로안,승용,남,49세,상해없음,원동기,남,15세,중상
2013070500100545,2013년 7월 5일 20시,금요일,광주광역시 북구 각화동,경상사고,0,0,1,0,차대차 - 측면직각충돌,신호위반,습기,비,교차로 - 교차로안,승용,남,53세,상해없음,승용,남,45세,경상
2013070500100546,2013년 7월 5일 20시,금요일,광주광역시 광산구 쌍암동,경상사고,0,0,1,0,차대차 - 기타,안전운전불이행,습기,비,교차로 - 교차로안,승용,기타불명,기타불명,기타불명,자전거,여,67세,경상
2013070500100585,2013년 7월 5일 21시,금요일,광주광역시 동구 산수동,경상사고,0,0,1,0,차대차 - 측면직각충돌,교차로운행방법위반,습기,비,교차로 - 교차로안,원동기,남,18세,경상,승용,남,30세,상해없음
2013070500100586,2013년 7월 5일 21시,금요일,광주광역시 서구 서창동,경상사고,0,0,2,0,차대차 - 정면충돌,중앙선침범,건조,흐림,교차로 - 교차로부근,승용,남,55세,상해없음,승용,남,32세,경상
2013070500100587,2013년 7월 5일 21시,금요일,광주광역시 서구 풍암동,경상사고,0,0,1,0,차대사람 - 기타,안전운전불이행,습기,비,기타 - 기타,화물,남,49세,상해없음,보행자,남,42세,경상
2013070500100588,2013년 7월 5일 21시,금요일,광주광역시 서구 광천동,경상사고,0,0,1,0,차대차 - 기타,안전운전불이행,습기,흐림,단일로 - 기타,승용,여,49세,경상,승용,남,34세,상해없음
2013070500100589,2013년 7월 5일 21시,금요일,광주광역시 남구 백운동,중상사고,0,1,0,0,차대차 - 측면직각충돌,신호위반,습기,비,교차로 - 교차로안,승합,남,44세,상해없음,이륜,남,24세,중상
2013070500100590,2013년 7월 5일 21시,금요일,광주광역시 북구 신안동,경상사고,0,0,1,0,차대차 - 추돌 - 진행중,안전운전불이행,습기,비,단일로 - 기타,승용,남,46세,상해없음,화물,남,47세,경상
2013070500100591,2013년 7월 5일 21시,금요일,광주광역시 북구 양산동,경상사고,0,0,1,0,차대차 - 추돌 - 진행중,안전운전불이행,습기,비,단일로 - 기타,화물,남,45세,상해없음,이륜,남,18세,경상
2013070500100633,2013년 7월 5일 22시,금요일,광주광역시 북구 두암동,중상사고,0,1,1,0,차대차 - 추돌 - 진행중,안전운전불이행,습기,비,단일로 - 기타,화물,남,38세,상해없음,원동기,남,39세,중상