사고번호,사고일시,요일,시군구,사고내용,사망자수,중상자수,경상자수,부상신고자수,사고유형,법규위반,노면상태,기상상태,도로형태,가해운전자 차종,가해운전자 성별,가해운전자 연령,가해운전자 상해정도,피해운전자 차종,피해운전자 성별,피해운전자 연령,피해운전자 상해정도
2013071900100046,2013년 7월 19일 01시,금요일,광주광역시 서구 쌍촌동,경상사고,0,0,2,0,차대차 - 추돌 - 주정차중,안전운전불이행,건조,맑음,교차로 - 교차로부근,승용,여,37세,상해없음,승용,남,29세,경상
2013071900100066,2013년 7월 19일 04시,금요일,광주광역시 서구 풍암동,경상사고,0,0,1,0,차대차 - 측면직각충돌,교차로운행방법위반,건조,맑음,교차로 - 교차로안,화물,남,49세,상해없음,승용,여,26세,경상
2013071900100090,2013년 7월 19일 06시,금요일,광주광역시 동구 선교동,경상사고,0,0,2,0,차대차 - 추돌 - 진행중,안전운전불이행,건조,맑음,단일로 - 기타,승용,여,53세,경상,승용,여,24세,경상
2013071900100178,2013년 7월 19일 09시,금요일,광주광역시 서구 농성동,경상사고,0,0,2,0,차대차 - 추돌 - 주정차중,안전거리미확보,건조,맑음,단일로 - 기타,승용,남,34세,상해없음,승용,남,59세,경상
2013071900100203,2013년 7월 19일 10시,금요일,광주광역시 동구 계림동,경상사고,0,0,2,0,차대차 - 측면직각충돌,안전운전불이행,건조,맑음,단일로 - 기타,승용,남,28세,상해없음,승용,여,40세,경상
2013071900100230,2013년 7월 19일 11시,금요일,광주광역시 광산구 장덕동,부상신고사고,0,0,0,1,차대차 - 추돌 - 진행중,안전거리미확보,건조,맑음,교차로 - 교차로부근,승용,남,65세,상해없음,승용,여,39세,부상신고
2013071900100333,2013년 7월 19일 14시,금요일,광주광역시 북구 오치동,경상사고,0,0,1,0,차대차 - 기타,안전거리미확보,건조,맑음,단일로 - 기타,승용,남,40세,상해없음,승용,남,51세,경상
2013071900100334,2013년 7월 19일 14시,금요일,광주광역시 광산구 운남동,경상사고,0,0,2,0,차대차 - 추돌 - 주정차중,안전운전불이행,건조,맑음,단일로 - 교량,승용,남,46세,상해없음,승용,여,35세,경상
2013071900100365,2013년 7월 19일 15시,금요일,광주광역시 동구 대인동,중상사고,0,1,0,0,차대사람 - 횡단중,안전운전불이행,건조,맑음,단일로 - 기타,승용,남,39세,상해없음,보행자,여,62세,중상
2013071900100392,2013년 7월 19일 16시,금요일,광주광역시 서구 화정동,경상사고,0,0,3,0,차대차 - 측면직각충돌,교차로운행방법위반,건조,맑음,교차로 - 교차로안,승용,남,26세,상해없음,승용,남,43세,경상
2013071900100393,2013년 7월 19일 16시,금요일,광주광역시 북구 문흥동,경상사고,0,0,1,0,차대차 - 측면직각충돌,교차로운행방법위반,건조,맑음,교차로 - 교차로안,원동기,남,15세,상해없음,승용,여,22세,경상
2013071900100434,2013년 7월 19일 17시,금요일,광주광역시 서구 풍암동,경상사고,0,0,1,0,차대차 - 측면직각충돌,안전운전불이행,건조,맑음,단일로 - 기타,화물,남,52세,상해없음,승용,여,60세,경상
2013071900100492,2013년 7월 19일 18시,금요일,광주광역시 북구 북동,경상사고,0,0,3,0,차대차 - 추돌 - 진행중,안전거리미확보,건조,맑음,기타 - 기타,승용,남,62세,상해없음,승용,남,31세,경상
2013071900100629,2013년 7월 19일 22시,금요일,광주광역시 서구 쌍촌동,경상사고,0,0,1,0,차대사람 - 기타,안전운전불이행,건조,맑음,단일로 - 기타,이륜,남,73세,상해없음,보행자,여,54세,경상
2013071900100655,2013년 7월 19일 23시,금요일,광주광역시 서구 유촌동,경상사고,0,0,3,0,차대차 - 측면직각충돌,교차로운행방법위반,건조,맑음,단일로 - 기타,승용,여,52세,상해없음,화물,남,54세,경상
2013071900100656,2013년 7월 19일 23시,금요일,광주광역시 광산구 도산동,부상신고사고,0,0,0,1,차대사람 - 차도통행중,안전운전불이행,건조,맑음,단일로 - 기타,승용,여,29세,상해없음,보행자,남,25세,부상신고
2013072000100031,2013년 7월 20일 00시,토요일,광주광역시 서구 치평동,경상사고,0,0,1,0,차대차 - 추돌 - 주정차중,안전운전불이행,건조,맑음,단일로 - 기타,승용,여,32세,상해없음,승용,여,35세,경상
2013072000100089,2013년 7월 20일 03시,토요일,광주광역시 북구 용봉동,부상신고사고,0,0,0,1,차대사람 - 길가장자리구역통행중,안전운전불이행,건조,맑음,단일로 - 기타,승합,남,49세,상해없음,보행자,남,24세,부상신고
2013072000100105,2013년 7월 20일 04시,토요일,광주광역시 동구 대의동,경상사고,0,0,1,0,차대차 - 측면직각충돌,안전운전불이행,건조,맑음,교차로 - 교차로부근,승용,여,58세,상해없음,승용,남,44세,상해없음
2013072000100106,2013년 7월 20일 04시,토요일,광주광역시 동구 서석동,경상사고,0,0,1,0,차량단독 - 공작물충돌,안전운전불이행,건조,맑음,단일로 - 기타,승용,남,19세,상해없음,,,,
2013072000100122,2013년 7월 20일 05시,토요일,광주광역시 서구 농성동,중상사고,0,1,0,0,차대사람 - 횡단중,안전운전불이행,건조,맑음,단일로 - 횡단보도상,승용,남,47세,상해없음,보행자,여,73세,중상
2013072000100147,2013년 7월 20일 06시,토요일,광주광역시 동구 학동,경상사고,0,0,1,0,차대사람 - 길가장자리구역통행중,안전운전불이행,건조,맑음,단일로 - 기타,승용,여,53세,상해없음,보행자,여,57세,경상
2013072000100148,2013년 7월 20일 06시,토요일,광주광역시 서구 쌍촌동,경상사고,0,0,3,0,차대차 - 기타,교차로운행방법위반,건조,맑음,교차로 - 교차로안,승용,남,46세,경상,승용,남,64세,경상
2013072000100164,2013년 7월 20일 07시,토요일,광주광역시 북구 양산동,중상사고,0,1,0,0,차대차 - 측면직각충돌,교차로운행방법위반,건조,맑음,교차로 - 교차로안,승합,남,48세,기타불명,승용,남,20세,중상
2013072000100304,2013년 7월 20일 12시,토요일,광주광역시 광산구 우산동,경상사고,0,0,5,0,차대차 - 측면직각충돌,교차로운행방법위반,건조,맑음,교차로 - 교차로안,승용,여,39세,경상,승용,남,28세,경상
2013072000100341,2013년 7월 20일 13시,토요일,광주광역시 서구 농성동,중상사고,0,1,0,0,차대사람 - 횡단중,안전운전불이행,건조,맑음,교차로 - 교차로부근,승용,남,43세,상해없음,보행자,남,75세,중상
2013072000100342,2013년 7월 20일 13시,토요일,광주광역시 광산구 신창동,중상사고,0,1,0,0,차대사람 - 횡단중,보행자보호의무위반,건조,맑음,교차로 - 교차로안,이륜,여,18세,상해없음,보행자,여,12세,중상
2013072000100449,2013년 7월 20일 16시,토요일,광주광역시 서구 유촌동,중상사고,0,1,0,0,차대차 - 측면직각충돌,교차로운행방법위반,건조,맑음,교차로 - 교차로안,승용,여,41세,상해없음,자전거,여,67세,중상
2013072000100450,2013년 7월 20일 16시,토요일,광주광역시 광산구 쌍암동,경상사고,0,0,1,0,차대사람 - 횡단중,안전운전불이행,건조,맑음,교차로 - 교차로안,승용,남,41세,상해없음,보행자,남,34세,경상
2013072000100510,2013년 7월 20일 18시,토요일,광주광역시 북구 오치동,경상사고,0,0,2,0,차대차 - 추돌 - 주정차중,안전거리미확보,건조,맑음,단일로 - 기타,승용,남,55세,상해없음,승용,여,49세,상해없음
2013072000100511,2013년 7월 20일 18시,토요일,광주광역시 북구 용두동,경상사고,0,0,2,0,차대차 - 측면직각충돌,신호위반,건조,맑음,교차로 - 교차로안,승용,남,57세,상해없음,승용,남,28세,경상
2013072000100589,2013년 7월 20일 21시,토요일,광주광역시 북구 용봉동,사망사고,1,0,3,0,차대차 - 기타,안전운전불이행,건조,맑음,기타 - 기타,승용,남,17세,경상,승용,남,37세,경상
2013072000100611,2013년 7월 20일 22시,토요일,광주광역시 북구 동림동,경상사고,0,0,1,0,차대차 - 추돌 - 진행중,차로위반,건조,맑음,단일로 - 기타,화물,남,52세,상해없음,승용,남,42세,경상
2013072100100014,2013년 7월 21일 00시,일요일,광주광역시 남구 주월동,경상사고,0,0,1,0,차량단독 - 기타,안전운전불이행,건조,맑음,단일로 - 기타,승용,남,44세,상해없음,,,,
2013072100100036,2013년 7월 21일 01시,일요일,광주광역시 광산구 신가동,경상사고,0,0,2,0,차대차 - 추돌 - 주정차중,안전운전불이행,건조,맑음,교차로 - 교차로부근,승용,남,42세,상해없음,승용,남,22세,경상
2013072100100051,2013년 7월 21일 02시,일요일,광주광역시 북구 매곡동,중상사고,0,1,1,0,차량단독 - 공작물충돌,안전운전불이행,건조,맑음,단일로 - 기타,승용,남,26세,경상,,,,
2013072100100055,2013년 7월 21일 02시,일요일,광주광역시 북구 오치동,부상신고사고,0,0,0,1,차대차 - 측면직각충돌,교차로운행방법위반,건조,맑음,교차로 - 교차로안,원동기,남,24세,부상신고,승용,남,68세,상해없음
2013072100100070,2013년 7월 21일 03시,일요일,광주광역시 광산구 송정동,중상사고,0,1,1,0,차대차 - 추돌 - 주정차중,안전운전불이행,건조,맑음,교차로 - 교차로부근,승용,여,36세,상해없음,승용,여,46세,경상
2013072100100112,2013년 7월 21일 06시,일요일,광주광역시 북구 각화동,경상사고,0,0,1,0,차대차 - 기타,안전거리미확보,건조,맑음,단일로 - 기타,승용,여,58세,경상,특수,남,43세,기타불명
2013072100100113,2013년 7월 21일 06시,일요일,광주광역시 북구 연제동,경상사고,0,0,2,0,차대차 - 기타,안전운전불이행,건조,맑음,단일로 - 기타,승용,남,24세,상해없음,승용,남,42세,경상
2013072100100155,2013년 7월 21일 09시,일요일,광주광역시 광산구 산정동,부상신고사고,0,0,0,1,차대차 - 기타,중앙선침범,습기,흐림,단일로 - 기타,승합,남,33세,상해없음,승용,남,38세,부상신고
2013072100100230,2013년 7월 21일 13시,일요일,광주광역시 광산구 월계동,경상사고,0,0,1,0,차량단독 - 공작물충돌,안전운전불이행,건조,맑음,교차로 - 교차로안,승용,남,40세,경상,,,,
2013072100100344,2013년 7월 21일 17시,일요일,광주광역시 북구 일곡동,경상사고,0,0,4,0,차대차 - 추돌 - 진행중,안전운전불이행,건조,맑음,단일로 - 기타,승용,남,45세,상해없음,승용,여,51세,경상
2013072100100345,2013년 7월 21일 17시,일요일,광주광역시 북구 용봉동,경상사고,0,0,1,0,차대차 - 추돌 - 진행중,교차로운행방법위반,건조,맑음,교차로 - 교차로안,승용,남,28세,상해없음,원동기,남,27세,경상
2013072100100374,2013년 7월 21일 18시,일요일,광주광역시 광산구 흑석동,경상사고,0,0,3,0,차대차 - 측면직각충돌,신호위반,습기,비,교차로 - 교차로안,승합,여,26세,상해없음,승용,남,37세,경상
2013072100100375,2013년 7월 21일 18시,일요일,광주광역시 광산구 수완동,경상사고,0,0,6,0,차대차 - 추돌 - 주정차중,안전거리미확보,습기,비,단일로 - 기타,승용,남,47세,경상,승합,남,35세,경상
2013072100100456,2013년 7월 21일 21시,일요일,광주광역시 북구 운암동,중상사고,0,1,0,0,차대사람 - 차도통행중,안전운전불이행,건조,맑음,교차로 - 교차로안,승용,남,28세,상해없음,보행자,여,65세,중상
2013072100100495,2013년 7월 21일 23시,일요일,광주광역시 광산구 도산동,경상사고,0,0,1,0,차대차 - 기타,교차로운행방법위반,건조,맑음,교차로 - 교차로안,승용,남,43세,상해없음,이륜,남,29세,경상
2013072200100121,2013년 7월 22일 08시,월요일,광주광역시 남구 진월동,경상사고,0,0,3,0,차대차 - 추돌 - 진행중,차로위반,건조,맑음,단일로 - 기타,승용,여,49세,상해없음,승용,남,58세,경상
2013072200100180,2013년 7월 22일 10시,월요일,광주광역시 광산구 운남동,중상사고,0,1,1,0,차대차 - 측면직각충돌,신호위반,건조,맑음,교차로 - 교차로안,승용,남,49세,경상,승용,여,41세,중상
2013072200100219,2013년 7월 22일 11시,월요일,광주광역시 광산구 송정동,경상사고,0,0,1,0,차대차 - 기타,직진우회전진행방해,건조,맑음,교차로 - 교차로안,승용,남,37세,상해없음,화물,남,27세,경상
2013072200100253,2013년 7월 22일 12시,월요일,광주광역시 서구 치평동,경상사고,0,0,2,0,차대차 - 추돌 - 주정차중,안전거리미확보,건조,맑음,단일로 - 기타,승용,남,54세,상해없음,승용,남,24세,경상
2013072200100254,2013년 7월 22일 12시,월요일,광주광역시 북구 두암동,경상사고,0,0,1,0,차대사람 - 기타,안전운전불이행,건조,맑음,단일로 - 기타,승용,남,54세,상해없음,보행자,여,65세,경상
2013072200100255,2013년 7월 22일 12시,월요일,광주광역시 북구 중흥동,경상사고,0,0,1,0,차대차 - 측면직각충돌,안전거리미확보,건조,맑음,단일로 - 기타,원동기,남,23세,상해없음,승용,남,54세,경상
2013072200100351,2013년 7월 22일 15시,월요일,광주광역시 남구 주월동,중상사고,0,1,0,0,차대사람 - 횡단중,신호위반,건조,맑음,교차로 - 교차로부근,원동기,남,34세,상해없음,보행자,남,13세,중상
2013072200100418,2013년 7월 22일 17시,월요일,광주광역시 동구 계림동,경상사고,0,0,2,0,차량단독 - 기타,기타,건조,맑음,단일로 - 기타,승합,남,55세,상해없음,,,,
2013072200100419,2013년 7월 22일 17시,월요일,광주광역시 광산구 신촌동,사망사고,1,0,0,0,차대사람 - 횡단중,안전운전불이행,건조,맑음,단일로 - 기타,화물,남,53세,상해없음,보행자,여,83세,사망
2013072200100454,2013년 7월 22일 18시,월요일,광주광역시 광산구 송정동,경상사고,0,0,1,0,차대차 - 추돌 - 주정차중,안전거리미확보,건조,맑음,단일로 - 기타,화물,남,66세,상해없음,승용,여,47세,경상
2013072200100484,2013년 7월 22일 19시,월요일,광주광역시 광산구 비아동,경상사고,0,0,1,0,차대사람 - 기타,안전운전불이행,건조,맑음,교차로 - 교차로부근,승용,남,50세,상해없음,보행자,남,40세,경상
2013072200100514,2013년 7월 22일 20시,월요일,광주광역시 서구 풍암동,경상사고,0,0,2,0,차대차 - 측면직각충돌,교차로운행방법위반,건조,맑음,교차로 - 교차로안,승용,남,30세,경상,승용,남,40세,경상
2013072200100515,2013년 7월 22일 20시,월요일,광주광역시 광산구 운남동,경상사고,0,0,1,0,차대차 - 기타,안전운전불이행,건조,맑음,기타 - 기타,승용,여,61세,상해없음,승용,남,55세,경상
2013072200100551,2013년 7월 22일 21시,월요일,광주광역시 서구 광천동,경상사고,0,0,2,0,차대차 - 추돌 - 주정차중,안전운전불이행,건조,맑음,교차로 - 교차로부근,승용,여,27세,상해없음,승용,남,59세,경상
2013072200100552,2013년 7월 22일 21시,월요일,광주광역시 광산구 장덕동,중상사고,0,1,3,0,차대차 - 추돌 - 주정차중,안전운전불이행,건조,맑음,단일로 - 기타,승용,남,34세,상해없음,승용,남,51세,중상
2013072200100572,2013년 7월 22일 22시,월요일,광주광역시 북구 두암동,중상사고,0,1,0,0,차대사람 - 횡단중,안전운전불이행,건조,맑음,단일로 - 횡단보도부근,승용,남,50세,상해없음,보행자,여,72세,중상
2013072200100573,2013년 7월 22일 22시,월요일,광주광역시 광산구 쌍암동,경상사고,0,0,1,0,차대차 - 측면직각충돌,교차로운행방법위반,건조,맑음,교차로 - 교차로안,승용,남,26세,상해없음,승용,남,44세,경상
2013072300100022,2013년 7월 23일 00시,화요일,광주광역시 북구 우산동,경상사고,0,0,1,0,차대차 - 추돌 - 주정차중,안전운전불이행,건조,맑음,교차로 - 교차로부근,승용,남,50세,상해없음,승용,남,60세,경상
2013072300100046,2013년 7월 23일 02시,화요일,광주광역시 북구 중흥동,경상사고,0,0,2,0,차량단독 - 전도전복,안전운전불이행,건조,흐림,단일로 - 기타,이륜,남,18세,경상,,,,
2013072300100051,2013년 7월 23일 03시,화요일,광주광역시 북구 신안동,경상사고,0,0,1,0,차대차 - 측면직각충돌,중앙선침범,습기,비,단일로 - 기타,승용,남,68세,상해없음,승용,남,50세,상해없음
2013072300100091,2013년 7월 23일 06시,화요일,광주광역시 동구 산수동,경상사고,0,0,1,1,차대차 - 측면직각충돌,교차로운행방법위반,건조,흐림,교차로 - 교차로안,승용,여,39세,부상신고,승용,남,42세,경상
2013072300100149,2013년 7월 23일 08시,화요일,광주광역시 서구 화정동,중상사고,0,1,0,0,차대사람 - 횡단중,안전운전불이행,건조,맑음,교차로 - 교차로부근,화물,남,46세,상해없음,보행자,남,13세,중상
2013072300100150,2013년 7월 23일 08시,화요일,광주광역시 서구 치평동,경상사고,0,0,1,0,차대차 - 기타,안전운전불이행,건조,맑음,교차로 - 교차로안,승용,여,52세,상해없음,승용,남,51세,경상
2013072300100177,2013년 7월 23일 09시,화요일,광주광역시 서구 매월동,중상사고,0,1,0,0,차대차 - 기타,중앙선침범,습기,비,단일로 - 기타,승용,남,33세,기타불명,원동기,남,47세,중상
2013072300100206,2013년 7월 23일 10시,화요일,광주광역시 광산구 신가동,부상신고사고,0,0,0,1,차대사람 - 횡단중,보행자보호의무위반,습기,비,단일로 - 횡단보도상,승용,남,25세,상해없음,보행자,남,20세,부상신고
2013072300100237,2013년 7월 23일 11시,화요일,광주광역시 북구 우산동,중상사고,0,1,0,0,차대차 - 기타,안전운전불이행,습기,흐림,단일로 - 기타,승용,여,34세,상해없음,원동기,남,43세,중상
2013072300100290,2013년 7월 23일 13시,화요일,광주광역시 서구 매월동,중상사고,0,1,0,0,차대차 - 기타,안전운전불이행,건조,맑음,교차로 - 교차로부근,화물,남,55세,상해없음,원동기,남,39세,중상
2013072300100319,2013년 7월 23일 14시,화요일,광주광역시 남구 월산동,경상사고,0,0,1,0,차대차 - 기타,안전운전불이행,건조,맑음,기타 - 기타,승용,남,58세,상해없음,이륜,남,38세,경상
2013072300100429,2013년 7월 23일 18시,화요일,광주광역시 서구 치평동,경상사고,0,0,1,0,차대차 - 측면직각충돌,안전운전불이행,건조,맑음,교차로 - 교차로안,승용,남,47세,상해없음,승용,여,32세,경상
2013072300100430,2013년 7월 23일 18시,화요일,광주광역시 서구 유촌동,경상사고,0,0,1,0,차대차 - 기타,안전거리미확보,건조,맑음,단일로 - 기타,승용,남,23세,기타불명,승용,여,45세,경상
2013072300100431,2013년 7월 23일 18시,화요일,광주광역시 광산구 신창동,경상사고,0,0,1,0,차대사람 - 기타,보행자보호의무위반,건조,맑음,단일로 - 횡단보도상,승용,여,55세,상해없음,보행자,남,9세,경상
2013072300100497,2013년 7월 23일 20시,화요일,광주광역시 서구 쌍촌동,경상사고,0,0,1,0,차대사람 - 기타,안전운전불이행,건조,맑음,기타 - 기타,자전거,남,15세,상해없음,보행자,여,50세,경상
2013072300100531,2013년 7월 23일 21시,화요일,광주광역시 북구 매곡동,부상신고사고,0,0,0,1,차대차 - 기타,안전거리미확보,건조,맑음,교차로 - 교차로부근,이륜,남,19세,부상신고,승용,남,42세,상해없음
2013072300100532,2013년 7월 23일 21시,화요일,광주광역시 광산구 소촌동,경상사고,0,0,3,0,차대차 - 추돌 - 진행중,안전거리미확보,건조,맑음,단일로 - 기타,승용,남,44세,상해없음,승용,남,55세,경상
2013072300100573,2013년 7월 23일 22시,화요일,광주광역시 서구 화정동,경상사고,0,0,2,0,차대차 - 측면직각충돌,안전거리미확보,건조,맑음,단일로 - 기타,승용,여,30세,상해없음,승합,남,48세,상해없음
2013072300100574,2013년 7월 23일 22시,화요일,광주광역시 서구 금호동,경상사고,0,0,1,0,차대차 - 정면충돌,중앙선침범,건조,맑음,교차로 - 교차로안,승용,남,38세,상해없음,승용,여,57세,경상
2013072300100601,2013년 7월 23일 23시,화요일,광주광역시 서구 치평동,경상사고,0,0,1,0,차대차 - 추돌 - 주정차중,불법유턴,건조,맑음,단일로 - 기타,승용,남,38세,상해없음,승용,남,26세,경상
2013072400100022,2013년 7월 24일 00시,수요일,광주광역시 서구 금호동,경상사고,0,0,1,0,차대차 - 정면충돌,안전운전불이행,건조,맑음,단일로 - 기타,승용,남,37세,상해없음,이륜,남,23세,경상
2013072400100060,2013년 7월 24일 04시,수요일,광주광역시 동구 동명동,경상사고,0,0,1,0,차대차 - 추돌 - 주정차중,안전운전불이행,건조,맑음,단일로 - 횡단보도부근,승용,남,32세,상해없음,승용,여,51세,경상
2013072400100110,2013년 7월 24일 07시,수요일,광주광역시 광산구 본덕동,경상사고,0,0,1,0,차량단독 - 공작물충돌,안전운전불이행,습기,비,단일로 - 기타,화물,남,22세,경상,,,,
2013072400100111,2013년 7월 24일 07시,수요일,광주광역시 광산구 흑석동,부상신고사고,0,0,0,1,차대차 - 기타,안전운전불이행,건조,맑음,교차로 - 교차로안,자전거,여,47세,부상신고,승용,남,40세,상해없음
2013072400100138,2013년 7월 24일 08시,수요일,광주광역시 서구 화정동,경상사고,0,0,1,0,차대차 - 추돌 - 주정차중,안전운전불이행,습기,비,단일로 - 기타,승용,남,27세,상해없음,승용,남,52세,경상
2013072400100202,2013년 7월 24일 10시,수요일,광주광역시 서구 화정동,경상사고,0,0,3,0,차대차 - 추돌 - 진행중,안전거리미확보,습기,비,단일로 - 기타,승용,남,81세,상해없음,승용,여,65세,경상
2013072400100203,2013년 7월 24일 10시,수요일,광주광역시 북구 신안동,경상사고,0,0,3,0,차대차 - 기타,안전운전불이행,습기,비,단일로 - 기타,승용,남,41세,상해없음,승용,남,29세,경상
2013072400100228,2013년 7월 24일 11시,수요일,광주광역시 서구 풍암동,경상사고,0,0,1,0,차대차 - 측면직각충돌,안전운전불이행,습기,흐림,단일로 - 기타,승용,여,29세,상해없음,승용,여,45세,경상
2013072400100229,2013년 7월 24일 11시,수요일,광주광역시 서구 광천동,경상사고,0,0,4,0,차대차 - 측면직각충돌,안전운전불이행,건조,맑음,교차로 - 교차로부근,승용,남,62세,상해없음,승용,남,48세,경상
2013072400100230,2013년 7월 24일 11시,수요일,광주광역시 광산구 선암동,경상사고,0,0,2,0,차대차 - 추돌 - 진행중,안전거리미확보,습기,비,교차로 - 교차로부근,화물,남,39세,상해없음,승용,남,41세,경상
2013072400100304,2013년 7월 24일 14시,수요일,광주광역시 북구 누문동,경상사고,0,0,1,0,차대차 - 추돌 - 진행중,안전거리미확보,건조,맑음,교차로 - 교차로안,승용,여,45세,상해없음,원동기,남,32세,경상
2013072400100339,2013년 7월 24일 15시,수요일,광주광역시 서구 광천동,경상사고,0,0,3,0,차대차 - 측면직각충돌,차로위반,건조,맑음,단일로 - 기타,승용,남,58세,경상,승용,남,32세,경상
2013072400100421,2013년 7월 24일 18시,수요일,광주광역시 광산구 도천동,경상사고,0,0,1,0,차대차 - 측면직각충돌,안전거리미확보,건조,맑음,단일로 - 기타,화물,남,53세,상해없음,승용,남,28세,경상
2013072400100452,2013년 7월 24일 19시,수요일,광주광역시 북구 임동,경상사고,0,0,1,0,차대차 - 추돌 - 진행중,안전거리미확보,건조,맑음,단일로 - 기타,승용,남,37세,상해없음,승용,여,41세,경상
2013072400100453,2013년 7월 24일 19시,수요일,광주광역시 광산구 소촌동,중상사고,0,1,0,0,차대차 - 측면직각충돌,안전거리미확보,건조,맑음,미분류 - 미분류,이륜,남,51세,상해없음,승합,남,33세,상해없음
2013072400100483,2013년 7월 24일 20시,수요일,광주광역시 북구 중흥동,경상사고,0,0,2,0,차대차 - 추돌 - 진행중,안전운전불이행,건조,맑음,단일로 - 기타,승용,남,51세,상해없음,승용,여,50세,경상
2013072400100522,2013년 7월 24일 21시,수요일,광주광역시 서구 광천동,경상사고,0,0,2,0,차대차 - 정면충돌,중앙선침범,건조,맑음,교차로 - 교차로안,승용,남,38세,상해없음,승용,남,38세,경상
2013072400100556,2013년 7월 24일 22시,수요일,광주광역시 광산구 도산동,중상사고,0,1,0,0,차대사람 - 기타,안전운전불이행,건조,맑음,교차로 - 교차로부근,승용,남,39세,상해없음,보행자,여,73세,중상
2013072400100585,2013년 7월 24일 23시,수요일,광주광역시 북구 오치동,경상사고,0,0,2,0,차대차 - 기타,안전운전불이행,건조,맑음,교차로 - 교차로부근,승용,남,56세,상해없음,승용,남,34세,경상
2013072500100068,2013년 7월 25일 06시,목요일,광주광역시 동구 소태동,경상사고,0,0,1,0,차량단독 - 공작물충돌,안전운전불이행,건조,흐림,단일로 - 터널,화물,남,49세,경상,,,,
2013072500100069,2013년 7월 25일 06시,목요일,광주광역시 동구 산수동,경상사고,0,0,1,0,차량단독 - 공작물충돌,안전운전불이행,건조,맑음,단일로 - 기타,자전거,남,64세,경상,,,,
2013072500100085,2013년 7월 25일 07시,목요일,광주광역시 광산구 오선동,경상사고,0,0,2,0,차대사람 - 기타,중앙선침범,건조,맑음,기타 - 기타,승용,남,53세,상해없음,보행자,남,23세,경상
2013072500100086,2013년 7월 25일 07시,목요일,광주광역시 광산구 흑석동,경상사고,0,0,2,0,차대차 - 측면직각충돌,신호위반,건조,맑음,교차로 - 교차로안,승용,여,38세,경상,화물,남,28세,경상
2013072500100124,2013년 7월 25일 08시,목요일,광주광역시 남구 월산동,중상사고,0,1,0,0,차대사람 - 횡단중,안전운전불이행,건조,맑음,단일로 - 기타,승용,남,30세,상해없음,보행자,남,61세,중상
2013072500100125,2013년 7월 25일 08시,목요일,광주광역시 북구 운암동,중상사고,0,1,3,0,차대차 - 측면직각충돌,신호위반,건조,맑음,교차로 - 교차로안,승용,남,62세,상해없음,화물,남,53세,경상
2013072500100126,2013년 7월 25일 08시,목요일,광주광역시 광산구 삼거동,경상사고,0,0,9,0,차대차 - 측면직각충돌,중앙선침범,건조,맑음,교차로 - 교차로부근,승용,남,26세,상해없음,승합,남,58세,경상
2013072500100149,2013년 7월 25일 09시,목요일,광주광역시 광산구 도천동,경상사고,0,0,1,0,차대차 - 측면직각충돌,안전거리미확보,건조,맑음,교차로 - 교차로안,화물,남,42세,상해없음,승용,남,26세,경상
2013072500100244,2013년 7월 25일 12시,목요일,광주광역시 북구 문흥동,중상사고,0,1,0,0,차대차 - 기타,기타,건조,맑음,단일로 - 기타,승용,남,75세,상해없음,원동기,남,16세,중상
2013072500100309,2013년 7월 25일 14시,목요일,광주광역시 북구 월출동,경상사고,0,0,2,0,차대차 - 추돌 - 진행중,교차로운행방법위반,건조,맑음,교차로 - 교차로안,승용,남,56세,상해없음,화물,남,30세,경상
2013072500100437,2013년 7월 25일 17시,목요일,광주광역시 광산구 하남동,경상사고,0,0,1,0,차량단독 - 기타,안전운전불이행,건조,맑음,교차로 - 교차로안,승용,남,56세,상해없음,,,,
2013072500100478,2013년 7월 25일 18시,목요일,광주광역시 동구 소태동,경상사고,0,0,1,0,차대사람 - 기타,안전운전불이행,건조,기타,단일로 - 기타,승용,남,56세,상해없음,보행자,남,5세,경상
2013072500100479,2013년 7월 25일 18시,목요일,광주광역시 북구 용봉동,경상사고,0,0,1,0,차대차 - 추돌 - 진행중,안전운전불이행,건조,맑음,단일로 - 기타,승용,여,50세,상해없음,승용,남,32세,경상
2013072500100581,2013년 7월 25일 21시,목요일,광주광역시 북구 두암동,경상사고,0,0,1,0,차대차 - 기타,안전운전불이행,건조,맑음,단일로 - 기타,승용,남,44세,경상,특수,남,26세,상해없음
2013072500100640,2013년 7월 25일 23시,목요일,광주광역시 동구 선교동,경상사고,0,0,1,0,차량단독 - 공작물충돌,안전운전불이행,건조,맑음,교차로 - 교차로안,승용,여,50세,경상,,,,
2013072600100017,2013년 7월 26일 00시,금요일,광주광역시 북구 운암동,경상사고,0,0,1,0,차대차 - 측면직각충돌,안전운전불이행,건조,맑음,교차로 - 교차로안,승용,남,26세,상해없음,승용,남,52세,경상
2013072600100075,2013년 7월 26일 06시,금요일,광주광역시 서구 유촌동,중상사고,0,1,0,0,차대차 - 측면직각충돌,안전운전불이행,건조,맑음,단일로 - 기타,승용,남,27세,상해없음,화물,남,50세,중상
2013072600100096,2013년 7월 26일 07시,금요일,광주광역시 서구 마륵동,중상사고,0,1,0,0,차대차 - 기타,안전거리미확보,건조,맑음,단일로 - 기타,승용,여,24세,상해없음,승용,여,28세,중상