사고번호,사고일시,요일,시군구,사고내용,사망자수,중상자수,경상자수,부상신고자수,사고유형,법규위반,노면상태,기상상태,도로형태,가해운전자 차종,가해운전자 성별,가해운전자 연령,가해운전자 상해정도,피해운전자 차종,피해운전자 성별,피해운전자 연령,피해운전자 상해정도
2013072600100097,2013년 7월 26일 07시,금요일,광주광역시 북구 동림동,경상사고,0,0,1,0,차대차 - 측면직각충돌,신호위반,건조,맑음,교차로 - 교차로안,승합,남,55세,상해없음,승용,남,48세,경상
2013072600100132,2013년 7월 26일 08시,금요일,광주광역시 북구 양산동,중상사고,0,1,0,0,차대사람 - 차도통행중,안전운전불이행,건조,맑음,단일로 - 기타,승용,여,45세,상해없음,보행자,남,11세,중상
2013072600100133,2013년 7월 26일 08시,금요일,광주광역시 광산구 우산동,경상사고,0,0,1,0,차대차 - 기타,교차로운행방법위반,건조,맑음,교차로 - 교차로안,승용,여,51세,상해없음,승용,남,48세,경상
2013072600100193,2013년 7월 26일 10시,금요일,광주광역시 북구 두암동,중상사고,0,1,0,0,차대사람 - 차도통행중,안전운전불이행,건조,맑음,단일로 - 횡단보도부근,승용,남,76세,상해없음,보행자,여,73세,중상
2013072600100257,2013년 7월 26일 12시,금요일,광주광역시 남구 백운동,중상사고,0,1,1,0,차대차 - 측면직각충돌,안전운전불이행,건조,맑음,교차로 - 교차로부근,이륜,남,51세,중상,승용,여,47세,경상
2013072600100314,2013년 7월 26일 14시,금요일,광주광역시 동구 계림동,경상사고,0,0,1,0,차대차 - 기타,중앙선침범,건조,맑음,기타 - 기타,승용,여,25세,상해없음,이륜,남,65세,경상
2013072600100315,2013년 7월 26일 14시,금요일,광주광역시 서구 금호동,경상사고,0,0,1,0,차대차 - 측면직각충돌,안전운전불이행,건조,맑음,단일로 - 기타,승용,기타불명,기타불명,기타불명,자전거,남,15세,경상
2013072600100316,2013년 7월 26일 14시,금요일,광주광역시 북구 일곡동,경상사고,0,0,1,0,차대차 - 측면직각충돌,교차로운행방법위반,건조,맑음,교차로 - 교차로안,화물,남,48세,상해없음,승용,여,32세,경상
2013072600100317,2013년 7월 26일 14시,금요일,광주광역시 북구 양산동,경상사고,0,0,1,0,차대차 - 측면직각충돌,안전거리미확보,건조,맑음,단일로 - 기타,승용,남,59세,상해없음,이륜,남,31세,경상
2013072600100351,2013년 7월 26일 15시,금요일,광주광역시 북구 본촌동,중상사고,0,1,0,0,차대사람 - 기타,안전운전불이행,건조,맑음,기타 - 기타,승용,여,40세,상해없음,보행자,남,3세,중상
2013072600100416,2013년 7월 26일 17시,금요일,광주광역시 동구 학동,경상사고,0,0,2,0,차대차 - 추돌 - 주정차중,안전거리미확보,습기,흐림,교차로 - 교차로부근,승용,남,53세,상해없음,승용,남,38세,경상
2013072600100417,2013년 7월 26일 17시,금요일,광주광역시 서구 치평동,경상사고,0,0,1,0,차대사람 - 기타,안전운전불이행,건조,맑음,교차로 - 교차로안,승용,여,20세,상해없음,보행자,남,74세,경상
2013072600100418,2013년 7월 26일 17시,금요일,광주광역시 광산구 신창동,경상사고,0,0,1,0,차대차 - 측면직각충돌,차로위반,건조,맑음,단일로 - 기타,이륜,남,17세,경상,승용,남,27세,상해없음
2013072600100453,2013년 7월 26일 18시,금요일,광주광역시 서구 쌍촌동,중상사고,0,1,0,0,차대사람 - 기타,안전운전불이행,건조,맑음,기타 - 기타,승용,여,51세,상해없음,보행자,여,62세,중상
2013072600100454,2013년 7월 26일 18시,금요일,광주광역시 북구 중흥동,중상사고,0,1,2,0,차대차 - 기타,안전거리미확보,건조,맑음,단일로 - 기타,화물,남,45세,상해없음,화물,남,49세,중상
2013072600100477,2013년 7월 26일 19시,금요일,광주광역시 남구 주월동,경상사고,0,0,7,0,차대차 - 추돌 - 진행중,안전운전불이행,건조,맑음,단일로 - 기타,승용,남,41세,상해없음,승용,여,29세,경상
2013072600100518,2013년 7월 26일 20시,금요일,광주광역시 서구 농성동,경상사고,0,0,3,1,차대차 - 추돌 - 진행중,안전거리미확보,건조,맑음,교차로 - 교차로부근,승용,남,50세,부상신고,승용,남,29세,상해없음
2013072600100519,2013년 7월 26일 20시,금요일,광주광역시 서구 양동,중상사고,0,1,0,0,차대사람 - 기타,신호위반,건조,맑음,교차로 - 교차로부근,이륜,남,28세,상해없음,보행자,여,70세,중상
2013072700100132,2013년 7월 27일 07시,토요일,광주광역시 광산구 흑석동,경상사고,0,0,1,0,차대차 - 기타,안전운전불이행,건조,맑음,기타 - 기타,자전거,여,25세,경상,승용,남,27세,상해없음
2013072700100178,2013년 7월 27일 09시,토요일,광주광역시 서구 동천동,경상사고,0,0,2,0,차대차 - 추돌 - 주정차중,안전운전불이행,건조,맑음,교차로 - 교차로부근,화물,남,28세,상해없음,승용,남,63세,경상
2013072700100204,2013년 7월 27일 10시,토요일,광주광역시 서구 쌍촌동,경상사고,0,0,1,0,차대차 - 측면직각충돌,안전운전불이행,건조,맑음,단일로 - 기타,승용,남,58세,상해없음,승용,남,45세,상해없음
2013072700100205,2013년 7월 27일 10시,토요일,광주광역시 남구 칠석동,경상사고,0,0,1,0,차대차 - 측면직각충돌,안전거리미확보,건조,맑음,단일로 - 기타,화물,남,47세,경상,승합,남,53세,상해없음
2013072700100206,2013년 7월 27일 10시,토요일,광주광역시 북구 오치동,경상사고,0,0,2,0,차대차 - 측면직각충돌,차로위반,건조,맑음,단일로 - 기타,화물,남,43세,상해없음,승용,여,50세,경상
2013072700100207,2013년 7월 27일 10시,토요일,광주광역시 광산구 흑석동,경상사고,0,0,1,0,차대차 - 측면직각충돌,안전거리미확보,건조,맑음,단일로 - 기타,화물,남,41세,상해없음,승합,남,60세,경상
2013072700100237,2013년 7월 27일 11시,토요일,광주광역시 서구 광천동,경상사고,0,0,2,0,차대차 - 측면직각충돌,교차로운행방법위반,건조,맑음,교차로 - 교차로안,승용,남,55세,상해없음,승용,남,30세,경상
2013072700100238,2013년 7월 27일 11시,토요일,광주광역시 북구 중흥동,경상사고,0,0,1,0,차대사람 - 기타,안전운전불이행,건조,맑음,단일로 - 기타,화물,남,65세,상해없음,보행자,여,65세,경상
2013072700100239,2013년 7월 27일 11시,토요일,광주광역시 광산구 우산동,경상사고,0,0,1,0,차대차 - 측면직각충돌,안전거리미확보,건조,맑음,단일로 - 기타,승용,여,48세,상해없음,승합,남,38세,상해없음
2013072700100277,2013년 7월 27일 12시,토요일,광주광역시 북구 운암동,경상사고,0,0,1,0,차대사람 - 기타,기타,건조,맑음,단일로 - 기타,승합,남,54세,상해없음,보행자,남,44세,경상
2013072700100303,2013년 7월 27일 13시,토요일,광주광역시 광산구 도산동,경상사고,0,0,3,0,차대차 - 기타,신호위반,건조,맑음,교차로 - 교차로안,승용,남,27세,경상,승용,남,51세,경상
2013072700100351,2013년 7월 27일 14시,토요일,광주광역시 서구 양동,경상사고,0,0,1,0,차대사람 - 횡단중,안전운전불이행,건조,맑음,교차로 - 교차로안,화물,남,37세,상해없음,보행자,남,74세,경상
2013072700100352,2013년 7월 27일 14시,토요일,광주광역시 서구 금호동,부상신고사고,0,0,0,1,차대사람 - 길가장자리구역통행중,안전운전불이행,건조,맑음,단일로 - 기타,승용,남,63세,상해없음,보행자,남,84세,부상신고
2013072700100376,2013년 7월 27일 15시,토요일,광주광역시 광산구 우산동,경상사고,0,0,1,0,차대사람 - 기타,안전운전불이행,건조,맑음,단일로 - 기타,승용,남,58세,상해없음,보행자,여,50세,경상
2013072700100448,2013년 7월 27일 17시,토요일,광주광역시 서구 풍암동,중상사고,0,1,0,0,차대차 - 기타,안전운전불이행,건조,맑음,단일로 - 기타,승용,기타불명,기타불명,기타불명,자전거,남,36세,중상
2013072700100449,2013년 7월 27일 17시,토요일,광주광역시 북구 신안동,부상신고사고,0,0,0,1,차대차 - 측면직각충돌,신호위반,건조,맑음,교차로 - 교차로안,이륜,남,18세,부상신고,화물,남,51세,상해없음
2013072700100450,2013년 7월 27일 17시,토요일,광주광역시 북구 신안동,중상사고,0,1,0,0,차대사람 - 횡단중,안전운전불이행,건조,맑음,단일로 - 기타,승합,남,46세,상해없음,보행자,여,45세,중상
2013072700100486,2013년 7월 27일 18시,토요일,광주광역시 서구 풍암동,경상사고,0,0,2,0,차대차 - 측면직각충돌,교차로운행방법위반,건조,맑음,교차로 - 교차로안,원동기,남,17세,경상,승용,남,40세,경상
2013072700100487,2013년 7월 27일 18시,토요일,광주광역시 서구 유촌동,경상사고,0,0,5,0,차대차 - 측면직각충돌,교차로운행방법위반,건조,맑음,교차로 - 교차로안,화물,남,43세,상해없음,승용,여,42세,경상
2013072700100488,2013년 7월 27일 18시,토요일,광주광역시 북구 용봉동,중상사고,0,1,0,0,차대사람 - 차도통행중,안전운전불이행,건조,맑음,단일로 - 기타,승용,여,46세,상해없음,보행자,여,79세,중상
2013072700100489,2013년 7월 27일 18시,토요일,광주광역시 광산구 도천동,경상사고,0,0,1,0,차대사람 - 횡단중,안전운전불이행,건조,맑음,단일로 - 기타,화물,남,64세,상해없음,보행자,남,62세,경상
2013072700100518,2013년 7월 27일 19시,토요일,광주광역시 광산구 하남동,경상사고,0,0,2,0,차대차 - 측면직각충돌,교차로운행방법위반,건조,맑음,교차로 - 교차로안,승용,여,48세,경상,승용,남,32세,경상
2013072700100624,2013년 7월 27일 22시,토요일,광주광역시 남구 양림동,경상사고,0,0,1,0,차량단독 - 기타,기타,건조,맑음,단일로 - 기타,승합,남,59세,상해없음,,,,
2013072800100041,2013년 7월 28일 01시,일요일,광주광역시 북구 신안동,경상사고,0,0,1,0,차대차 - 측면직각충돌,안전운전불이행,건조,맑음,단일로 - 기타,승용,남,36세,경상,화물,남,49세,상해없음
2013072800100042,2013년 7월 28일 01시,일요일,광주광역시 북구 용봉동,경상사고,0,0,3,0,차대차 - 추돌 - 주정차중,안전운전불이행,건조,맑음,단일로 - 기타,승용,남,55세,상해없음,승용,남,32세,경상
2013072800100043,2013년 7월 28일 01시,일요일,광주광역시 광산구 수완동,중상사고,0,2,0,0,차대사람 - 횡단중,안전운전불이행,건조,맑음,단일로 - 기타,승용,남,62세,상해없음,보행자,남,24세,중상
2013072800100060,2013년 7월 28일 02시,일요일,광주광역시 동구 광산동,경상사고,0,0,1,0,차대사람 - 기타,안전운전불이행,건조,맑음,단일로 - 기타,승용,남,26세,상해없음,보행자,남,22세,경상
2013072800100087,2013년 7월 28일 04시,일요일,광주광역시 북구 용봉동,경상사고,0,0,1,0,차대사람 - 길가장자리구역통행중,안전운전불이행,습기,흐림,단일로 - 기타,승용,남,45세,상해없음,보행자,남,58세,경상
2013072800100088,2013년 7월 28일 04시,일요일,광주광역시 광산구 우산동,경상사고,0,0,1,0,차대차 - 기타,안전운전불이행,습기,비,교차로 - 교차로안,승합,기타불명,기타불명,기타불명,원동기,남,44세,경상
2013072800100141,2013년 7월 28일 08시,일요일,광주광역시 광산구 월전동,경상사고,0,0,1,0,차대차 - 측면직각충돌,신호위반,습기,흐림,교차로 - 교차로안,승용,남,48세,상해없음,화물,남,57세,경상
2013072800100142,2013년 7월 28일 08시,일요일,광주광역시 광산구 도천동,경상사고,0,0,3,0,차대차 - 추돌 - 진행중,신호위반,건조,맑음,교차로 - 교차로안,승용,남,62세,상해없음,승용,남,27세,경상
2013072800100191,2013년 7월 28일 10시,일요일,광주광역시 북구 우산동,경상사고,0,0,2,0,차대차 - 측면직각충돌,중앙선침범,건조,맑음,단일로 - 기타,승용,기타불명,기타불명,기타불명,승용,여,45세,경상
2013072800100371,2013년 7월 28일 18시,일요일,광주광역시 서구 풍암동,경상사고,0,0,5,0,차대차 - 측면직각충돌,안전운전불이행,건조,맑음,단일로 - 기타,승합,남,39세,상해없음,승용,남,26세,경상
2013072800100372,2013년 7월 28일 18시,일요일,광주광역시 광산구 동산동,경상사고,0,0,1,0,차량단독 - 도로외이탈 - 추락,안전운전불이행,건조,맑음,단일로 - 기타,화물,남,20세,경상,,,,
2013072800100399,2013년 7월 28일 19시,일요일,광주광역시 서구 화정동,경상사고,0,0,1,0,차대차 - 추돌 - 주정차중,안전운전불이행,건조,맑음,교차로 - 교차로부근,승합,남,37세,상해없음,승용,여,42세,경상
2013072800100421,2013년 7월 28일 20시,일요일,광주광역시 서구 쌍촌동,중상사고,0,1,0,0,차대차 - 측면직각충돌,차로위반,건조,흐림,단일로 - 기타,승용,남,54세,상해없음,이륜,남,16세,중상
2013072800100422,2013년 7월 28일 20시,일요일,광주광역시 광산구 수완동,경상사고,0,0,1,0,차대차 - 추돌 - 진행중,안전운전불이행,건조,맑음,교차로 - 교차로안,승용,남,47세,상해없음,원동기,남,24세,경상
2013072800100452,2013년 7월 28일 21시,일요일,광주광역시 북구 동림동,경상사고,0,0,2,0,차대차 - 추돌 - 진행중,신호위반,건조,맑음,교차로 - 교차로부근,승용,남,59세,상해없음,승용,남,29세,경상
2013072900100044,2013년 7월 29일 05시,월요일,광주광역시 광산구 신가동,경상사고,0,0,1,1,차량단독 - 기타,안전운전불이행,건조,맑음,단일로 - 기타,원동기,남,17세,부상신고,,,,
2013072900100054,2013년 7월 29일 06시,월요일,광주광역시 남구 노대동,경상사고,0,0,1,0,차대차 - 추돌 - 진행중,안전운전불이행,건조,맑음,교차로 - 교차로부근,승용,남,59세,상해없음,승용,여,30세,경상
2013072900100055,2013년 7월 29일 06시,월요일,광주광역시 광산구 운수동,경상사고,0,0,1,0,차량단독 - 공작물충돌,안전운전불이행,건조,맑음,단일로 - 기타,승용,남,44세,경상,,,,
2013072900100101,2013년 7월 29일 08시,월요일,광주광역시 북구 우산동,경상사고,0,0,2,0,차대사람 - 횡단중,보행자보호의무위반,습기,비,단일로 - 횡단보도상,승용,남,66세,상해없음,보행자,남,28세,경상
2013072900100102,2013년 7월 29일 08시,월요일,광주광역시 북구 운암동,경상사고,0,0,1,0,차대사람 - 횡단중,안전운전불이행,습기,비,교차로 - 교차로안,승용,여,52세,상해없음,보행자,여,66세,경상
2013072900100123,2013년 7월 29일 09시,월요일,광주광역시 서구 치평동,경상사고,0,0,1,0,차대차 - 측면직각충돌,신호위반,습기,비,교차로 - 교차로안,승용,남,41세,상해없음,승용,남,55세,경상
2013072900100145,2013년 7월 29일 10시,월요일,광주광역시 남구 진월동,경상사고,0,0,1,0,차대차 - 기타,안전운전불이행,건조,맑음,교차로 - 교차로부근,승용,남,49세,상해없음,승용,여,33세,경상
2013072900100146,2013년 7월 29일 10시,월요일,광주광역시 북구 중흥동,중상사고,0,1,1,0,차대차 - 측면직각충돌,중앙선침범,습기,비,단일로 - 기타,승용,여,51세,경상,승용,남,70세,중상
2013072900100163,2013년 7월 29일 11시,월요일,광주광역시 동구 학동,경상사고,0,0,2,0,차대차 - 측면직각충돌,신호위반,습기,비,교차로 - 교차로안,승용,남,84세,상해없음,승용,남,57세,경상
2013072900100164,2013년 7월 29일 11시,월요일,광주광역시 북구 망월동,경상사고,0,0,1,0,차대차 - 기타,안전운전불이행,습기,비,단일로 - 기타,승용,남,66세,상해없음,승합,남,33세,경상
2013072900100165,2013년 7월 29일 11시,월요일,광주광역시 광산구 지죽동,중상사고,0,1,1,0,차대차 - 추돌 - 진행중,중앙선침범,건조,맑음,교차로 - 교차로부근,승용,여,33세,중상,화물,남,41세,경상
2013072900100209,2013년 7월 29일 13시,월요일,광주광역시 서구 화정동,경상사고,0,0,2,0,차대차 - 측면직각충돌,신호위반,습기,흐림,교차로 - 교차로안,승용,남,62세,상해없음,승용,남,70세,경상
2013072900100210,2013년 7월 29일 13시,월요일,광주광역시 북구 운암동,경상사고,0,0,1,0,차대사람 - 기타,안전운전불이행,건조,맑음,단일로 - 횡단보도상,승용,남,69세,상해없음,보행자,여,47세,경상
2013072900100211,2013년 7월 29일 13시,월요일,광주광역시 북구 일곡동,경상사고,0,0,3,0,차대차 - 측면직각충돌,중앙선침범,습기,흐림,단일로 - 기타,승용,여,50세,경상,승용,남,52세,경상
2013072900100212,2013년 7월 29일 13시,월요일,광주광역시 광산구 수완동,경상사고,0,0,4,0,차대차 - 측면직각충돌,신호위반,건조,맑음,교차로 - 교차로안,승용,여,50세,상해없음,승용,남,33세,경상
2013072900100292,2013년 7월 29일 15시,월요일,광주광역시 북구 오치동,경상사고,0,0,2,0,차대차 - 기타,안전운전불이행,건조,맑음,단일로 - 기타,승용,남,21세,상해없음,승용,여,44세,경상
2013072900100324,2013년 7월 29일 16시,월요일,광주광역시 서구 쌍촌동,경상사고,0,0,1,0,차대사람 - 기타,안전운전불이행,건조,흐림,단일로 - 기타,승용,남,55세,상해없음,보행자,남,38세,경상
2013072900100504,2013년 7월 29일 22시,월요일,광주광역시 남구 방림동,경상사고,0,0,1,0,차대차 - 측면직각충돌,안전운전불이행,건조,맑음,단일로 - 기타,승용,여,53세,상해없음,승용,남,48세,경상
2013072900100505,2013년 7월 29일 22시,월요일,광주광역시 광산구 신촌동,경상사고,0,0,1,0,차대사람 - 차도통행중,중앙선침범,건조,맑음,단일로 - 기타,승용,남,47세,상해없음,보행자,남,45세,경상
2013072900100506,2013년 7월 29일 22시,월요일,광주광역시 광산구 장록동,사망사고,1,0,0,0,차대차 - 측면직각충돌,안전운전불이행,건조,맑음,단일로 - 기타,승용,남,50세,상해없음,자전거,남,59세,사망
2013073000100016,2013년 7월 30일 00시,화요일,광주광역시 동구 계림동,경상사고,0,0,1,0,차대사람 - 횡단중,안전운전불이행,건조,맑음,교차로 - 교차로안,승용,남,45세,상해없음,보행자,남,52세,경상
2013073000100017,2013년 7월 30일 00시,화요일,광주광역시 서구 치평동,경상사고,0,0,1,0,차대사람 - 차도통행중,중앙선침범,건조,맑음,단일로 - 기타,승용,남,28세,상해없음,보행자,남,45세,경상
2013073000100018,2013년 7월 30일 00시,화요일,광주광역시 북구 일곡동,경상사고,0,0,4,0,차대차 - 측면직각충돌,교차로운행방법위반,건조,맑음,교차로 - 교차로안,승용,남,53세,상해없음,승용,여,37세,경상
2013073000100028,2013년 7월 30일 01시,화요일,광주광역시 동구 금동,경상사고,0,0,1,0,차대사람 - 차도통행중,안전운전불이행,건조,맑음,단일로 - 기타,승용,남,25세,상해없음,보행자,남,27세,경상
2013073000100029,2013년 7월 30일 01시,화요일,광주광역시 북구 운암동,경상사고,0,0,1,0,차대사람 - 횡단중,신호위반,건조,맑음,단일로 - 횡단보도상,승용,남,59세,상해없음,보행자,남,33세,경상
2013073000100049,2013년 7월 30일 04시,화요일,광주광역시 북구 용봉동,경상사고,0,0,2,0,차대차 - 측면직각충돌,안전운전불이행,습기,비,교차로 - 교차로안,승용,남,19세,상해없음,승용,남,32세,경상
2013073000100066,2013년 7월 30일 06시,화요일,광주광역시 광산구 오선동,경상사고,0,0,3,0,차대차 - 정면충돌,안전운전불이행,건조,맑음,교차로 - 교차로안,승용,남,28세,경상,화물,남,50세,경상
2013073000100081,2013년 7월 30일 07시,화요일,광주광역시 광산구 소촌동,경상사고,0,0,1,0,차대차 - 기타,안전운전불이행,건조,맑음,단일로 - 기타,승용,여,36세,상해없음,승용,남,30세,경상
2013073000100104,2013년 7월 30일 08시,화요일,광주광역시 광산구 운남동,경상사고,0,0,1,0,차대차 - 추돌 - 주정차중,안전운전불이행,습기,흐림,단일로 - 기타,승용,남,27세,상해없음,승용,여,43세,경상
2013073000100133,2013년 7월 30일 09시,화요일,광주광역시 광산구 우산동,경상사고,0,0,1,0,차대차 - 기타,안전거리미확보,습기,흐림,기타 - 기타,건설기계,남,48세,상해없음,승용,여,42세,경상
2013073000100167,2013년 7월 30일 10시,화요일,광주광역시 서구 매월동,경상사고,0,0,2,0,차대차 - 추돌 - 주정차중,안전운전불이행,건조,맑음,교차로 - 교차로부근,화물,남,42세,상해없음,승합,남,34세,경상
2013073000100168,2013년 7월 30일 10시,화요일,광주광역시 서구 쌍촌동,중상사고,0,1,0,0,차대차 - 측면직각충돌,신호위반,건조,맑음,교차로 - 교차로안,화물,남,67세,상해없음,이륜,남,34세,중상
2013073000100266,2013년 7월 30일 13시,화요일,광주광역시 북구 삼각동,경상사고,0,0,1,0,차대차 - 측면직각충돌,중앙선침범,건조,맑음,교차로 - 교차로부근,승용,남,34세,상해없음,승용,남,55세,경상
2013073000100334,2013년 7월 30일 15시,화요일,광주광역시 북구 누문동,경상사고,0,0,1,0,차대차 - 측면직각충돌,안전거리미확보,건조,맑음,교차로 - 교차로부근,승용,남,37세,상해없음,승용,남,31세,경상
2013073000100335,2013년 7월 30일 15시,화요일,광주광역시 광산구 우산동,경상사고,0,0,1,0,차대사람 - 횡단중,안전운전불이행,건조,맑음,기타 - 기타,승용,여,60세,상해없음,보행자,여,50세,경상
2013073000100336,2013년 7월 30일 15시,화요일,광주광역시 광산구 수완동,경상사고,0,0,6,0,차대차 - 측면직각충돌,안전거리미확보,건조,맑음,단일로 - 기타,승용,남,61세,경상,승용,남,77세,경상
2013073000100371,2013년 7월 30일 16시,화요일,광주광역시 동구 대인동,경상사고,0,0,1,0,차대차 - 측면직각충돌,안전거리미확보,건조,흐림,단일로 - 기타,승용,기타불명,기타불명,기타불명,승용,여,46세,경상
2013073000100372,2013년 7월 30일 16시,화요일,광주광역시 광산구 도산동,경상사고,0,0,1,0,차대차 - 측면직각충돌,신호위반,건조,맑음,교차로 - 교차로안,자전거,여,44세,경상,승용,여,56세,상해없음
2013073000100422,2013년 7월 30일 17시,화요일,광주광역시 광산구 신가동,중상사고,0,1,0,0,차대차 - 추돌 - 진행중,안전거리미확보,건조,맑음,교차로 - 교차로안,승용,남,61세,상해없음,원동기,남,18세,중상
2013073000100461,2013년 7월 30일 18시,화요일,광주광역시 광산구 신가동,경상사고,0,0,1,0,차대차 - 추돌 - 진행중,안전운전불이행,건조,맑음,교차로 - 교차로부근,특수,기타불명,기타불명,기타불명,승용,여,27세,경상
2013073000100564,2013년 7월 30일 21시,화요일,광주광역시 북구 운암동,경상사고,0,0,2,0,차대차 - 기타,안전거리미확보,건조,맑음,단일로 - 기타,화물,남,51세,상해없음,승용,여,40세,경상
2013073000100595,2013년 7월 30일 22시,화요일,광주광역시 북구 매곡동,경상사고,0,0,1,0,차대차 - 기타,안전운전불이행,건조,맑음,교차로 - 교차로안,승합,남,41세,기타불명,이륜,남,22세,경상
2013073100100024,2013년 7월 31일 00시,수요일,광주광역시 광산구 신가동,사망사고,1,0,0,0,차대사람 - 횡단중,안전운전불이행,건조,맑음,단일로 - 기타,승용,남,22세,상해없음,보행자,남,25세,사망
2013073100100042,2013년 7월 31일 01시,수요일,광주광역시 북구 삼각동,경상사고,0,0,4,1,차대차 - 기타,과속,건조,맑음,단일로 - 기타,승용,남,19세,부상신고,승용,남,43세,경상
2013073100100068,2013년 7월 31일 03시,수요일,광주광역시 서구 광천동,경상사고,0,0,2,0,차대차 - 추돌 - 주정차중,안전운전불이행,건조,맑음,교차로 - 교차로부근,승용,남,47세,상해없음,승용,여,51세,경상
2013073100100114,2013년 7월 31일 07시,수요일,광주광역시 서구 농성동,경상사고,0,0,2,0,차대차 - 기타,차로위반,건조,맑음,단일로 - 기타,승용,여,55세,상해없음,승용,남,39세,경상
2013073100100261,2013년 7월 31일 12시,수요일,광주광역시 동구 산수동,사망사고,1,0,0,0,차대사람 - 기타,안전운전불이행,건조,흐림,단일로 - 기타,화물,남,38세,상해없음,보행자,여,76세,사망
2013073100100262,2013년 7월 31일 12시,수요일,광주광역시 광산구 우산동,중상사고,0,1,0,0,차대차 - 측면직각충돌,신호위반,건조,맑음,교차로 - 교차로안,승용,남,56세,상해없음,이륜,남,72세,중상
2013073100100339,2013년 7월 31일 14시,수요일,광주광역시 서구 농성동,경상사고,0,0,2,0,차대차 - 측면직각충돌,교차로운행방법위반,건조,맑음,교차로 - 교차로안,승용,여,69세,상해없음,승용,남,52세,경상
2013073100100369,2013년 7월 31일 15시,수요일,광주광역시 광산구 쌍암동,경상사고,0,0,3,0,차대차 - 측면직각충돌,안전거리미확보,건조,맑음,단일로 - 기타,승용,남,55세,상해없음,승용,남,49세,경상
2013073100100370,2013년 7월 31일 15시,수요일,광주광역시 광산구 신가동,중상사고,0,1,1,0,차대차 - 기타,신호위반,건조,맑음,교차로 - 교차로안,이륜,남,18세,중상,승용,여,31세,경상
2013073100100403,2013년 7월 31일 16시,수요일,광주광역시 북구 용봉동,경상사고,0,0,1,0,차대차 - 측면직각충돌,안전운전불이행,건조,맑음,단일로 - 기타,승합,남,47세,상해없음,승용,남,53세,경상
2013073100100404,2013년 7월 31일 16시,수요일,광주광역시 북구 운암동,경상사고,0,0,1,0,차대차 - 추돌 - 진행중,안전거리미확보,건조,맑음,단일로 - 기타,승용,남,43세,상해없음,승용,남,57세,경상
2013073100100438,2013년 7월 31일 17시,수요일,광주광역시 남구 백운동,경상사고,0,0,1,0,차대사람 - 횡단중,안전운전불이행,건조,맑음,단일로 - 기타,승용,남,62세,상해없음,보행자,남,8세,경상
2013073100100590,2013년 7월 31일 22시,수요일,광주광역시 서구 금호동,중상사고,0,1,0,0,차대사람 - 보도통행중,신호위반,건조,맑음,교차로 - 교차로부근,승합,남,76세,상해없음,보행자,여,22세,중상
2013073100100591,2013년 7월 31일 22시,수요일,광주광역시 광산구 우산동,경상사고,0,0,2,0,차대차 - 추돌 - 진행중,안전거리미확보,건조,흐림,기타 - 기타,승용,여,32세,경상,승합,남,39세,경상
2013073100100592,2013년 7월 31일 22시,수요일,광주광역시 광산구 쌍암동,경상사고,0,0,1,0,차대차 - 측면직각충돌,차로위반,건조,맑음,단일로 - 기타,승용,남,50세,상해없음,승용,남,25세,경상
2013073100100627,2013년 7월 31일 23시,수요일,광주광역시 북구 누문동,경상사고,0,0,1,0,차량단독 - 공작물충돌,안전운전불이행,건조,맑음,교차로 - 교차로부근,승용,남,22세,경상,,,,
2013080100100015,2013년 8월 1일 00시,목요일,광주광역시 서구 금호동,중상사고,0,1,0,0,차대차 - 정면충돌,안전운전불이행,건조,흐림,단일로 - 기타,화물,남,41세,상해없음,이륜,남,42세,중상
2013080100100046,2013년 8월 1일 02시,목요일,광주광역시 서구 치평동,경상사고,0,0,2,0,차대차 - 측면직각충돌,안전거리미확보,건조,맑음,단일로 - 기타,승용,남,44세,경상,승용,여,44세,상해없음
2013080100100058,2013년 8월 1일 03시,목요일,광주광역시 서구 양동,중상사고,0,1,0,0,차대사람 - 기타,안전운전불이행,건조,맑음,단일로 - 기타,승용,여,28세,상해없음,보행자,남,33세,중상
2013080100100066,2013년 8월 1일 04시,목요일,광주광역시 광산구 신창동,경상사고,0,0,9,0,차대차 - 정면충돌,중앙선침범,건조,맑음,단일로 - 기타,승용,남,33세,상해없음,승합,남,59세,경상
2013080100100140,2013년 8월 1일 08시,목요일,광주광역시 남구 백운동,경상사고,0,0,1,0,차대사람 - 횡단중,안전운전불이행,건조,맑음,단일로 - 기타,승용,여,53세,상해없음,보행자,남,23세,경상
2013080100100172,2013년 8월 1일 09시,목요일,광주광역시 북구 용봉동,경상사고,0,0,2,0,차대차 - 기타,교차로운행방법위반,건조,맑음,교차로 - 교차로안,승용,남,58세,상해없음,승용,여,23세,경상
2013080100100238,2013년 8월 1일 11시,목요일,광주광역시 북구 풍향동,경상사고,0,0,1,0,차대차 - 추돌 - 주정차중,안전운전불이행,건조,맑음,기타 - 기타,승용,남,70세,경상,화물,남,49세,기타불명
2013080100100239,2013년 8월 1일 11시,목요일,광주광역시 광산구 도천동,경상사고,0,0,1,0,차대차 - 추돌 - 주정차중,안전운전불이행,건조,맑음,단일로 - 기타,화물,남,27세,상해없음,자전거,남,13세,경상
2013080100100269,2013년 8월 1일 12시,목요일,광주광역시 동구 장동,경상사고,0,0,1,0,차대차 - 기타,안전운전불이행,건조,맑음,교차로 - 교차로안,승용,남,50세,상해없음,자전거,남,23세,경상