사고번호,사고일시,요일,시군구,사고내용,사망자수,중상자수,경상자수,부상신고자수,사고유형,법규위반,노면상태,기상상태,도로형태,가해운전자 차종,가해운전자 성별,가해운전자 연령,가해운전자 상해정도,피해운전자 차종,피해운전자 성별,피해운전자 연령,피해운전자 상해정도
2013080100100318,2013년 8월 1일 14시,목요일,광주광역시 남구 방림동,중상사고,0,1,0,0,차대차 - 측면직각충돌,안전거리미확보,건조,맑음,교차로 - 교차로안,이륜,남,68세,중상,승용,남,45세,상해없음
2013080100100319,2013년 8월 1일 14시,목요일,광주광역시 북구 각화동,중상사고,0,1,0,0,차대사람 - 횡단중,안전운전불이행,건조,맑음,단일로 - 횡단보도상,승용,여,51세,상해없음,보행자,여,75세,중상
2013080100100354,2013년 8월 1일 15시,목요일,광주광역시 남구 진월동,경상사고,0,0,1,0,차대차 - 측면직각충돌,안전거리미확보,건조,맑음,단일로 - 기타,원동기,남,20세,경상,승용,여,39세,상해없음
2013080100100355,2013년 8월 1일 15시,목요일,광주광역시 광산구 우산동,경상사고,0,0,1,0,차대차 - 기타,안전운전불이행,건조,맑음,교차로 - 교차로부근,승용,남,37세,상해없음,원동기,남,16세,경상
2013080100100432,2013년 8월 1일 17시,목요일,광주광역시 광산구 송정동,중상사고,0,1,0,0,차대차 - 측면직각충돌,안전운전불이행,건조,맑음,교차로 - 교차로안,원동기,남,59세,중상,승용,남,49세,상해없음
2013080100100433,2013년 8월 1일 17시,목요일,광주광역시 광산구 소촌동,경상사고,0,0,1,0,차대차 - 추돌 - 주정차중,안전운전불이행,건조,맑음,단일로 - 기타,승용,남,45세,상해없음,승용,남,61세,경상
2013080100100461,2013년 8월 1일 18시,목요일,광주광역시 동구 수기동,경상사고,0,0,1,0,차대차 - 기타,신호위반,건조,맑음,교차로 - 교차로안,승용,남,52세,상해없음,승용,남,28세,경상
2013080100100462,2013년 8월 1일 18시,목요일,광주광역시 북구 용봉동,경상사고,0,0,6,0,차대차 - 측면직각충돌,안전운전불이행,건조,맑음,단일로 - 기타,승용,남,41세,경상,승용,남,57세,경상
2013080100100463,2013년 8월 1일 18시,목요일,광주광역시 광산구 월계동,중상사고,0,1,0,0,차대사람 - 횡단중,안전운전불이행,건조,맑음,단일로 - 기타,승용,남,42세,상해없음,보행자,남,84세,상해없음
2013080100100490,2013년 8월 1일 19시,목요일,광주광역시 서구 금호동,중상사고,0,1,0,0,차대사람 - 횡단중,안전운전불이행,건조,맑음,단일로 - 기타,화물,남,48세,상해없음,보행자,남,4세,중상
2013080100100491,2013년 8월 1일 19시,목요일,광주광역시 서구 광천동,경상사고,0,0,1,0,차량단독 - 기타,안전운전불이행,건조,맑음,단일로 - 기타,승합,남,56세,상해없음,,,,
2013080100100529,2013년 8월 1일 20시,목요일,광주광역시 동구 학동,중상사고,0,1,0,0,차대사람 - 횡단중,안전운전불이행,건조,맑음,기타 - 기타,승용,여,41세,상해없음,보행자,남,75세,중상
2013080100100530,2013년 8월 1일 20시,목요일,광주광역시 서구 쌍촌동,경상사고,0,0,1,0,차대차 - 측면직각충돌,안전운전불이행,건조,맑음,단일로 - 기타,승용,남,48세,상해없음,승용,남,53세,경상
2013080100100531,2013년 8월 1일 20시,목요일,광주광역시 광산구 수완동,경상사고,0,0,2,0,차량단독 - 공작물충돌,안전운전불이행,건조,맑음,단일로 - 기타,승용,남,46세,상해없음,,,,
2013080100100532,2013년 8월 1일 20시,목요일,광주광역시 광산구 쌍암동,중상사고,0,1,0,0,차대차 - 정면충돌,안전운전불이행,건조,맑음,기타 - 기타,승용,여,48세,상해없음,승용,기타불명,기타불명,기타불명
2013080100100554,2013년 8월 1일 21시,목요일,광주광역시 서구 쌍촌동,경상사고,0,0,1,0,차대사람 - 보도통행중,보행자보호의무위반,건조,맑음,단일로 - 횡단보도상,승용,여,56세,상해없음,보행자,여,21세,경상
2013080100100555,2013년 8월 1일 21시,목요일,광주광역시 서구 쌍촌동,중상사고,0,1,0,0,차대차 - 측면직각충돌,직진우회전진행방해,건조,맑음,교차로 - 교차로안,이륜,남,51세,중상,승용,남,59세,상해없음
2013080100100587,2013년 8월 1일 22시,목요일,광주광역시 서구 쌍촌동,경상사고,0,0,1,0,차대사람 - 횡단중,중앙선침범,건조,맑음,단일로 - 기타,승용,남,26세,상해없음,보행자,남,34세,경상
2013080100100588,2013년 8월 1일 22시,목요일,광주광역시 북구 오치동,경상사고,0,0,1,0,차대사람 - 차도통행중,안전운전불이행,건조,맑음,단일로 - 기타,승용,남,67세,상해없음,보행자,남,20세,경상
2013080100100589,2013년 8월 1일 22시,목요일,광주광역시 광산구 월계동,경상사고,0,0,1,0,차대차 - 측면직각충돌,신호위반,건조,맑음,교차로 - 교차로부근,승용,남,43세,상해없음,자전거,남,37세,경상
2013080100100613,2013년 8월 1일 23시,목요일,광주광역시 남구 주월동,경상사고,0,0,4,0,차대차 - 추돌 - 진행중,안전운전불이행,건조,맑음,단일로 - 기타,화물,남,30세,상해없음,승용,여,38세,경상
2013080100100614,2013년 8월 1일 23시,목요일,광주광역시 북구 운암동,중상사고,0,2,1,0,차대차 - 기타,신호위반,건조,맑음,교차로 - 교차로안,승용,남,49세,기타불명,승용,남,43세,경상
2013080200100020,2013년 8월 2일 00시,금요일,광주광역시 서구 풍암동,경상사고,0,0,1,0,차대차 - 추돌 - 주정차중,안전운전불이행,건조,맑음,교차로 - 교차로부근,승용,남,48세,상해없음,승용,여,42세,경상
2013080200100021,2013년 8월 2일 00시,금요일,광주광역시 광산구 장덕동,경상사고,0,0,1,0,차대차 - 측면직각충돌,교차로운행방법위반,건조,맑음,교차로 - 교차로안,화물,남,53세,상해없음,승용,남,22세,경상
2013080200100033,2013년 8월 2일 01시,금요일,광주광역시 광산구 신창동,경상사고,0,0,1,0,차대차 - 측면직각충돌,신호위반,건조,맑음,교차로 - 교차로안,승용,남,31세,상해없음,원동기,남,46세,경상
2013080200100046,2013년 8월 2일 02시,금요일,광주광역시 북구 용봉동,중상사고,0,1,0,0,차대사람 - 길가장자리구역통행중,안전운전불이행,건조,맑음,교차로 - 교차로안,기타불명,기타불명,기타불명,기타불명,보행자,남,48세,중상
2013080200100152,2013년 8월 2일 10시,금요일,광주광역시 북구 두암동,중상사고,0,1,0,0,차대사람 - 횡단중,안전운전불이행,건조,맑음,기타 - 기타,승용,남,61세,상해없음,보행자,남,70세,중상
2013080200100221,2013년 8월 2일 12시,금요일,광주광역시 광산구 우산동,경상사고,0,0,1,0,차대사람 - 횡단중,보행자보호의무위반,건조,맑음,단일로 - 횡단보도상,승용,남,49세,상해없음,보행자,남,44세,경상
2013080200100255,2013년 8월 2일 13시,금요일,광주광역시 서구 치평동,경상사고,0,0,1,1,차대차 - 측면직각충돌,교차로운행방법위반,건조,맑음,교차로 - 교차로안,승용,여,47세,부상신고,승용,여,55세,경상
2013080200100286,2013년 8월 2일 14시,금요일,광주광역시 남구 행암동,경상사고,0,0,1,0,차대차 - 추돌 - 주정차중,안전운전불이행,건조,맑음,단일로 - 기타,승용,여,55세,경상,승용,남,38세,상해없음
2013080200100287,2013년 8월 2일 14시,금요일,광주광역시 광산구 우산동,경상사고,0,0,3,0,차대차 - 추돌 - 진행중,안전거리미확보,건조,맑음,단일로 - 기타,승용,남,52세,상해없음,화물,남,29세,경상
2013080200100317,2013년 8월 2일 15시,금요일,광주광역시 광산구 우산동,경상사고,0,0,2,0,차대차 - 측면직각충돌,교차로운행방법위반,건조,맑음,교차로 - 교차로안,화물,남,30세,상해없음,승용,여,20세,경상
2013080200100347,2013년 8월 2일 16시,금요일,광주광역시 광산구 비아동,중상사고,0,1,1,0,차대차 - 측면직각충돌,신호위반,건조,맑음,교차로 - 교차로안,화물,남,47세,경상,승용,남,48세,중상
2013080200100386,2013년 8월 2일 17시,금요일,광주광역시 동구 충장로5가,중상사고,0,2,0,0,차대사람 - 기타,중앙선침범,건조,맑음,교차로 - 교차로부근,화물,남,33세,상해없음,보행자,여,56세,중상
2013080200100417,2013년 8월 2일 18시,금요일,광주광역시 서구 쌍촌동,부상신고사고,0,0,0,1,차대차 - 추돌 - 진행중,안전거리미확보,건조,맑음,단일로 - 기타,이륜,남,22세,부상신고,승용,남,36세,상해없음
2013080200100418,2013년 8월 2일 18시,금요일,광주광역시 북구 중흥동,중상사고,0,1,0,0,차대사람 - 횡단중,안전운전불이행,건조,맑음,단일로 - 기타,승용,남,51세,상해없음,보행자,여,70세,중상
2013080200100419,2013년 8월 2일 18시,금요일,광주광역시 광산구 월계동,중상사고,0,1,0,0,차대차 - 기타,신호위반,건조,맑음,교차로 - 교차로부근,승용,남,18세,상해없음,이륜,남,17세,중상
2013080200100448,2013년 8월 2일 19시,금요일,광주광역시 북구 신안동,경상사고,0,0,1,0,차대차 - 측면직각충돌,신호위반,건조,맑음,교차로 - 교차로안,자전거,남,61세,경상,승용,남,35세,상해없음
2013080200100474,2013년 8월 2일 20시,금요일,광주광역시 동구 서석동,경상사고,0,0,1,0,차대차 - 추돌 - 주정차중,안전운전불이행,건조,맑음,단일로 - 기타,승용,남,71세,상해없음,승용,남,47세,경상
2013080200100475,2013년 8월 2일 20시,금요일,광주광역시 광산구 장덕동,중상사고,0,1,0,0,차대차 - 측면직각충돌,교차로운행방법위반,건조,흐림,단일로 - 기타,이륜,남,46세,중상,승용,남,26세,상해없음
2013080200100513,2013년 8월 2일 21시,금요일,광주광역시 서구 치평동,경상사고,0,0,3,0,차대차 - 기타,안전운전불이행,건조,맑음,교차로 - 교차로안,기타불명,기타불명,기타불명,기타불명,승용,여,34세,경상
2013080200100514,2013년 8월 2일 21시,금요일,광주광역시 서구 금호동,경상사고,0,0,1,0,차대사람 - 길가장자리구역통행중,안전운전불이행,건조,맑음,교차로 - 교차로안,승용,여,28세,상해없음,보행자,여,43세,경상
2013080200100515,2013년 8월 2일 21시,금요일,광주광역시 광산구 송정동,중상사고,0,1,1,0,차대차 - 기타,신호위반,건조,맑음,교차로 - 교차로안,승용,여,44세,상해없음,승용,남,53세,경상
2013080200100571,2013년 8월 2일 23시,금요일,광주광역시 서구 화정동,경상사고,0,0,2,0,차대차 - 기타,신호위반,건조,맑음,교차로 - 교차로안,승용,남,53세,기타불명,승용,남,37세,경상
2013080300100037,2013년 8월 3일 01시,토요일,광주광역시 서구 치평동,경상사고,0,0,2,0,차대사람 - 기타,안전운전불이행,건조,맑음,교차로 - 교차로부근,승용,남,49세,기타불명,보행자,남,30세,경상
2013080300100065,2013년 8월 3일 03시,토요일,광주광역시 북구 문흥동,경상사고,0,0,2,0,차대차 - 측면직각충돌,안전운전불이행,건조,맑음,단일로 - 기타,승용,남,63세,상해없음,승용,남,28세,경상
2013080300100077,2013년 8월 3일 04시,토요일,광주광역시 서구 서창동,경상사고,0,0,1,0,차대차 - 측면직각충돌,신호위반,건조,맑음,교차로 - 교차로안,승용,남,56세,상해없음,승용,여,31세,경상
2013080300100078,2013년 8월 3일 04시,토요일,광주광역시 북구 용봉동,경상사고,0,0,7,0,차대차 - 추돌 - 진행중,차로위반,건조,맑음,교차로 - 교차로부근,승용,남,18세,경상,승용,남,25세,경상
2013080300100107,2013년 8월 3일 06시,토요일,광주광역시 서구 금호동,부상신고사고,0,0,0,1,차대차 - 측면직각충돌,중앙선침범,건조,맑음,단일로 - 기타,승용,남,27세,상해없음,화물,남,42세,부상신고
2013080300100139,2013년 8월 3일 08시,토요일,광주광역시 북구 연제동,경상사고,0,0,1,0,차대차 - 기타,안전운전불이행,건조,맑음,단일로 - 기타,승용,남,53세,상해없음,승용,남,34세,상해없음
2013080300100170,2013년 8월 3일 09시,토요일,광주광역시 서구 금호동,경상사고,0,0,1,0,차대차 - 기타,교차로운행방법위반,건조,맑음,교차로 - 교차로안,승용,여,33세,상해없음,승용,남,61세,경상
2013080300100260,2013년 8월 3일 12시,토요일,광주광역시 광산구 월계동,경상사고,0,0,1,0,차대차 - 측면직각충돌,안전운전불이행,건조,맑음,단일로 - 기타,승용,남,48세,상해없음,승용,남,33세,경상
2013080300100298,2013년 8월 3일 13시,토요일,광주광역시 서구 매월동,중상사고,0,2,3,0,차대차 - 측면직각충돌,신호위반,습기,비,교차로 - 교차로안,승용,남,75세,중상,승용,남,33세,경상
2013080300100442,2013년 8월 3일 17시,토요일,광주광역시 광산구 산정동,중상사고,0,1,0,0,차대차 - 기타,안전운전불이행,건조,흐림,교차로 - 교차로안,승용,남,40세,상해없음,이륜,남,39세,중상
2013080300100488,2013년 8월 3일 18시,토요일,광주광역시 북구 신안동,경상사고,0,0,1,0,차대차 - 기타,교차로운행방법위반,건조,맑음,교차로 - 교차로안,승용,남,52세,상해없음,자전거,남,55세,경상
2013080300100556,2013년 8월 3일 20시,토요일,광주광역시 남구 백운동,경상사고,0,0,1,0,차대사람 - 길가장자리구역통행중,안전운전불이행,건조,맑음,교차로 - 교차로부근,승용,여,29세,상해없음,보행자,남,57세,경상
2013080300100557,2013년 8월 3일 20시,토요일,광주광역시 광산구 두정동,경상사고,0,0,1,0,차대차 - 측면직각충돌,중앙선침범,건조,맑음,단일로 - 기타,승용,남,54세,기타불명,자전거,남,18세,경상
2013080300100617,2013년 8월 3일 22시,토요일,광주광역시 서구 치평동,경상사고,0,0,2,0,차대사람 - 횡단중,보행자보호의무위반,건조,맑음,교차로 - 교차로부근,승용,남,33세,상해없음,보행자,여,34세,경상
2013080300100618,2013년 8월 3일 22시,토요일,광주광역시 광산구 산정동,경상사고,0,0,1,0,차대차 - 추돌 - 주정차중,안전운전불이행,건조,맑음,교차로 - 교차로부근,승용,남,41세,상해없음,승용,남,37세,경상
2013080300100648,2013년 8월 3일 23시,토요일,광주광역시 서구 금호동,경상사고,0,0,2,0,차대차 - 측면직각충돌,안전거리미확보,건조,맑음,단일로 - 기타,승용,남,33세,상해없음,승용,남,49세,경상
2013080400100022,2013년 8월 4일 02시,일요일,광주광역시 서구 치평동,중상사고,0,2,2,0,차대차 - 측면직각충돌,안전운전불이행,건조,맑음,단일로 - 기타,화물,남,53세,상해없음,승용,남,42세,중상
2013080400100023,2013년 8월 4일 02시,일요일,광주광역시 광산구 수완동,중상사고,0,1,0,0,차대차 - 기타,교차로운행방법위반,건조,맑음,교차로 - 교차로안,승용,남,48세,상해없음,이륜,남,20세,중상
2013080400100143,2013년 8월 4일 10시,일요일,광주광역시 남구 양림동,경상사고,0,0,1,0,차대차 - 측면직각충돌,신호위반,건조,맑음,교차로 - 교차로안,승합,남,50세,상해없음,승용,남,28세,경상
2013080400100214,2013년 8월 4일 13시,일요일,광주광역시 북구 연제동,경상사고,0,0,5,0,차대차 - 측면직각충돌,안전운전불이행,건조,맑음,단일로 - 교량,승용,남,44세,상해없음,승용,남,36세,경상
2013080400100244,2013년 8월 4일 14시,일요일,광주광역시 서구 화정동,경상사고,0,0,1,0,차대사람 - 기타,안전운전불이행,건조,맑음,미분류 - 미분류,승용,여,42세,상해없음,보행자,남,19세,경상
2013080400100279,2013년 8월 4일 15시,일요일,광주광역시 북구 운암동,경상사고,0,0,1,0,차대차 - 기타,신호위반,건조,맑음,교차로 - 교차로안,승용,남,65세,상해없음,원동기,남,64세,경상
2013080400100343,2013년 8월 4일 17시,일요일,광주광역시 동구 지산동,경상사고,0,0,1,0,차대사람 - 횡단중,안전운전불이행,건조,맑음,단일로 - 기타,자전거,남,32세,상해없음,보행자,남,21세,경상
2013080400100363,2013년 8월 4일 18시,일요일,광주광역시 광산구 송정동,경상사고,0,0,1,0,차대차 - 측면직각충돌,안전거리미확보,건조,맑음,단일로 - 기타,승용,남,28세,상해없음,승용,남,40세,경상
2013080400100414,2013년 8월 4일 20시,일요일,광주광역시 광산구 장덕동,경상사고,0,0,3,0,차대차 - 측면직각충돌,안전운전불이행,건조,맑음,단일로 - 기타,이륜,남,18세,경상,승용,남,53세,경상
2013080400100439,2013년 8월 4일 21시,일요일,광주광역시 서구 화정동,경상사고,0,0,3,0,차대차 - 추돌 - 주정차중,안전운전불이행,건조,맑음,단일로 - 기타,승용,남,39세,상해없음,승용,남,32세,경상
2013080400100440,2013년 8월 4일 21시,일요일,광주광역시 북구 용봉동,경상사고,0,0,1,0,차대차 - 기타,안전운전불이행,건조,맑음,단일로 - 기타,승용,남,52세,상해없음,이륜,남,18세,경상
2013080400100441,2013년 8월 4일 21시,일요일,광주광역시 광산구 소촌동,경상사고,0,0,1,0,차대사람 - 횡단중,보행자보호의무위반,건조,흐림,단일로 - 횡단보도상,승합,남,76세,상해없음,보행자,남,36세,경상
2013080400100466,2013년 8월 4일 22시,일요일,광주광역시 광산구 월계동,중상사고,0,2,1,0,차대사람 - 기타,안전운전불이행,건조,맑음,교차로 - 교차로안,원동기,남,16세,중상,보행자,남,25세,중상
2013080400100484,2013년 8월 4일 23시,일요일,광주광역시 남구 주월동,경상사고,0,0,3,0,차대차 - 측면직각충돌,신호위반,건조,맑음,교차로 - 교차로안,승용,남,20세,상해없음,승용,남,42세,경상
2013080500100031,2013년 8월 5일 04시,월요일,광주광역시 광산구 신가동,경상사고,0,0,6,0,차대차 - 추돌 - 진행중,직진우회전진행방해,건조,맑음,교차로 - 교차로안,승용,남,22세,경상,승합,남,42세,경상
2013080500100106,2013년 8월 5일 08시,월요일,광주광역시 동구 월남동,중상사고,0,2,0,0,차대차 - 기타,차로위반,건조,맑음,교차로 - 교차로부근,승용,남,47세,상해없음,승용,남,41세,중상
2013080500100107,2013년 8월 5일 08시,월요일,광주광역시 북구 중흥동,경상사고,0,0,1,0,차대차 - 측면직각충돌,안전운전불이행,건조,맑음,교차로 - 교차로안,승용,여,55세,상해없음,자전거,남,74세,경상
2013080500100167,2013년 8월 5일 10시,월요일,광주광역시 광산구 소촌동,경상사고,0,0,1,0,차대차 - 기타,중앙선침범,건조,맑음,단일로 - 기타,승합,여,40세,상해없음,승용,여,37세,경상
2013080500100198,2013년 8월 5일 11시,월요일,광주광역시 서구 화정동,경상사고,0,0,1,0,차대차 - 기타,안전거리미확보,건조,맑음,교차로 - 교차로부근,승용,남,58세,상해없음,승용,남,56세,경상
2013080500100199,2013년 8월 5일 11시,월요일,광주광역시 북구 삼각동,중상사고,0,1,0,0,차대사람 - 횡단중,보행자보호의무위반,건조,맑음,단일로 - 횡단보도상,승용,남,42세,상해없음,보행자,여,70세,중상
2013080500100232,2013년 8월 5일 12시,월요일,광주광역시 남구 백운동,경상사고,0,0,2,0,차대차 - 측면직각충돌,안전운전불이행,건조,맑음,교차로 - 교차로부근,화물,남,62세,상해없음,승용,남,32세,경상
2013080500100261,2013년 8월 5일 13시,월요일,광주광역시 서구 동천동,경상사고,0,0,1,0,차대차 - 정면충돌,안전운전불이행,건조,맑음,교차로 - 교차로안,승합,여,53세,상해없음,이륜,남,44세,경상
2013080500100336,2013년 8월 5일 15시,월요일,광주광역시 북구 연제동,경상사고,0,0,1,0,차대차 - 측면직각충돌,중앙선침범,건조,맑음,단일로 - 기타,승용,남,73세,상해없음,승용,남,33세,경상
2013080500100337,2013년 8월 5일 15시,월요일,광주광역시 북구 용봉동,부상신고사고,0,0,0,1,차대차 - 측면직각충돌,안전운전불이행,건조,맑음,교차로 - 교차로부근,승용,남,24세,상해없음,이륜,남,75세,부상신고
2013080500100365,2013년 8월 5일 16시,월요일,광주광역시 남구 월산동,경상사고,0,0,1,0,차대차 - 측면직각충돌,안전운전불이행,건조,맑음,교차로 - 교차로부근,승용,남,35세,상해없음,이륜,남,66세,경상
2013080500100446,2013년 8월 5일 18시,월요일,광주광역시 남구 월산동,경상사고,0,0,6,0,차대차 - 추돌 - 주정차중,안전거리미확보,건조,맑음,기타 - 기타,승용,남,27세,상해없음,승용,남,61세,경상
2013080500100447,2013년 8월 5일 18시,월요일,광주광역시 북구 신안동,경상사고,0,0,3,0,차대차 - 추돌 - 진행중,안전운전불이행,건조,맑음,단일로 - 기타,승용,남,25세,경상,승용,남,59세,경상
2013080500100448,2013년 8월 5일 18시,월요일,광주광역시 북구 오치동,중상사고,0,1,3,0,차대차 - 측면직각충돌,교차로운행방법위반,건조,맑음,교차로 - 교차로안,승용,남,26세,중상,승용,남,59세,경상
2013080500100580,2013년 8월 5일 22시,월요일,광주광역시 서구 동천동,중상사고,0,1,0,0,차대사람 - 횡단중,안전운전불이행,건조,맑음,교차로 - 교차로안,화물,남,38세,상해없음,보행자,남,51세,중상
2013080500100581,2013년 8월 5일 22시,월요일,광주광역시 북구 용봉동,중상사고,0,1,1,0,차대차 - 측면직각충돌,중앙선침범,건조,맑음,단일로 - 기타,원동기,남,16세,중상,승용,남,24세,경상
2013080500100582,2013년 8월 5일 22시,월요일,광주광역시 북구 두암동,경상사고,0,0,1,0,차대차 - 추돌 - 진행중,신호위반,건조,맑음,교차로 - 교차로안,승용,남,55세,상해없음,원동기,남,17세,경상
2013080500100598,2013년 8월 5일 23시,월요일,광주광역시 광산구 우산동,경상사고,0,0,1,0,차대차 - 측면직각충돌,안전거리미확보,건조,맑음,단일로 - 기타,승용,남,47세,상해없음,승용,남,59세,상해없음
2013080600100014,2013년 8월 6일 00시,화요일,광주광역시 서구 화정동,경상사고,0,0,1,0,차대차 - 측면직각충돌,차로위반,건조,맑음,교차로 - 교차로부근,승용,남,34세,상해없음,이륜,남,16세,경상
2013080600100032,2013년 8월 6일 01시,화요일,광주광역시 서구 농성동,경상사고,0,0,4,0,차대차 - 기타,신호위반,건조,맑음,교차로 - 교차로안,승용,남,26세,상해없음,승용,남,62세,경상
2013080600100033,2013년 8월 6일 01시,화요일,광주광역시 남구 백운동,중상사고,0,1,3,0,차대차 - 추돌 - 주정차중,안전운전불이행,건조,맑음,교차로 - 교차로부근,승용,남,29세,경상,승용,남,46세,경상
2013080600100054,2013년 8월 6일 03시,화요일,광주광역시 광산구 하남동,경상사고,0,0,1,0,차대차 - 측면직각충돌,신호위반,건조,맑음,교차로 - 교차로안,화물,남,46세,상해없음,승용,남,44세,경상
2013080600100059,2013년 8월 6일 04시,화요일,광주광역시 서구 쌍촌동,경상사고,0,0,1,0,차량단독 - 기타,안전운전불이행,건조,흐림,단일로 - 기타,이륜,남,22세,경상,,,,
2013080600100065,2013년 8월 6일 05시,화요일,광주광역시 북구 동림동,경상사고,0,0,1,0,차량단독 - 공작물충돌,안전운전불이행,건조,맑음,단일로 - 기타,승용,남,56세,경상,,,,
2013080600100078,2013년 8월 6일 06시,화요일,광주광역시 남구 방림동,중상사고,0,1,0,0,차대사람 - 횡단중,신호위반,건조,맑음,교차로 - 교차로부근,승용,남,65세,상해없음,보행자,여,71세,중상
2013080600100079,2013년 8월 6일 06시,화요일,광주광역시 북구 임동,경상사고,0,0,1,0,차대차 - 정면충돌,중앙선침범,건조,맑음,단일로 - 기타,승용,남,26세,상해없음,승용,남,36세,경상
2013080600100080,2013년 8월 6일 06시,화요일,광주광역시 광산구 우산동,경상사고,0,0,1,0,차대차 - 측면직각충돌,교차로운행방법위반,건조,맑음,단일로 - 기타,승용,남,25세,상해없음,원동기,남,50세,경상
2013080600100104,2013년 8월 6일 07시,화요일,광주광역시 북구 두암동,경상사고,0,0,1,0,차대사람 - 횡단중,보행자보호의무위반,건조,맑음,단일로 - 기타,승용,여,25세,상해없음,보행자,여,18세,경상
2013080600100105,2013년 8월 6일 07시,화요일,광주광역시 광산구 산정동,경상사고,0,0,2,0,차대차 - 추돌 - 주정차중,안전운전불이행,건조,맑음,단일로 - 기타,승용,남,50세,상해없음,승용,남,26세,경상
2013080600100137,2013년 8월 6일 08시,화요일,광주광역시 북구 임동,경상사고,0,0,1,0,차대차 - 측면직각충돌,안전거리미확보,건조,맑음,단일로 - 기타,승용,남,31세,상해없음,승용,남,35세,경상
2013080600100193,2013년 8월 6일 10시,화요일,광주광역시 서구 농성동,경상사고,0,0,2,0,차대차 - 추돌 - 주정차중,안전운전불이행,건조,맑음,교차로 - 교차로부근,승용,남,69세,상해없음,승용,여,48세,경상
2013080600100194,2013년 8월 6일 10시,화요일,광주광역시 서구 치평동,중상사고,0,1,0,0,차대사람 - 기타,안전운전불이행,건조,맑음,기타 - 기타,승용,여,32세,상해없음,보행자,여,41세,중상
2013080600100227,2013년 8월 6일 11시,화요일,광주광역시 광산구 송정동,중상사고,0,1,0,0,차대차 - 측면직각충돌,안전거리미확보,건조,맑음,교차로 - 교차로부근,승용,여,39세,상해없음,이륜,남,33세,중상
2013080600100250,2013년 8월 6일 12시,화요일,광주광역시 동구 대인동,경상사고,0,0,1,0,차대사람 - 기타,안전운전불이행,건조,맑음,단일로 - 기타,승합,남,49세,상해없음,보행자,여,21세,경상
2013080600100251,2013년 8월 6일 12시,화요일,광주광역시 북구 본촌동,경상사고,0,0,1,0,차대차 - 측면직각충돌,교차로운행방법위반,건조,맑음,교차로 - 교차로안,승용,여,51세,상해없음,이륜,남,60세,경상
2013080600100252,2013년 8월 6일 12시,화요일,광주광역시 광산구 신가동,중상사고,0,1,0,0,차대차 - 측면직각충돌,신호위반,건조,맑음,교차로 - 교차로안,승용,남,47세,상해없음,승용,남,36세,중상
2013080600100253,2013년 8월 6일 12시,화요일,광주광역시 광산구 하남동,경상사고,0,0,1,0,차대차 - 기타,안전운전불이행,건조,맑음,단일로 - 기타,승용,남,42세,상해없음,원동기,남,17세,경상
2013080600100291,2013년 8월 6일 13시,화요일,광주광역시 서구 동천동,경상사고,0,0,1,0,차대차 - 추돌 - 주정차중,안전운전불이행,건조,맑음,교차로 - 교차로부근,승합,남,41세,상해없음,승용,여,45세,경상
2013080600100292,2013년 8월 6일 13시,화요일,광주광역시 남구 방림동,경상사고,0,0,2,0,차대차 - 측면직각충돌,중앙선침범,건조,맑음,단일로 - 기타,승용,남,43세,상해없음,승합,남,53세,경상
2013080600100293,2013년 8월 6일 13시,화요일,광주광역시 광산구 신가동,경상사고,0,0,1,0,차대차 - 추돌 - 주정차중,안전운전불이행,건조,맑음,단일로 - 기타,승용,남,25세,상해없음,승용,남,42세,상해없음
2013080600100294,2013년 8월 6일 13시,화요일,광주광역시 북구 문흥동,경상사고,0,0,1,0,차대차 - 측면직각충돌,교차로운행방법위반,건조,맑음,교차로 - 교차로안,승합,남,54세,상해없음,원동기,남,27세,경상
2013080600100362,2013년 8월 6일 15시,화요일,광주광역시 광산구 우산동,경상사고,0,0,1,0,차대차 - 측면직각충돌,안전운전불이행,건조,맑음,교차로 - 교차로부근,승용,남,34세,상해없음,원동기,남,28세,경상
2013080600100400,2013년 8월 6일 16시,화요일,광주광역시 광산구 수완동,경상사고,0,0,4,0,차대차 - 측면직각충돌,신호위반,건조,맑음,교차로 - 교차로안,승용,남,74세,경상,승용,남,44세,경상
2013080600100488,2013년 8월 6일 18시,화요일,광주광역시 북구 오치동,경상사고,0,0,5,0,차대차 - 측면직각충돌,안전운전불이행,건조,맑음,교차로 - 교차로안,승용,여,55세,상해없음,승용,남,56세,경상
2013080600100489,2013년 8월 6일 18시,화요일,광주광역시 광산구 소촌동,경상사고,0,0,2,0,차대차 - 추돌 - 진행중,안전거리미확보,건조,맑음,단일로 - 기타,승합,남,59세,상해없음,승용,남,49세,경상
2013080600100524,2013년 8월 6일 19시,화요일,광주광역시 광산구 소촌동,경상사고,0,0,5,0,차대차 - 추돌 - 주정차중,안전운전불이행,건조,맑음,단일로 - 기타,승용,남,45세,상해없음,승용,남,33세,경상
2013080600100525,2013년 8월 6일 19시,화요일,광주광역시 광산구 신촌동,중상사고,0,1,0,0,차대차 - 기타,교차로운행방법위반,건조,맑음,교차로 - 교차로부근,승용,남,30세,상해없음,자전거,남,40세,중상
2013080600100561,2013년 8월 6일 20시,화요일,광주광역시 북구 중흥동,경상사고,0,0,1,0,차대차 - 측면직각충돌,안전운전불이행,건조,맑음,단일로 - 기타,화물,남,45세,상해없음,승용,여,51세,경상