사고번호,사고일시,요일,시군구,사고내용,사망자수,중상자수,경상자수,부상신고자수,사고유형,법규위반,노면상태,기상상태,도로형태,가해운전자 차종,가해운전자 성별,가해운전자 연령,가해운전자 상해정도,피해운전자 차종,피해운전자 성별,피해운전자 연령,피해운전자 상해정도
2013080600100562,2013년 8월 6일 20시,화요일,광주광역시 북구 문흥동,경상사고,0,0,1,0,차대차 - 추돌 - 진행중,안전거리미확보,건조,맑음,교차로 - 교차로안,승용,남,56세,상해없음,이륜,남,29세,경상
2013080600100620,2013년 8월 6일 22시,화요일,광주광역시 남구 주월동,경상사고,0,0,1,0,차대사람 - 횡단중,안전운전불이행,건조,맑음,단일로 - 횡단보도부근,승용,여,51세,상해없음,보행자,남,17세,경상
2013080600100621,2013년 8월 6일 22시,화요일,광주광역시 남구 방림동,경상사고,0,0,1,0,차대사람 - 길가장자리구역통행중,안전운전불이행,건조,맑음,단일로 - 기타,승용,여,41세,상해없음,보행자,여,24세,경상
2013080600100622,2013년 8월 6일 22시,화요일,광주광역시 북구 신안동,경상사고,0,0,1,0,차대사람 - 횡단중,보행자보호의무위반,건조,맑음,단일로 - 횡단보도상,승용,여,52세,상해없음,보행자,여,50세,경상
2013080600100623,2013년 8월 6일 22시,화요일,광주광역시 북구 동림동,경상사고,0,0,1,0,차대차 - 측면직각충돌,안전운전불이행,건조,맑음,단일로 - 기타,승용,여,42세,상해없음,승용,남,37세,경상
2013080600100649,2013년 8월 6일 23시,화요일,광주광역시 광산구 산월동,경상사고,0,0,3,0,차대차 - 추돌 - 진행중,안전운전불이행,건조,맑음,교차로 - 교차로부근,승용,남,58세,경상,승용,남,42세,경상
2013080700100052,2013년 8월 7일 04시,수요일,광주광역시 북구 연제동,중상사고,0,1,1,1,차대차 - 측면직각충돌,과속,건조,맑음,교차로 - 교차로부근,승용,남,48세,부상신고,승용,남,55세,경상
2013080700100123,2013년 8월 7일 08시,수요일,광주광역시 광산구 용동,경상사고,0,0,2,0,차대차 - 측면직각충돌,교차로운행방법위반,건조,맑음,교차로 - 교차로안,화물,남,51세,경상,승용,남,35세,경상
2013080700100147,2013년 8월 7일 09시,수요일,광주광역시 서구 쌍촌동,경상사고,0,0,1,0,차대차 - 기타,안전운전불이행,건조,맑음,단일로 - 기타,승용,여,23세,기타불명,승용,여,47세,경상
2013080700100200,2013년 8월 7일 11시,수요일,광주광역시 서구 농성동,중상사고,0,1,0,0,차대사람 - 횡단중,보행자보호의무위반,건조,맑음,단일로 - 기타,화물,남,59세,상해없음,보행자,여,18세,중상
2013080700100201,2013년 8월 7일 11시,수요일,광주광역시 서구 풍암동,경상사고,0,0,1,0,차대차 - 추돌 - 주정차중,안전운전불이행,건조,맑음,교차로 - 교차로부근,승용,남,66세,상해없음,승용,남,48세,경상
2013080700100231,2013년 8월 7일 12시,수요일,광주광역시 북구 용봉동,경상사고,0,0,2,0,차대차 - 측면직각충돌,안전거리미확보,건조,맑음,단일로 - 기타,승용,남,27세,상해없음,화물,남,52세,경상
2013080700100256,2013년 8월 7일 13시,수요일,광주광역시 서구 풍암동,경상사고,0,0,1,0,차대차 - 추돌 - 진행중,차로위반,건조,맑음,교차로 - 교차로안,승용,남,79세,상해없음,승용,남,42세,경상
2013080700100280,2013년 8월 7일 14시,수요일,광주광역시 남구 월산동,중상사고,0,2,0,0,차대차 - 기타,안전운전불이행,건조,맑음,교차로 - 교차로안,승용,여,51세,상해없음,승용,남,41세,중상
2013080700100309,2013년 8월 7일 15시,수요일,광주광역시 동구 학동,경상사고,0,0,1,0,차대차 - 기타,안전거리미확보,건조,맑음,교차로 - 교차로부근,승용,남,56세,상해없음,승용,남,68세,경상
2013080700100310,2013년 8월 7일 15시,수요일,광주광역시 서구 마륵동,경상사고,0,0,2,0,차대차 - 추돌 - 진행중,안전운전불이행,건조,맑음,교차로 - 교차로안,승용,남,29세,상해없음,승용,남,57세,경상
2013080700100311,2013년 8월 7일 15시,수요일,광주광역시 남구 백운동,경상사고,0,0,1,0,차대차 - 기타,안전운전불이행,건조,맑음,단일로 - 기타,승용,남,53세,상해없음,화물,남,29세,경상
2013080700100312,2013년 8월 7일 15시,수요일,광주광역시 북구 운암동,경상사고,0,0,1,0,차대차 - 추돌 - 주정차중,안전거리미확보,건조,맑음,교차로 - 교차로부근,승용,남,33세,상해없음,승용,여,53세,경상
2013080700100313,2013년 8월 7일 15시,수요일,광주광역시 광산구 신창동,경상사고,0,0,1,0,차대차 - 추돌 - 진행중,안전거리미확보,건조,맑음,단일로 - 기타,승용,여,49세,상해없음,승용,남,33세,경상
2013080700100349,2013년 8월 7일 16시,수요일,광주광역시 북구 운암동,경상사고,0,0,1,0,차대차 - 측면직각충돌,중앙선침범,건조,맑음,단일로 - 기타,승용,남,53세,상해없음,화물,남,37세,경상
2013080700100384,2013년 8월 7일 17시,수요일,광주광역시 동구 서석동,경상사고,0,0,2,0,차대차 - 정면충돌,중앙선침범,건조,맑음,교차로 - 교차로부근,승용,남,24세,상해없음,승용,여,45세,경상
2013080700100421,2013년 8월 7일 18시,수요일,광주광역시 광산구 우산동,경상사고,0,0,1,0,차대차 - 측면직각충돌,안전거리미확보,건조,맑음,단일로 - 기타,화물,남,38세,상해없음,승용,여,44세,경상
2013080700100459,2013년 8월 7일 19시,수요일,광주광역시 광산구 송정동,경상사고,0,0,1,0,차대차 - 측면직각충돌,신호위반,건조,맑음,교차로 - 교차로안,화물,남,60세,경상,승용,여,27세,상해없음
2013080700100516,2013년 8월 7일 21시,수요일,광주광역시 서구 풍암동,경상사고,0,0,1,0,차대차 - 측면직각충돌,안전운전불이행,건조,맑음,단일로 - 기타,승용,남,53세,상해없음,승용,남,34세,경상
2013080700100554,2013년 8월 7일 22시,수요일,광주광역시 서구 치평동,경상사고,0,0,1,0,차대사람 - 기타,안전운전불이행,건조,맑음,단일로 - 기타,승용,남,32세,기타불명,보행자,남,50세,경상
2013080700100584,2013년 8월 7일 23시,수요일,광주광역시 서구 치평동,중상사고,0,1,0,0,차대차 - 측면직각충돌,안전거리미확보,건조,맑음,단일로 - 기타,승용,남,35세,상해없음,이륜,남,44세,중상
2013080700100585,2013년 8월 7일 23시,수요일,광주광역시 북구 신안동,중상사고,0,1,0,0,차대사람 - 차도통행중,기타,건조,맑음,기타 - 기타,승용,남,26세,상해없음,보행자,남,18세,중상
2013080800100025,2013년 8월 8일 01시,목요일,광주광역시 광산구 산정동,경상사고,0,0,1,1,차대차 - 측면직각충돌,교차로운행방법위반,건조,맑음,교차로 - 교차로안,승용,남,31세,부상신고,화물,남,50세,경상
2013080800100038,2013년 8월 8일 02시,목요일,광주광역시 서구 치평동,중상사고,0,1,0,0,차대사람 - 기타,신호위반,건조,맑음,교차로 - 교차로부근,승용,남,31세,상해없음,보행자,여,46세,중상
2013080800100039,2013년 8월 8일 02시,목요일,광주광역시 북구 두암동,경상사고,0,0,6,0,차대차 - 측면직각충돌,교차로운행방법위반,건조,맑음,교차로 - 교차로안,승용,남,26세,상해없음,승용,남,27세,경상
2013080800100132,2013년 8월 8일 08시,목요일,광주광역시 북구 우산동,경상사고,0,0,1,0,차대차 - 기타,안전운전불이행,건조,맑음,단일로 - 기타,승용,여,43세,경상,승용,남,73세,상해없음
2013080800100166,2013년 8월 8일 09시,목요일,광주광역시 동구 서석동,경상사고,0,0,8,0,차대차 - 측면직각충돌,안전운전불이행,건조,맑음,교차로 - 교차로안,승용,여,42세,상해없음,승합,남,56세,상해없음
2013080800100226,2013년 8월 8일 11시,목요일,광주광역시 동구 학동,경상사고,0,0,1,0,차대사람 - 횡단중,안전운전불이행,건조,맑음,단일로 - 기타,승용,여,60세,상해없음,보행자,여,72세,경상
2013080800100312,2013년 8월 8일 14시,목요일,광주광역시 동구 불로동,경상사고,0,0,4,0,차대차 - 측면직각충돌,안전거리미확보,건조,맑음,단일로 - 기타,승용,여,20세,경상,승용,남,56세,경상
2013080800100349,2013년 8월 8일 15시,목요일,광주광역시 북구 신안동,경상사고,0,0,2,0,차대차 - 측면직각충돌,안전운전불이행,건조,맑음,교차로 - 교차로안,승용,남,32세,상해없음,승용,남,39세,상해없음
2013080800100350,2013년 8월 8일 15시,목요일,광주광역시 북구 삼각동,중상사고,0,1,0,0,차대차 - 측면직각충돌,신호위반,건조,맑음,교차로 - 교차로안,승용,여,34세,상해없음,화물,남,41세,중상
2013080800100351,2013년 8월 8일 15시,목요일,광주광역시 광산구 비아동,경상사고,0,0,1,0,차대차 - 기타,안전운전불이행,기타,맑음,단일로 - 기타,기타불명,기타불명,기타불명,기타불명,이륜,남,42세,경상
2013080800100407,2013년 8월 8일 17시,목요일,광주광역시 남구 월산동,경상사고,0,0,1,0,차대차 - 추돌 - 진행중,안전거리미확보,건조,맑음,단일로 - 기타,화물,남,19세,상해없음,승용,여,36세,경상
2013080800100457,2013년 8월 8일 18시,목요일,광주광역시 남구 방림동,경상사고,0,0,1,0,차대차 - 기타,교차로운행방법위반,건조,맑음,단일로 - 기타,승용,남,65세,상해없음,이륜,남,16세,경상
2013080800100458,2013년 8월 8일 18시,목요일,광주광역시 북구 동림동,경상사고,0,0,2,0,차대차 - 추돌 - 진행중,안전거리미확보,건조,맑음,단일로 - 기타,승용,기타불명,기타불명,기타불명,승용,남,57세,경상
2013080800100459,2013년 8월 8일 18시,목요일,광주광역시 북구 오룡동,경상사고,0,0,1,0,차대차 - 추돌 - 진행중,중앙선침범,건조,맑음,단일로 - 기타,승용,남,51세,상해없음,승용,남,31세,경상
2013080800100460,2013년 8월 8일 18시,목요일,광주광역시 광산구 운남동,부상신고사고,0,0,0,1,차대차 - 측면직각충돌,기타,건조,맑음,교차로 - 교차로부근,이륜,남,17세,부상신고,승용,여,24세,상해없음
2013080800100531,2013년 8월 8일 20시,목요일,광주광역시 서구 치평동,경상사고,0,0,2,0,차대차 - 측면직각충돌,신호위반,건조,맑음,교차로 - 교차로안,승용,남,63세,상해없음,승용,남,28세,경상
2013080800100532,2013년 8월 8일 20시,목요일,광주광역시 서구 화정동,경상사고,0,0,1,0,차대사람 - 기타,기타,건조,맑음,단일로 - 기타,승합,남,57세,상해없음,보행자,여,70세,경상
2013080800100533,2013년 8월 8일 20시,목요일,광주광역시 광산구 우산동,경상사고,0,0,1,0,차대차 - 측면직각충돌,교차로운행방법위반,건조,맑음,교차로 - 교차로안,승합,남,38세,상해없음,승합,남,54세,경상
2013080800100566,2013년 8월 8일 21시,목요일,광주광역시 북구 양산동,경상사고,0,0,2,0,차대차 - 추돌 - 주정차중,안전운전불이행,건조,맑음,기타 - 기타,승용,남,32세,상해없음,승합,남,53세,상해없음
2013080800100567,2013년 8월 8일 21시,목요일,광주광역시 광산구 신가동,경상사고,0,0,1,0,차대차 - 측면직각충돌,안전운전불이행,건조,맑음,단일로 - 기타,승용,남,63세,상해없음,원동기,남,23세,경상
2013080800100591,2013년 8월 8일 22시,목요일,광주광역시 서구 벽진동,경상사고,0,0,1,0,차대차 - 측면직각충돌,신호위반,건조,맑음,단일로 - 기타,승용,남,33세,상해없음,승용,여,30세,경상
2013080800100592,2013년 8월 8일 22시,목요일,광주광역시 서구 금호동,경상사고,0,0,1,0,차대사람 - 보도통행중,안전운전불이행,건조,맑음,단일로 - 기타,승용,남,43세,상해없음,보행자,남,62세,경상
2013080900100036,2013년 8월 9일 01시,금요일,광주광역시 북구 신안동,경상사고,0,0,1,0,차대차 - 정면충돌,신호위반,건조,맑음,교차로 - 교차로부근,승용,남,58세,상해없음,이륜,여,23세,경상
2013080900100037,2013년 8월 9일 01시,금요일,광주광역시 북구 풍향동,중상사고,0,1,2,0,차대차 - 기타,신호위반,건조,맑음,교차로 - 교차로안,승용,남,65세,상해없음,승용,남,50세,상해없음
2013080900100119,2013년 8월 9일 08시,금요일,광주광역시 광산구 남산동,중상사고,0,2,3,0,차대차 - 측면직각충돌,교차로운행방법위반,건조,맑음,교차로 - 교차로안,화물,남,42세,상해없음,승용,남,29세,경상
2013080900100153,2013년 8월 9일 09시,금요일,광주광역시 남구 덕남동,경상사고,0,0,1,0,차대차 - 추돌 - 주정차중,안전운전불이행,건조,맑음,단일로 - 기타,화물,남,44세,상해없음,승용,남,43세,경상
2013080900100154,2013년 8월 9일 09시,금요일,광주광역시 광산구 진곡동,경상사고,0,0,1,0,차대차 - 측면직각충돌,중앙선침범,건조,맑음,단일로 - 기타,승용,남,28세,상해없음,승합,남,54세,경상
2013080900100176,2013년 8월 9일 10시,금요일,광주광역시 서구 금호동,경상사고,0,0,1,0,차대차 - 추돌 - 진행중,안전운전불이행,건조,맑음,교차로 - 교차로부근,승용,여,31세,상해없음,자전거,남,11세,경상
2013080900100177,2013년 8월 9일 10시,금요일,광주광역시 남구 진월동,중상사고,0,1,0,0,차대사람 - 보도통행중,기타,건조,맑음,단일로 - 기타,승용,남,63세,상해없음,보행자,여,42세,중상
2013080900100247,2013년 8월 9일 12시,금요일,광주광역시 남구 백운동,부상신고사고,0,0,0,1,차대사람 - 횡단중,신호위반,건조,맑음,단일로 - 기타,기타불명,기타불명,기타불명,기타불명,보행자,여,17세,부상신고
2013080900100248,2013년 8월 9일 12시,금요일,광주광역시 남구 백운동,경상사고,0,0,5,0,차대차 - 측면직각충돌,교차로운행방법위반,건조,맑음,교차로 - 교차로안,승용,남,44세,경상,승합,남,55세,경상
2013080900100286,2013년 8월 9일 13시,금요일,광주광역시 서구 풍암동,중상사고,0,1,0,0,차대사람 - 기타,안전운전불이행,건조,맑음,단일로 - 기타,승용,남,43세,상해없음,보행자,남,13세,중상
2013080900100352,2013년 8월 9일 15시,금요일,광주광역시 광산구 동림동,경상사고,0,0,1,0,차대차 - 기타,안전운전불이행,건조,맑음,단일로 - 횡단보도부근,승용,남,63세,상해없음,자전거,남,65세,경상
2013080900100353,2013년 8월 9일 15시,금요일,광주광역시 광산구 소촌동,경상사고,0,0,2,0,차대차 - 측면직각충돌,안전운전불이행,건조,맑음,교차로 - 교차로안,화물,남,51세,상해없음,승용,남,28세,경상
2013080900100385,2013년 8월 9일 16시,금요일,광주광역시 광산구 신가동,경상사고,0,0,1,0,차대사람 - 횡단중,보행자보호의무위반,건조,맑음,교차로 - 교차로부근,승용,여,39세,상해없음,보행자,여,28세,경상
2013080900100462,2013년 8월 9일 18시,금요일,광주광역시 동구 지산동,경상사고,0,0,3,0,차대차 - 기타,안전운전불이행,건조,맑음,기타 - 기타,승합,남,41세,상해없음,승용,남,47세,경상
2013080900100463,2013년 8월 9일 18시,금요일,광주광역시 서구 농성동,경상사고,0,0,1,0,차대차 - 추돌 - 진행중,안전거리미확보,건조,맑음,단일로 - 기타,승용,남,27세,상해없음,승용,남,41세,경상
2013080900100464,2013년 8월 9일 18시,금요일,광주광역시 서구 풍암동,경상사고,0,0,1,0,차대차 - 추돌 - 주정차중,안전운전불이행,건조,맑음,기타 - 기타,승용,남,59세,상해없음,승용,남,40세,경상
2013080900100465,2013년 8월 9일 18시,금요일,광주광역시 서구 마륵동,경상사고,0,0,1,0,차대사람 - 차도통행중,안전운전불이행,건조,맑음,단일로 - 기타,승용,남,64세,상해없음,보행자,남,37세,경상
2013080900100508,2013년 8월 9일 19시,금요일,광주광역시 서구 매월동,중상사고,0,1,1,0,차대차 - 추돌 - 주정차중,안전거리미확보,건조,맑음,교차로 - 교차로부근,화물,남,66세,상해없음,승용,남,44세,중상
2013080900100509,2013년 8월 9일 19시,금요일,광주광역시 광산구 수완동,경상사고,0,0,3,0,차대차 - 추돌 - 진행중,안전거리미확보,건조,맑음,단일로 - 기타,승용,남,26세,경상,승용,남,56세,경상
2013080900100606,2013년 8월 9일 22시,금요일,광주광역시 광산구 월계동,경상사고,0,0,1,0,차대차 - 추돌 - 진행중,안전운전불이행,건조,맑음,단일로 - 기타,원동기,남,26세,경상,승용,남,52세,상해없음
2013080900100629,2013년 8월 9일 23시,금요일,광주광역시 동구 호남동,경상사고,0,0,2,0,차대차 - 추돌 - 주정차중,안전운전불이행,건조,맑음,단일로 - 기타,승용,남,41세,상해없음,승용,남,21세,경상
2013080900100630,2013년 8월 9일 23시,금요일,광주광역시 광산구 송정동,경상사고,0,0,1,0,차대차 - 추돌 - 진행중,중앙선침범,건조,맑음,단일로 - 기타,승용,남,51세,상해없음,승용,여,32세,경상
2013081000100031,2013년 8월 10일 00시,토요일,광주광역시 북구 동림동,경상사고,0,0,1,0,차대차 - 기타,안전운전불이행,건조,맑음,단일로 - 기타,승용,여,39세,상해없음,승용,남,69세,경상
2013081000100050,2013년 8월 10일 01시,토요일,광주광역시 북구 문흥동,중상사고,0,1,2,0,차대차 - 측면직각충돌,안전거리미확보,건조,맑음,단일로 - 기타,승용,남,53세,중상,승용,남,46세,경상
2013081000100051,2013년 8월 10일 01시,토요일,광주광역시 광산구 월계동,경상사고,0,0,2,0,차대차 - 추돌 - 주정차중,안전운전불이행,건조,맑음,교차로 - 교차로부근,승용,남,23세,상해없음,승용,여,24세,경상
2013081000100052,2013년 8월 10일 01시,토요일,광주광역시 광산구 월계동,경상사고,0,0,2,0,차대차 - 추돌 - 주정차중,안전운전불이행,건조,맑음,교차로 - 교차로안,승합,남,34세,상해없음,승용,남,51세,경상
2013081000100080,2013년 8월 10일 03시,토요일,광주광역시 서구 매월동,중상사고,0,1,0,0,차량단독 - 공작물충돌,안전운전불이행,건조,맑음,단일로 - 기타,승용,남,24세,중상,,,,
2013081000100081,2013년 8월 10일 03시,토요일,광주광역시 서구 광천동,경상사고,0,0,3,0,차대차 - 추돌 - 주정차중,안전운전불이행,건조,맑음,교차로 - 교차로부근,승용,남,23세,상해없음,승용,남,38세,경상
2013081000100094,2013년 8월 10일 04시,토요일,광주광역시 광산구 우산동,경상사고,0,0,1,0,차대사람 - 기타,안전운전불이행,건조,맑음,교차로 - 교차로안,승용,기타불명,기타불명,기타불명,보행자,남,17세,경상
2013081000100114,2013년 8월 10일 05시,토요일,광주광역시 광산구 우산동,경상사고,0,0,3,0,차대차 - 추돌 - 주정차중,안전운전불이행,건조,맑음,단일로 - 기타,승용,남,36세,경상,화물,남,51세,경상
2013081000100177,2013년 8월 10일 08시,토요일,광주광역시 서구 화정동,경상사고,0,0,1,0,차대사람 - 횡단중,보행자보호의무위반,건조,맑음,단일로 - 횡단보도상,승용,여,30세,상해없음,보행자,남,49세,경상
2013081000100194,2013년 8월 10일 09시,토요일,광주광역시 북구 장등동,중상사고,0,1,12,0,차대차 - 기타,안전운전불이행,건조,맑음,단일로 - 기타,승합,남,60세,상해없음,승용,남,27세,경상
2013081000100285,2013년 8월 10일 12시,토요일,광주광역시 광산구 월계동,경상사고,0,0,1,0,차대차 - 측면직각충돌,교차로운행방법위반,건조,맑음,교차로 - 교차로안,승용,여,45세,상해없음,이륜,남,19세,경상
2013081000100286,2013년 8월 10일 12시,토요일,광주광역시 광산구 우산동,경상사고,0,0,3,0,차대차 - 기타,차로위반,건조,맑음,교차로 - 교차로부근,건설기계,남,46세,상해없음,승용,여,46세,경상
2013081000100325,2013년 8월 10일 13시,토요일,광주광역시 동구 산수동,경상사고,0,0,3,0,차대차 - 측면직각충돌,안전거리미확보,건조,맑음,단일로 - 기타,건설기계,남,38세,상해없음,승용,남,54세,경상
2013081000100326,2013년 8월 10일 13시,토요일,광주광역시 광산구 신가동,경상사고,0,0,1,0,차대차 - 기타,안전운전불이행,건조,맑음,기타 - 기타,승용,남,54세,상해없음,승합,남,49세,경상
2013081000100327,2013년 8월 10일 13시,토요일,광주광역시 광산구 신가동,경상사고,0,0,2,0,차대차 - 측면직각충돌,신호위반,건조,맑음,교차로 - 교차로안,승용,여,48세,상해없음,승용,여,54세,경상
2013081000100371,2013년 8월 10일 14시,토요일,광주광역시 북구 일곡동,경상사고,0,0,5,0,차대차 - 측면직각충돌,교차로운행방법위반,건조,맑음,교차로 - 교차로안,승용,여,40세,경상,승용,남,48세,경상
2013081000100372,2013년 8월 10일 14시,토요일,광주광역시 광산구 월곡동,중상사고,0,1,0,0,차대사람 - 횡단중,안전운전불이행,건조,맑음,단일로 - 기타,이륜,남,43세,상해없음,보행자,여,56세,중상
2013081000100433,2013년 8월 10일 16시,토요일,광주광역시 북구 양산동,경상사고,0,0,1,0,차대차 - 추돌 - 주정차중,안전운전불이행,건조,맑음,단일로 - 기타,승용,여,48세,상해없음,승용,남,36세,상해없음
2013081000100463,2013년 8월 10일 17시,토요일,광주광역시 동구 대인동,경상사고,0,0,1,0,차대차 - 추돌 - 주정차중,안전운전불이행,건조,맑음,교차로 - 교차로부근,승용,여,65세,상해없음,승용,남,39세,경상
2013081000100464,2013년 8월 10일 17시,토요일,광주광역시 북구 유동,부상신고사고,0,0,0,1,차대사람 - 기타,안전운전불이행,건조,맑음,교차로 - 교차로부근,기타불명,기타불명,기타불명,기타불명,보행자,남,25세,부상신고
2013081000100465,2013년 8월 10일 17시,토요일,광주광역시 광산구 신룡동,사망사고,1,0,0,0,차량단독 - 도로외이탈 - 추락,안전운전불이행,건조,맑음,교차로 - 교차로안,농기계,남,77세,사망,,,,
2013081000100505,2013년 8월 10일 18시,토요일,광주광역시 서구 치평동,경상사고,0,0,1,0,차대차 - 측면직각충돌,교차로운행방법위반,건조,맑음,교차로 - 교차로안,승용,남,55세,상해없음,승용,남,31세,상해없음
2013081000100506,2013년 8월 10일 18시,토요일,광주광역시 광산구 오선동,경상사고,0,0,1,0,차대차 - 측면직각충돌,차로위반,건조,맑음,단일로 - 기타,자전거,남,46세,경상,승용,남,28세,상해없음
2013081000100543,2013년 8월 10일 19시,토요일,광주광역시 서구 농성동,경상사고,0,0,1,0,차대차 - 기타,안전거리미확보,건조,맑음,단일로 - 기타,승용,남,75세,상해없음,승용,남,26세,경상
2013081000100544,2013년 8월 10일 19시,토요일,광주광역시 광산구 비아동,경상사고,0,0,4,0,차대차 - 측면직각충돌,교차로운행방법위반,건조,맑음,교차로 - 교차로안,화물,남,60세,경상,화물,남,33세,경상
2013081000100563,2013년 8월 10일 20시,토요일,광주광역시 북구 용봉동,경상사고,0,0,1,0,차대차 - 측면직각충돌,신호위반,건조,맑음,교차로 - 교차로안,원동기,남,17세,경상,화물,남,44세,상해없음
2013081000100564,2013년 8월 10일 20시,토요일,광주광역시 광산구 우산동,경상사고,0,0,2,0,차대차 - 측면직각충돌,안전거리미확보,건조,맑음,단일로 - 기타,승용,남,50세,상해없음,승용,남,29세,경상
2013081000100629,2013년 8월 10일 22시,토요일,광주광역시 광산구 신창동,경상사고,0,0,1,0,차대사람 - 기타,안전운전불이행,건조,맑음,교차로 - 교차로부근,이륜,남,19세,상해없음,보행자,여,18세,경상
2013081100100012,2013년 8월 11일 00시,일요일,광주광역시 서구 쌍촌동,경상사고,0,0,3,0,차대차 - 측면직각충돌,안전운전불이행,건조,맑음,단일로 - 기타,승용,남,46세,경상,승용,남,51세,경상
2013081100100028,2013년 8월 11일 01시,일요일,광주광역시 남구 백운동,중상사고,0,4,0,0,차대차 - 측면직각충돌,중앙선침범,건조,맑음,미분류 - 미분류,승용,남,26세,중상,승용,여,33세,중상
2013081100100054,2013년 8월 11일 03시,일요일,광주광역시 서구 광천동,중상사고,0,1,1,0,차대차 - 추돌 - 진행중,안전거리미확보,건조,맑음,교차로 - 교차로부근,화물,남,58세,중상,승용,남,26세,경상
2013081100100064,2013년 8월 11일 04시,일요일,광주광역시 북구 유동,경상사고,0,0,1,0,차대차 - 측면직각충돌,안전거리미확보,건조,맑음,교차로 - 교차로부근,승용,남,30세,상해없음,승용,여,25세,경상
2013081100100065,2013년 8월 11일 04시,일요일,광주광역시 광산구 월계동,중상사고,0,1,0,0,차대차 - 측면직각충돌,중앙선침범,건조,맑음,단일로 - 기타,승용,기타불명,기타불명,기타불명,원동기,남,24세,중상
2013081100100075,2013년 8월 11일 05시,일요일,광주광역시 북구 용봉동,부상신고사고,0,0,0,1,차대차 - 추돌 - 진행중,안전운전불이행,건조,맑음,단일로 - 기타,승용,남,26세,부상신고,승합,남,56세,상해없음
2013081100100086,2013년 8월 11일 06시,일요일,광주광역시 북구 신안동,중상사고,0,1,3,0,차대차 - 측면직각충돌,안전운전불이행,건조,맑음,단일로 - 기타,승용,남,25세,경상,승용,남,56세,경상
2013081100100112,2013년 8월 11일 08시,일요일,광주광역시 동구 학동,경상사고,0,0,1,0,차대차 - 측면직각충돌,안전운전불이행,건조,맑음,단일로 - 기타,승용,남,64세,상해없음,승용,남,46세,경상
2013081100100129,2013년 8월 11일 09시,일요일,광주광역시 광산구 월계동,경상사고,0,0,2,0,차대차 - 추돌 - 주정차중,안전운전불이행,건조,맑음,단일로 - 교량,승용,남,52세,상해없음,승용,여,44세,경상
2013081100100166,2013년 8월 11일 11시,일요일,광주광역시 북구 양산동,경상사고,0,0,2,0,차대차 - 측면직각충돌,신호위반,건조,맑음,교차로 - 교차로안,승용,여,49세,경상,승용,여,61세,경상
2013081100100211,2013년 8월 11일 13시,일요일,광주광역시 광산구 흑석동,경상사고,0,0,2,0,차대차 - 측면직각충돌,교차로운행방법위반,건조,맑음,교차로 - 교차로안,승용,남,51세,상해없음,승용,남,42세,경상
2013081100100259,2013년 8월 11일 15시,일요일,광주광역시 동구 대인동,경상사고,0,0,1,0,차대사람 - 보도통행중,기타,건조,맑음,단일로 - 기타,승용,남,59세,상해없음,보행자,남,60세,경상
2013081100100260,2013년 8월 11일 15시,일요일,광주광역시 서구 농성동,중상사고,0,1,1,0,차대차 - 측면직각충돌,안전거리미확보,건조,맑음,단일로 - 기타,이륜,남,53세,중상,화물,남,44세,상해없음
2013081100100354,2013년 8월 11일 18시,일요일,광주광역시 광산구 수완동,경상사고,0,0,2,2,차대차 - 측면직각충돌,교차로운행방법위반,건조,맑음,교차로 - 교차로안,승용,남,19세,상해없음,승합,남,40세,경상
2013081100100417,2013년 8월 11일 20시,일요일,광주광역시 광산구 도산동,중상사고,0,1,0,0,차대사람 - 횡단중,안전운전불이행,건조,맑음,단일로 - 기타,승용,남,25세,상해없음,보행자,여,84세,중상
2013081100100437,2013년 8월 11일 21시,일요일,광주광역시 서구 양동,중상사고,0,1,3,0,차대차 - 측면직각충돌,신호위반,건조,맑음,교차로 - 교차로안,승용,남,26세,경상,승용,여,66세,경상
2013081100100438,2013년 8월 11일 21시,일요일,광주광역시 서구 유촌동,경상사고,0,0,1,0,차대사람 - 횡단중,안전운전불이행,건조,맑음,교차로 - 교차로안,승용,남,37세,상해없음,보행자,남,35세,경상
2013081100100439,2013년 8월 11일 21시,일요일,광주광역시 북구 용전동,경상사고,0,0,4,0,차대차 - 측면직각충돌,안전거리미확보,건조,맑음,단일로 - 기타,승용,남,48세,상해없음,승용,남,52세,경상
2013081100100468,2013년 8월 11일 22시,일요일,광주광역시 동구 지산동,경상사고,0,0,1,0,차대차 - 기타,중앙선침범,건조,기타,단일로 - 기타,승용,남,41세,상해없음,승용,남,30세,경상
2013081100100485,2013년 8월 11일 23시,일요일,광주광역시 광산구 명도동,중상사고,0,3,0,0,차량단독 - 전도전복,안전운전불이행,건조,맑음,단일로 - 기타,이륜,남,14세,중상,,,,
2013081200100022,2013년 8월 12일 01시,월요일,광주광역시 북구 우산동,경상사고,0,0,1,0,차대사람 - 횡단중,보행자보호의무위반,건조,맑음,단일로 - 횡단보도상,승용,남,51세,상해없음,보행자,남,26세,경상
2013081200100067,2013년 8월 12일 06시,월요일,광주광역시 북구 양산동,경상사고,0,0,1,0,차대사람 - 길가장자리구역통행중,안전운전불이행,건조,맑음,단일로 - 기타,승용,남,30세,상해없음,보행자,남,76세,경상
2013081200100089,2013년 8월 12일 07시,월요일,광주광역시 북구 양산동,경상사고,0,0,1,0,차대사람 - 기타,신호위반,건조,맑음,단일로 - 횡단보도상,건설기계,남,55세,상해없음,보행자,여,18세,경상