사고번호,사고일시,요일,시군구,사고내용,사망자수,중상자수,경상자수,부상신고자수,사고유형,법규위반,노면상태,기상상태,도로형태,가해운전자 차종,가해운전자 성별,가해운전자 연령,가해운전자 상해정도,피해운전자 차종,피해운전자 성별,피해운전자 연령,피해운전자 상해정도
2013081200100090,2013년 8월 12일 07시,월요일,광주광역시 북구 운암동,경상사고,0,0,1,0,차대차 - 추돌 - 진행중,안전운전불이행,건조,맑음,단일로 - 기타,승용,여,30세,상해없음,이륜,남,64세,경상
2013081200100119,2013년 8월 12일 08시,월요일,광주광역시 북구 용봉동,경상사고,0,0,1,0,차대차 - 추돌 - 진행중,안전거리미확보,건조,맑음,단일로 - 기타,승용,남,54세,상해없음,승용,남,68세,상해없음
2013081200100120,2013년 8월 12일 08시,월요일,광주광역시 북구 용봉동,경상사고,0,0,2,0,차대차 - 기타,안전운전불이행,건조,맑음,기타 - 기타,승용,여,45세,상해없음,승용,여,51세,경상
2013081200100151,2013년 8월 12일 09시,월요일,광주광역시 남구 백운동,중상사고,0,1,0,0,차대사람 - 기타,안전운전불이행,건조,맑음,단일로 - 기타,승합,남,65세,상해없음,보행자,여,57세,중상
2013081200100153,2013년 8월 12일 09시,월요일,광주광역시 북구 운암동,경상사고,0,0,3,0,차대차 - 측면직각충돌,신호위반,건조,맑음,교차로 - 교차로안,승용,남,38세,경상,승용,남,55세,경상
2013081200100183,2013년 8월 12일 10시,월요일,광주광역시 서구 농성동,경상사고,0,0,1,0,차대차 - 추돌 - 진행중,안전거리미확보,건조,맑음,단일로 - 터널,이륜,남,22세,경상,화물,남,23세,상해없음
2013081200100184,2013년 8월 12일 10시,월요일,광주광역시 북구 운암동,경상사고,0,0,2,1,차대차 - 측면직각충돌,교차로운행방법위반,건조,맑음,교차로 - 교차로안,승용,여,34세,경상,승용,여,31세,부상신고
2013081200100243,2013년 8월 12일 12시,월요일,광주광역시 동구 학동,경상사고,0,0,1,0,차대차 - 측면직각충돌,안전운전불이행,건조,맑음,단일로 - 기타,승용,여,22세,상해없음,승합,남,20세,경상
2013081200100244,2013년 8월 12일 12시,월요일,광주광역시 서구 치평동,경상사고,0,0,1,0,차대차 - 기타,안전운전불이행,건조,맑음,기타 - 기타,승용,여,44세,기타불명,승용,남,32세,경상
2013081200100245,2013년 8월 12일 12시,월요일,광주광역시 남구 진월동,경상사고,0,0,1,0,차대차 - 추돌 - 주정차중,안전운전불이행,건조,맑음,교차로 - 교차로부근,승용,남,71세,상해없음,승용,여,50세,경상
2013081200100246,2013년 8월 12일 12시,월요일,광주광역시 광산구 월계동,경상사고,0,0,1,0,차대사람 - 기타,안전운전불이행,건조,맑음,기타 - 기타,화물,남,37세,상해없음,보행자,남,7세,경상
2013081200100278,2013년 8월 12일 13시,월요일,광주광역시 서구 풍암동,경상사고,0,0,1,0,차대차 - 측면직각충돌,신호위반,건조,맑음,교차로 - 교차로안,승용,여,56세,상해없음,승용,남,56세,상해없음
2013081200100428,2013년 8월 12일 17시,월요일,광주광역시 동구 대인동,경상사고,0,0,1,0,차대차 - 추돌 - 진행중,안전운전불이행,건조,맑음,단일로 - 기타,이륜,남,68세,경상,승용,남,39세,상해없음
2013081200100429,2013년 8월 12일 17시,월요일,광주광역시 북구 용봉동,중상사고,0,1,0,0,차대차 - 기타,안전운전불이행,건조,맑음,단일로 - 기타,승용,남,32세,상해없음,자전거,남,73세,중상
2013081200100430,2013년 8월 12일 17시,월요일,광주광역시 북구 두암동,경상사고,0,0,1,0,차대차 - 측면직각충돌,안전거리미확보,건조,맑음,교차로 - 교차로부근,승용,남,53세,상해없음,화물,남,49세,경상
2013081200100431,2013년 8월 12일 17시,월요일,광주광역시 광산구 도산동,경상사고,0,0,1,0,차대사람 - 횡단중,안전운전불이행,건조,맑음,교차로 - 교차로안,화물,남,49세,상해없음,보행자,여,14세,경상
2013081200100477,2013년 8월 12일 18시,월요일,광주광역시 북구 중흥동,경상사고,0,0,1,0,차대차 - 측면직각충돌,교차로운행방법위반,건조,맑음,교차로 - 교차로안,화물,남,70세,상해없음,승용,남,55세,경상
2013081200100478,2013년 8월 12일 18시,월요일,광주광역시 광산구 우산동,중상사고,0,1,0,0,차대사람 - 기타,안전운전불이행,건조,맑음,단일로 - 기타,승용,여,50세,상해없음,보행자,남,57세,중상
2013081200100479,2013년 8월 12일 18시,월요일,광주광역시 광산구 산월동,경상사고,0,0,2,0,차대차 - 정면충돌,안전운전불이행,건조,맑음,기타 - 기타,승용,여,33세,기타불명,자전거,남,7세,경상
2013081200100512,2013년 8월 12일 19시,월요일,광주광역시 북구 운암동,경상사고,0,0,3,0,차대차 - 추돌 - 진행중,안전운전불이행,건조,맑음,미분류 - 미분류,승용,여,53세,상해없음,승용,남,49세,경상
2013081200100583,2013년 8월 12일 21시,월요일,광주광역시 남구 대지동,경상사고,0,0,1,0,차대차 - 추돌 - 진행중,안전거리미확보,건조,맑음,단일로 - 기타,승합,남,65세,상해없음,승용,남,54세,경상
2013081200100609,2013년 8월 12일 22시,월요일,광주광역시 광산구 산월동,경상사고,0,0,5,0,차대차 - 측면직각충돌,신호위반,건조,맑음,교차로 - 교차로안,승용,남,26세,경상,승용,남,65세,경상
2013081300100020,2013년 8월 13일 00시,화요일,광주광역시 북구 각화동,경상사고,0,0,1,0,차대차 - 측면직각충돌,안전운전불이행,건조,맑음,단일로 - 기타,승용,남,33세,상해없음,승용,여,36세,경상
2013081300100027,2013년 8월 13일 01시,화요일,광주광역시 광산구 소촌동,경상사고,0,0,1,0,차대차 - 측면직각충돌,직진우회전진행방해,건조,맑음,교차로 - 교차로안,승용,남,43세,상해없음,승용,남,31세,경상
2013081300100041,2013년 8월 13일 02시,화요일,광주광역시 북구 두암동,중상사고,0,1,0,0,차대차 - 추돌 - 진행중,안전거리미확보,건조,맑음,단일로 - 기타,승용,남,64세,상해없음,원동기,남,16세,중상
2013081300100052,2013년 8월 13일 04시,화요일,광주광역시 북구 일곡동,경상사고,0,0,1,0,차대사람 - 횡단중,안전운전불이행,건조,맑음,단일로 - 기타,승용,남,71세,상해없음,보행자,남,50세,경상
2013081300100053,2013년 8월 13일 04시,화요일,광주광역시 북구 금곡동,경상사고,0,0,2,0,차량단독 - 도로외이탈 - 추락,안전운전불이행,건조,맑음,단일로 - 기타,이륜,남,16세,경상,,,,
2013081300100062,2013년 8월 13일 05시,화요일,광주광역시 서구 금호동,중상사고,0,1,0,0,차대차 - 측면직각충돌,안전운전불이행,건조,맑음,단일로 - 기타,승용,남,66세,상해없음,자전거,남,68세,중상
2013081300100090,2013년 8월 13일 07시,화요일,광주광역시 서구 유촌동,경상사고,0,0,1,0,차대차 - 추돌 - 진행중,안전운전불이행,건조,맑음,단일로 - 기타,화물,여,64세,상해없음,승용,남,48세,경상
2013081300100091,2013년 8월 13일 07시,화요일,광주광역시 광산구 장덕동,경상사고,0,0,2,0,차대차 - 추돌 - 진행중,안전운전불이행,건조,맑음,교차로 - 교차로부근,승용,남,14세,경상,승용,여,44세,경상
2013081300100125,2013년 8월 13일 08시,화요일,광주광역시 동구 계림동,경상사고,0,0,1,0,차대차 - 기타,교차로운행방법위반,건조,맑음,교차로 - 교차로안,승용,남,63세,상해없음,자전거,여,58세,경상
2013081300100148,2013년 8월 13일 09시,화요일,광주광역시 남구 월산동,경상사고,0,0,1,0,차대사람 - 횡단중,안전운전불이행,건조,맑음,단일로 - 횡단보도상,승용,여,34세,상해없음,보행자,여,21세,경상
2013081300100149,2013년 8월 13일 09시,화요일,광주광역시 남구 백운동,경상사고,0,0,2,1,차대차 - 추돌 - 진행중,안전거리미확보,건조,맑음,단일로 - 기타,화물,남,62세,상해없음,승용,남,52세,부상신고
2013081300100150,2013년 8월 13일 09시,화요일,광주광역시 북구 유동,중상사고,0,1,0,0,차대사람 - 횡단중,안전운전불이행,건조,맑음,단일로 - 횡단보도부근,승합,남,27세,상해없음,보행자,여,85세,중상
2013081300100151,2013년 8월 13일 09시,화요일,광주광역시 광산구 산월동,경상사고,0,0,1,0,차대차 - 추돌 - 진행중,안전운전불이행,건조,맑음,교차로 - 교차로안,승용,남,49세,상해없음,승용,남,73세,경상
2013081300100194,2013년 8월 13일 10시,화요일,광주광역시 서구 농성동,경상사고,0,0,1,0,차량단독 - 공작물충돌,안전운전불이행,건조,맑음,단일로 - 기타,승용,남,50세,상해없음,,,,
2013081300100215,2013년 8월 13일 11시,화요일,광주광역시 광산구 송정동,경상사고,0,0,1,0,차대차 - 측면직각충돌,신호위반,건조,맑음,교차로 - 교차로안,승용,남,59세,상해없음,승용,남,48세,경상
2013081300100243,2013년 8월 13일 12시,화요일,광주광역시 동구 학동,경상사고,0,0,1,0,차대사람 - 횡단중,안전운전불이행,건조,맑음,교차로 - 교차로부근,승용,남,47세,상해없음,보행자,여,66세,경상
2013081300100329,2013년 8월 13일 14시,화요일,광주광역시 동구 금남로5가,경상사고,0,0,1,0,차대사람 - 횡단중,안전운전불이행,건조,맑음,기타 - 기타,승용,남,65세,상해없음,보행자,여,53세,경상
2013081300100410,2013년 8월 13일 16시,화요일,광주광역시 서구 화정동,경상사고,0,0,2,0,차대차 - 추돌 - 주정차중,불법유턴,건조,맑음,교차로 - 교차로안,승용,남,73세,상해없음,승용,여,54세,경상
2013081300100411,2013년 8월 13일 16시,화요일,광주광역시 서구 치평동,중상사고,0,1,0,0,차량단독 - 기타,기타,건조,맑음,단일로 - 기타,승합,남,49세,상해없음,,,,
2013081300100412,2013년 8월 13일 16시,화요일,광주광역시 남구 백운동,경상사고,0,0,3,0,차대차 - 추돌 - 진행중,안전거리미확보,건조,맑음,교차로 - 교차로부근,승용,여,65세,상해없음,승용,남,61세,경상
2013081300100454,2013년 8월 13일 17시,화요일,광주광역시 북구 문흥동,중상사고,0,1,1,0,차대차 - 측면직각충돌,교차로운행방법위반,건조,맑음,교차로 - 교차로안,승용,남,64세,경상,승용,여,49세,중상
2013081300100491,2013년 8월 13일 18시,화요일,광주광역시 서구 양동,중상사고,0,1,0,0,차대차 - 측면직각충돌,안전운전불이행,건조,맑음,단일로 - 기타,승용,여,45세,상해없음,이륜,남,61세,중상
2013081300100492,2013년 8월 13일 18시,화요일,광주광역시 광산구 우산동,경상사고,0,0,2,0,차대차 - 추돌 - 주정차중,안전운전불이행,건조,맑음,단일로 - 기타,승용,남,54세,상해없음,승용,남,32세,경상
2013081300100619,2013년 8월 13일 22시,화요일,광주광역시 북구 운암동,경상사고,0,0,2,0,차대차 - 추돌 - 진행중,안전운전불이행,건조,맑음,교차로 - 교차로안,승용,남,34세,상해없음,승용,여,26세,경상
2013081300100641,2013년 8월 13일 23시,화요일,광주광역시 서구 쌍촌동,중상사고,0,1,0,0,차대차 - 측면직각충돌,교차로운행방법위반,건조,맑음,교차로 - 교차로안,승용,남,19세,상해없음,원동기,남,18세,중상
2013081300100642,2013년 8월 13일 23시,화요일,광주광역시 북구 연제동,경상사고,0,0,1,0,차대차 - 기타,안전운전불이행,건조,맑음,기타 - 기타,승용,남,38세,상해없음,승용,여,32세,경상
2013081300100643,2013년 8월 13일 23시,화요일,광주광역시 광산구 비아동,경상사고,0,0,1,0,차대차 - 측면직각충돌,안전운전불이행,건조,맑음,단일로 - 기타,승용,남,45세,상해없음,화물,남,47세,경상
2013081400100015,2013년 8월 14일 00시,수요일,광주광역시 서구 치평동,경상사고,0,0,1,0,차대차 - 측면직각충돌,신호위반,건조,맑음,교차로 - 교차로안,승용,남,32세,상해없음,승용,남,24세,경상
2013081400100016,2013년 8월 14일 00시,수요일,광주광역시 광산구 소촌동,경상사고,0,0,1,1,차대차 - 측면직각충돌,교차로운행방법위반,건조,맑음,교차로 - 교차로안,승용,남,51세,상해없음,원동기,여,27세,경상
2013081400100048,2013년 8월 14일 03시,수요일,광주광역시 서구 쌍촌동,중상사고,0,2,0,0,차대차 - 측면직각충돌,신호위반,건조,맑음,교차로 - 교차로안,승용,남,24세,상해없음,승용,남,42세,중상
2013081400100095,2013년 8월 14일 07시,수요일,광주광역시 서구 쌍촌동,경상사고,0,0,1,0,차대차 - 측면직각충돌,불법유턴,건조,맑음,단일로 - 기타,승용,남,60세,상해없음,승용,남,35세,경상
2013081400100186,2013년 8월 14일 10시,수요일,광주광역시 광산구 서봉동,경상사고,0,0,2,0,차대차 - 추돌 - 주정차중,안전거리미확보,건조,맑음,단일로 - 기타,화물,남,33세,경상,화물,남,29세,경상
2013081400100296,2013년 8월 14일 14시,수요일,광주광역시 북구 두암동,경상사고,0,0,1,0,차대사람 - 기타,안전운전불이행,건조,맑음,단일로 - 기타,화물,남,45세,상해없음,보행자,남,9세,경상
2013081400100368,2013년 8월 14일 16시,수요일,광주광역시 남구 월산동,경상사고,0,0,2,0,차대차 - 측면직각충돌,교차로운행방법위반,건조,맑음,교차로 - 교차로안,승용,남,66세,상해없음,승용,남,52세,경상
2013081400100410,2013년 8월 14일 17시,수요일,광주광역시 광산구 우산동,경상사고,0,0,3,0,차대차 - 기타,안전거리미확보,건조,맑음,단일로 - 기타,승용,여,49세,상해없음,화물,남,42세,경상
2013081400100411,2013년 8월 14일 17시,수요일,광주광역시 광산구 신창동,경상사고,0,0,2,0,차대차 - 추돌 - 주정차중,안전운전불이행,건조,맑음,교차로 - 교차로부근,승용,여,30세,상해없음,승용,여,47세,경상
2013081400100441,2013년 8월 14일 18시,수요일,광주광역시 서구 매월동,중상사고,0,1,0,0,차대차 - 측면직각충돌,신호위반,건조,맑음,교차로 - 교차로안,승용,여,42세,상해없음,자전거,여,47세,중상
2013081400100442,2013년 8월 14일 18시,수요일,광주광역시 서구 용두동,경상사고,0,0,1,0,차대사람 - 기타,기타,건조,맑음,단일로 - 기타,화물,남,46세,상해없음,보행자,여,72세,경상
2013081400100443,2013년 8월 14일 18시,수요일,광주광역시 북구 동림동,중상사고,0,1,0,0,차대사람 - 횡단중,안전운전불이행,건조,맑음,단일로 - 기타,승용,남,34세,상해없음,보행자,남,13세,중상
2013081400100444,2013년 8월 14일 18시,수요일,광주광역시 광산구 수완동,경상사고,0,0,1,0,차대차 - 측면직각충돌,신호위반,건조,맑음,교차로 - 교차로안,승용,남,22세,상해없음,화물,남,42세,경상
2013081400100445,2013년 8월 14일 18시,수요일,광주광역시 광산구 장덕동,경상사고,0,0,1,0,차대차 - 추돌 - 진행중,기타,건조,맑음,단일로 - 기타,승용,남,25세,상해없음,자전거,남,10세,경상
2013081400100446,2013년 8월 14일 18시,수요일,광주광역시 광산구 수완동,경상사고,0,0,5,0,차대차 - 기타,신호위반,건조,맑음,교차로 - 교차로부근,승용,여,40세,경상,승용,여,35세,상해없음
2013081400100528,2013년 8월 14일 20시,수요일,광주광역시 동구 광산동,경상사고,0,0,1,0,차대차 - 측면직각충돌,안전운전불이행,건조,맑음,단일로 - 기타,이륜,남,48세,경상,승용,남,41세,상해없음
2013081400100529,2013년 8월 14일 20시,수요일,광주광역시 광산구 하남동,경상사고,0,0,1,0,차대차 - 측면직각충돌,신호위반,건조,맑음,교차로 - 교차로안,승용,남,37세,상해없음,승용,남,34세,경상
2013081400100582,2013년 8월 14일 22시,수요일,광주광역시 남구 월산동,중상사고,0,1,0,0,차대차 - 측면직각충돌,안전운전불이행,건조,맑음,단일로 - 기타,승용,남,62세,상해없음,승합,남,45세,상해없음
2013081400100583,2013년 8월 14일 22시,수요일,광주광역시 광산구 수완동,경상사고,0,0,1,0,차대차 - 추돌 - 진행중,안전거리미확보,건조,맑음,교차로 - 교차로안,승용,남,50세,상해없음,승용,여,55세,경상
2013081400100607,2013년 8월 14일 23시,수요일,광주광역시 북구 오치동,경상사고,0,0,3,0,차대차 - 측면직각충돌,안전거리미확보,건조,맑음,단일로 - 기타,승용,남,58세,경상,승용,남,33세,경상
2013081500100023,2013년 8월 15일 00시,목요일,광주광역시 북구 용봉동,경상사고,0,0,2,0,차대차 - 기타,신호위반,건조,맑음,교차로 - 교차로안,승용,여,29세,상해없음,승용,남,23세,상해없음
2013081500100049,2013년 8월 15일 01시,목요일,광주광역시 북구 용봉동,중상사고,0,1,0,0,차대사람 - 횡단중,안전운전불이행,건조,맑음,단일로 - 횡단보도상,승용,남,53세,상해없음,보행자,남,21세,중상
2013081500100085,2013년 8월 15일 04시,목요일,광주광역시 서구 치평동,경상사고,0,0,1,0,차대차 - 측면직각충돌,신호위반,건조,맑음,교차로 - 교차로안,승용,여,48세,상해없음,승용,여,44세,경상
2013081500100086,2013년 8월 15일 04시,목요일,광주광역시 북구 용봉동,경상사고,0,0,1,0,차대차 - 기타,교차로운행방법위반,건조,맑음,교차로 - 교차로안,승용,남,43세,상해없음,승용,남,63세,상해없음
2013081500100099,2013년 8월 15일 05시,목요일,광주광역시 남구 주월동,경상사고,0,0,3,0,차대차 - 추돌 - 주정차중,안전운전불이행,건조,맑음,단일로 - 기타,승용,남,32세,상해없음,승용,여,57세,경상
2013081500100113,2013년 8월 15일 06시,목요일,광주광역시 서구 치평동,경상사고,0,0,2,0,차대차 - 측면직각충돌,교차로운행방법위반,기타,맑음,교차로 - 교차로안,승용,남,30세,상해없음,승용,남,61세,경상
2013081500100114,2013년 8월 15일 06시,목요일,광주광역시 북구 일곡동,경상사고,0,0,1,0,차대차 - 정면충돌,중앙선침범,건조,맑음,교차로 - 교차로부근,이륜,남,16세,경상,승용,남,60세,상해없음
2013081500100152,2013년 8월 15일 08시,목요일,광주광역시 북구 임동,경상사고,0,0,1,0,차대차 - 기타,중앙선침범,건조,맑음,단일로 - 기타,자전거,남,76세,경상,화물,남,53세,상해없음
2013081500100206,2013년 8월 15일 10시,목요일,광주광역시 서구 쌍촌동,중상사고,0,1,0,0,차대차 - 기타,안전운전불이행,건조,맑음,단일로 - 기타,화물,남,52세,상해없음,이륜,여,49세,중상
2013081500100207,2013년 8월 15일 10시,목요일,광주광역시 서구 치평동,중상사고,0,1,1,0,차대사람 - 차도통행중,중앙선침범,건조,맑음,단일로 - 기타,승용,여,50세,상해없음,보행자,여,58세,경상
2013081500100263,2013년 8월 15일 12시,목요일,광주광역시 남구 송하동,경상사고,0,0,5,0,차대차 - 측면직각충돌,안전거리미확보,건조,맑음,단일로 - 기타,승용,여,53세,경상,승용,남,44세,경상
2013081500100264,2013년 8월 15일 12시,목요일,광주광역시 북구 일곡동,중상사고,0,1,0,0,차대사람 - 횡단중,신호위반,건조,맑음,교차로 - 교차로안,승용,남,44세,상해없음,보행자,여,58세,중상
2013081500100292,2013년 8월 15일 13시,목요일,광주광역시 북구 운암동,경상사고,0,0,1,0,차대사람 - 기타,안전운전불이행,건조,맑음,교차로 - 교차로부근,승용,남,52세,상해없음,보행자,여,41세,경상
2013081500100344,2013년 8월 15일 15시,목요일,광주광역시 동구 금남로5가,경상사고,0,0,5,0,차대차 - 기타,안전운전불이행,건조,맑음,단일로 - 기타,승용,여,33세,경상,승용,남,53세,경상
2013081500100422,2013년 8월 15일 17시,목요일,광주광역시 광산구 도천동,경상사고,0,0,2,0,차대차 - 기타,교차로운행방법위반,건조,맑음,교차로 - 교차로안,승용,남,64세,상해없음,승용,남,50세,경상
2013081500100423,2013년 8월 15일 17시,목요일,광주광역시 광산구 신가동,경상사고,0,0,1,0,차대차 - 측면직각충돌,신호위반,건조,맑음,교차로 - 교차로안,승용,여,36세,상해없음,승용,남,28세,경상
2013081500100452,2013년 8월 15일 18시,목요일,광주광역시 북구 매곡동,경상사고,0,0,6,0,차대차 - 측면직각충돌,차로위반,건조,맑음,단일로 - 기타,승용,여,30세,경상,승용,남,51세,경상
2013081500100536,2013년 8월 15일 21시,목요일,광주광역시 남구 주월동,중상사고,0,1,1,0,차대차 - 기타,불법유턴,건조,맑음,교차로 - 교차로부근,승용,남,31세,상해없음,원동기,남,16세,경상
2013081500100537,2013년 8월 15일 21시,목요일,광주광역시 북구 두암동,경상사고,0,0,1,0,차대차 - 기타,안전운전불이행,건조,맑음,단일로 - 기타,승용,남,47세,상해없음,승용,남,32세,경상
2013081500100548,2013년 8월 15일 22시,목요일,광주광역시 북구 오룡동,경상사고,0,0,2,0,차대차 - 추돌 - 주정차중,안전운전불이행,건조,맑음,교차로 - 교차로부근,승용,남,42세,상해없음,승용,여,46세,경상
2013081600100009,2013년 8월 16일 00시,금요일,광주광역시 서구 풍암동,경상사고,0,0,6,0,차대차 - 기타,신호위반,건조,맑음,교차로 - 교차로안,승용,남,44세,경상,승용,남,58세,경상
2013081600100024,2013년 8월 16일 01시,금요일,광주광역시 서구 치평동,경상사고,0,0,3,0,차대차 - 측면직각충돌,안전운전불이행,건조,맑음,단일로 - 기타,승용,남,39세,상해없음,승용,남,33세,경상
2013081600100025,2013년 8월 16일 01시,금요일,광주광역시 북구 용봉동,경상사고,0,0,1,0,차대사람 - 기타,안전운전불이행,건조,맑음,교차로 - 교차로부근,승용,남,23세,상해없음,보행자,남,38세,경상
2013081600100026,2013년 8월 16일 01시,금요일,광주광역시 광산구 수완동,경상사고,0,0,1,0,차대차 - 측면직각충돌,교차로운행방법위반,건조,맑음,단일로 - 기타,승용,남,38세,상해없음,자전거,남,28세,경상
2013081600100074,2013년 8월 16일 06시,금요일,광주광역시 남구 백운동,중상사고,0,1,0,0,차대차 - 기타,교차로운행방법위반,건조,맑음,교차로 - 교차로안,승용,남,29세,상해없음,자전거,남,54세,중상
2013081600100115,2013년 8월 16일 08시,금요일,광주광역시 남구 진월동,경상사고,0,0,1,0,차대차 - 측면직각충돌,교차로운행방법위반,건조,맑음,교차로 - 교차로안,승용,여,30세,상해없음,승용,여,47세,경상
2013081600100151,2013년 8월 16일 09시,금요일,광주광역시 동구 소태동,경상사고,0,0,1,0,차대차 - 측면직각충돌,안전운전불이행,건조,맑음,단일로 - 기타,화물,남,25세,상해없음,승용,여,56세,경상
2013081600100354,2013년 8월 16일 15시,금요일,광주광역시 북구 두암동,경상사고,0,0,1,0,차대차 - 추돌 - 진행중,안전운전불이행,건조,맑음,단일로 - 기타,승용,남,38세,상해없음,승용,남,45세,경상
2013081600100441,2013년 8월 16일 17시,금요일,광주광역시 서구 화정동,경상사고,0,0,1,0,차대차 - 측면직각충돌,안전운전불이행,건조,맑음,교차로 - 교차로안,승용,남,72세,상해없음,승용,남,33세,경상
2013081600100488,2013년 8월 16일 18시,금요일,광주광역시 동구 동명동,중상사고,0,1,0,0,차대사람 - 차도통행중,안전운전불이행,건조,맑음,교차로 - 교차로안,승용,남,29세,상해없음,보행자,여,76세,중상
2013081600100489,2013년 8월 16일 18시,금요일,광주광역시 서구 광천동,경상사고,0,0,1,0,차대차 - 측면직각충돌,차로위반,건조,맑음,단일로 - 기타,기타불명,기타불명,기타불명,기타불명,승용,남,55세,경상
2013081600100490,2013년 8월 16일 18시,금요일,광주광역시 북구 문흥동,경상사고,0,0,2,0,차대차 - 측면직각충돌,기타,건조,맑음,단일로 - 기타,승용,남,28세,경상,화물,남,39세,경상
2013081600100546,2013년 8월 16일 20시,금요일,광주광역시 동구 수기동,경상사고,0,0,1,0,차대사람 - 기타,안전운전불이행,건조,맑음,교차로 - 교차로안,승용,여,59세,상해없음,보행자,남,60세,경상
2013081600100547,2013년 8월 16일 20시,금요일,광주광역시 서구 풍암동,경상사고,0,0,1,0,차대차 - 측면직각충돌,신호위반,건조,맑음,교차로 - 교차로안,승용,여,30세,상해없음,승용,여,50세,경상
2013081600100548,2013년 8월 16일 20시,금요일,광주광역시 광산구 신창동,경상사고,0,0,1,0,차대사람 - 기타,안전운전불이행,건조,맑음,단일로 - 기타,자전거,여,20세,상해없음,보행자,여,24세,경상
2013081600100610,2013년 8월 16일 22시,금요일,광주광역시 동구 동명동,경상사고,0,0,1,0,차대사람 - 길가장자리구역통행중,안전운전불이행,건조,맑음,단일로 - 기타,승용,여,40세,상해없음,보행자,남,23세,경상
2013081600100611,2013년 8월 16일 22시,금요일,광주광역시 서구 동천동,경상사고,0,0,1,0,차대차 - 기타,안전운전불이행,건조,맑음,단일로 - 기타,승용,남,51세,기타불명,승용,남,52세,경상
2013081600100612,2013년 8월 16일 22시,금요일,광주광역시 북구 연제동,경상사고,0,0,1,0,차대차 - 추돌 - 주정차중,안전운전불이행,건조,맑음,단일로 - 기타,기타불명,기타불명,기타불명,기타불명,승용,여,36세,경상
2013081600100613,2013년 8월 16일 22시,금요일,광주광역시 북구 동림동,중상사고,0,1,4,0,차대차 - 추돌 - 주정차중,안전운전불이행,건조,맑음,단일로 - 기타,승용,남,35세,기타불명,승용,여,47세,중상
2013081700100039,2013년 8월 17일 01시,토요일,광주광역시 북구 용봉동,경상사고,0,0,1,0,차대사람 - 길가장자리구역통행중,안전운전불이행,건조,맑음,단일로 - 기타,승용,남,22세,상해없음,보행자,남,21세,경상
2013081700100040,2013년 8월 17일 01시,토요일,광주광역시 북구 운암동,경상사고,0,0,1,0,차대차 - 측면직각충돌,안전운전불이행,건조,맑음,미분류 - 미분류,승용,남,49세,상해없음,승용,여,46세,경상
2013081700100052,2013년 8월 17일 02시,토요일,광주광역시 서구 금호동,경상사고,0,0,1,0,차대사람 - 기타,안전운전불이행,건조,맑음,단일로 - 기타,승용,남,49세,상해없음,보행자,여,26세,경상
2013081700100071,2013년 8월 17일 04시,토요일,광주광역시 광산구 장록동,중상사고,0,1,3,0,차대차 - 추돌 - 주정차중,안전운전불이행,건조,맑음,단일로 - 기타,화물,남,34세,중상,승합,남,38세,경상
2013081700100090,2013년 8월 17일 05시,토요일,광주광역시 광산구 월계동,경상사고,0,0,1,0,차대차 - 측면직각충돌,안전운전불이행,건조,맑음,교차로 - 교차로부근,승용,남,36세,상해없음,승용,여,31세,경상
2013081700100122,2013년 8월 17일 07시,토요일,광주광역시 북구 양산동,경상사고,0,0,1,0,차대차 - 기타,안전운전불이행,기타,맑음,기타 - 기타,승용,남,55세,상해없음,승용,남,57세,상해없음
2013081700100164,2013년 8월 17일 09시,토요일,광주광역시 남구 월산동,경상사고,0,0,1,0,차대차 - 측면직각충돌,교차로운행방법위반,건조,맑음,교차로 - 교차로안,승용,여,58세,상해없음,승용,남,25세,경상
2013081700100165,2013년 8월 17일 09시,토요일,광주광역시 북구 두암동,중상사고,0,1,0,0,차대차 - 기타,안전운전불이행,건조,맑음,교차로 - 교차로안,승용,여,46세,상해없음,이륜,여,52세,중상
2013081700100195,2013년 8월 17일 10시,토요일,광주광역시 동구 운림동,경상사고,0,0,1,0,차대차 - 추돌 - 주정차중,안전운전불이행,건조,맑음,단일로 - 기타,승용,남,37세,상해없음,승용,남,31세,경상
2013081700100196,2013년 8월 17일 10시,토요일,광주광역시 서구 풍암동,경상사고,0,0,1,0,차대차 - 측면직각충돌,직진우회전진행방해,건조,맑음,교차로 - 교차로안,승용,남,61세,기타불명,승용,여,32세,경상
2013081700100197,2013년 8월 17일 10시,토요일,광주광역시 남구 월산동,중상사고,0,1,0,0,차대차 - 정면충돌,중앙선침범,건조,맑음,단일로 - 기타,자전거,남,56세,중상,화물,남,36세,상해없음
2013081700100256,2013년 8월 17일 12시,토요일,광주광역시 광산구 신가동,중상사고,0,1,2,0,차대차 - 기타,교차로운행방법위반,건조,맑음,교차로 - 교차로안,승용,남,42세,상해없음,화물,남,22세,상해없음
2013081700100257,2013년 8월 17일 12시,토요일,광주광역시 광산구 신촌동,경상사고,0,0,5,0,차대차 - 기타,안전운전불이행,건조,맑음,단일로 - 기타,승용,여,26세,상해없음,승용,여,29세,경상
2013081700100292,2013년 8월 17일 13시,토요일,광주광역시 광산구 월계동,중상사고,0,2,1,0,차대사람 - 차도통행중,안전운전불이행,건조,맑음,교차로 - 교차로부근,화물,남,58세,상해없음,보행자,여,30세,중상