사고번호,사고일시,요일,시군구,사고내용,사망자수,중상자수,경상자수,부상신고자수,사고유형,법규위반,노면상태,기상상태,도로형태,가해운전자 차종,가해운전자 성별,가해운전자 연령,가해운전자 상해정도,피해운전자 차종,피해운전자 성별,피해운전자 연령,피해운전자 상해정도
2013081700100323,2013년 8월 17일 14시,토요일,광주광역시 동구 계림동,경상사고,0,0,4,0,차대차 - 측면직각충돌,교차로운행방법위반,건조,맑음,교차로 - 교차로안,승용,남,55세,경상,승용,남,28세,경상
2013081700100324,2013년 8월 17일 14시,토요일,광주광역시 서구 금호동,경상사고,0,0,4,0,차대차 - 추돌 - 주정차중,안전거리미확보,건조,맑음,교차로 - 교차로부근,승용,남,63세,상해없음,승용,남,51세,경상
2013081700100359,2013년 8월 17일 15시,토요일,광주광역시 서구 유촌동,경상사고,0,0,7,0,차대차 - 추돌 - 주정차중,안전운전불이행,건조,맑음,단일로 - 기타,승용,남,45세,기타불명,승용,남,38세,경상
2013081700100429,2013년 8월 17일 17시,토요일,광주광역시 동구 산수동,중상사고,0,1,0,0,차대차 - 측면직각충돌,교차로운행방법위반,건조,맑음,교차로 - 교차로안,화물,남,48세,상해없음,이륜,남,17세,중상
2013081700100458,2013년 8월 17일 18시,토요일,광주광역시 서구 광천동,중상사고,0,1,0,0,차대차 - 정면충돌,교차로운행방법위반,건조,맑음,교차로 - 교차로안,화물,남,53세,상해없음,이륜,남,63세,중상
2013081700100495,2013년 8월 17일 19시,토요일,광주광역시 광산구 장덕동,경상사고,0,0,2,0,차대차 - 추돌 - 주정차중,안전운전불이행,건조,맑음,교차로 - 교차로부근,승용,남,41세,상해없음,승용,남,37세,경상
2013081700100525,2013년 8월 17일 20시,토요일,광주광역시 북구 임동,경상사고,0,0,2,0,차대차 - 측면직각충돌,신호위반,건조,맑음,교차로 - 교차로안,승용,남,23세,상해없음,승용,남,34세,경상
2013081700100526,2013년 8월 17일 20시,토요일,광주광역시 북구 신용동,사망사고,1,0,1,0,차대사람 - 기타,안전운전불이행,건조,맑음,단일로 - 기타,자전거,남,46세,경상,보행자,여,61세,사망
2013081700100589,2013년 8월 17일 22시,토요일,광주광역시 남구 진월동,중상사고,0,1,0,0,차대차 - 정면충돌,안전운전불이행,건조,맑음,단일로 - 기타,승용,남,25세,상해없음,이륜,남,35세,중상
2013081700100608,2013년 8월 17일 23시,토요일,광주광역시 서구 쌍촌동,경상사고,0,0,2,0,차대차 - 측면직각충돌,안전운전불이행,건조,맑음,단일로 - 기타,승용,여,46세,상해없음,이륜,남,18세,경상
2013081800100024,2013년 8월 18일 00시,일요일,광주광역시 광산구 운남동,경상사고,0,0,3,0,차대차 - 기타,교차로운행방법위반,건조,맑음,교차로 - 교차로안,승용,남,19세,상해없음,승용,남,44세,경상
2013081800100061,2013년 8월 18일 02시,일요일,광주광역시 광산구 우산동,경상사고,0,0,1,0,차대차 - 추돌 - 진행중,안전운전불이행,건조,맑음,단일로 - 기타,승용,여,29세,상해없음,승용,남,28세,경상
2013081800100070,2013년 8월 18일 03시,일요일,광주광역시 동구 광산동,경상사고,0,0,1,0,차대차 - 기타,안전운전불이행,건조,맑음,단일로 - 기타,승용,남,66세,상해없음,승용,남,30세,경상
2013081800100096,2013년 8월 18일 05시,일요일,광주광역시 북구 두암동,경상사고,0,0,2,0,차대차 - 측면직각충돌,안전운전불이행,건조,맑음,기타 - 기타,승용,남,28세,상해없음,승용,남,52세,경상
2013081800100097,2013년 8월 18일 05시,일요일,광주광역시 광산구 신가동,경상사고,0,0,2,0,차대차 - 추돌 - 주정차중,안전운전불이행,건조,맑음,단일로 - 기타,승용,남,47세,상해없음,승용,남,36세,기타불명
2013081800100106,2013년 8월 18일 06시,일요일,광주광역시 북구 태령동,경상사고,0,0,1,0,차대차 - 추돌 - 주정차중,안전운전불이행,건조,맑음,교차로 - 교차로안,이륜,남,49세,경상,화물,남,58세,기타불명
2013081800100197,2013년 8월 18일 12시,일요일,광주광역시 동구 금남로5가,경상사고,0,0,9,0,차대차 - 측면직각충돌,신호위반,건조,맑음,교차로 - 교차로안,승용,남,72세,상해없음,승합,남,51세,경상
2013081800100375,2013년 8월 18일 19시,일요일,광주광역시 북구 중흥동,경상사고,0,0,2,0,차대차 - 기타,교차로운행방법위반,건조,맑음,교차로 - 교차로안,원동기,남,18세,경상,승용,남,54세,경상
2013081800100402,2013년 8월 18일 20시,일요일,광주광역시 동구 학동,중상사고,0,1,0,0,차대차 - 기타,신호위반,건조,맑음,교차로 - 교차로안,승용,남,24세,상해없음,원동기,남,52세,중상
2013081800100432,2013년 8월 18일 21시,일요일,광주광역시 광산구 비아동,경상사고,0,0,2,0,차대차 - 기타,안전운전불이행,건조,맑음,기타 - 기타,승용,남,38세,상해없음,승용,남,57세,경상
2013081800100468,2013년 8월 18일 23시,일요일,광주광역시 북구 두암동,경상사고,0,0,1,0,차대사람 - 횡단중,안전운전불이행,건조,맑음,단일로 - 횡단보도상,승용,남,33세,상해없음,보행자,남,44세,경상
2013081900100025,2013년 8월 19일 01시,월요일,광주광역시 남구 주월동,경상사고,0,0,1,0,차대차 - 측면직각충돌,안전운전불이행,건조,맑음,단일로 - 기타,승용,남,47세,상해없음,자전거,남,48세,경상
2013081900100068,2013년 8월 19일 06시,월요일,광주광역시 남구 주월동,경상사고,0,0,1,0,차대차 - 측면직각충돌,안전운전불이행,건조,맑음,단일로 - 기타,승용,남,59세,상해없음,승용,남,55세,상해없음
2013081900100069,2013년 8월 19일 06시,월요일,광주광역시 광산구 운남동,중상사고,0,1,1,0,차대차 - 추돌 - 진행중,교차로운행방법위반,건조,맑음,교차로 - 교차로안,승용,여,34세,상해없음,원동기,남,79세,중상
2013081900100137,2013년 8월 19일 08시,월요일,광주광역시 서구 마륵동,경상사고,0,0,1,0,차대차 - 추돌 - 주정차중,안전운전불이행,건조,맑음,교차로 - 교차로부근,승용,남,39세,상해없음,승용,남,41세,경상
2013081900100138,2013년 8월 19일 08시,월요일,광주광역시 서구 금호동,경상사고,0,0,2,0,차대차 - 추돌 - 주정차중,안전운전불이행,건조,맑음,단일로 - 기타,승용,남,49세,경상,승용,남,29세,경상
2013081900100176,2013년 8월 19일 09시,월요일,광주광역시 북구 누문동,중상사고,0,1,0,0,차대차 - 측면직각충돌,신호위반,건조,맑음,단일로 - 횡단보도상,화물,남,70세,상해없음,이륜,여,40세,중상
2013081900100203,2013년 8월 19일 10시,월요일,광주광역시 서구 동천동,경상사고,0,0,2,0,차대차 - 측면직각충돌,신호위반,건조,맑음,교차로 - 교차로안,승용,남,16세,상해없음,승용,여,32세,경상
2013081900100204,2013년 8월 19일 10시,월요일,광주광역시 북구 신안동,중상사고,0,1,0,0,차대차 - 측면직각충돌,교차로운행방법위반,건조,맑음,교차로 - 교차로안,승용,여,61세,상해없음,원동기,남,25세,중상
2013081900100295,2013년 8월 19일 13시,월요일,광주광역시 남구 월산동,경상사고,0,0,1,0,차대차 - 기타,신호위반,건조,맑음,단일로 - 기타,승용,남,62세,상해없음,자전거,남,49세,경상
2013081900100296,2013년 8월 19일 13시,월요일,광주광역시 북구 풍향동,중상사고,0,1,0,0,차대사람 - 차도통행중,안전운전불이행,건조,맑음,교차로 - 교차로부근,승용,남,58세,상해없음,보행자,여,21세,중상
2013081900100297,2013년 8월 19일 13시,월요일,광주광역시 광산구 우산동,경상사고,0,0,1,0,차대차 - 기타,차로위반,건조,맑음,미분류 - 미분류,승용,남,66세,경상,화물,남,53세,상해없음
2013081900100368,2013년 8월 19일 15시,월요일,광주광역시 서구 화정동,부상신고사고,0,0,0,1,차대차 - 측면직각충돌,안전운전불이행,건조,맑음,교차로 - 교차로안,승용,기타불명,기타불명,기타불명,자전거,남,41세,부상신고
2013081900100402,2013년 8월 19일 16시,월요일,광주광역시 서구 쌍촌동,중상사고,0,1,0,0,차대차 - 기타,안전거리미확보,건조,맑음,기타 - 기타,승용,남,34세,중상,승용,남,50세,상해없음
2013081900100485,2013년 8월 19일 18시,월요일,광주광역시 광산구 대산동,경상사고,0,0,3,0,차대차 - 추돌 - 진행중,안전운전불이행,건조,맑음,교차로 - 교차로안,화물,남,50세,상해없음,승용,남,41세,경상
2013081900100571,2013년 8월 19일 20시,월요일,광주광역시 서구 금호동,경상사고,0,0,1,0,차대차 - 추돌 - 진행중,안전운전불이행,건조,맑음,단일로 - 기타,기타불명,기타불명,기타불명,기타불명,승용,남,52세,경상
2013081900100609,2013년 8월 19일 21시,월요일,광주광역시 광산구 우산동,경상사고,0,0,1,0,차대차 - 추돌 - 진행중,안전운전불이행,건조,맑음,교차로 - 교차로부근,승용,남,54세,상해없음,승용,남,39세,경상
2013082000100095,2013년 8월 20일 07시,화요일,광주광역시 남구 주월동,중상사고,0,1,0,0,차대차 - 측면직각충돌,안전운전불이행,건조,맑음,교차로 - 교차로안,건설기계,남,49세,상해없음,자전거,남,18세,중상
2013082000100126,2013년 8월 20일 08시,화요일,광주광역시 광산구 우산동,경상사고,0,0,2,0,차대차 - 측면직각충돌,직진우회전진행방해,건조,맑음,교차로 - 교차로안,승용,남,35세,경상,화물,남,24세,상해없음
2013082000100155,2013년 8월 20일 09시,화요일,광주광역시 광산구 도천동,경상사고,0,0,2,0,차대차 - 측면직각충돌,안전거리미확보,건조,맑음,단일로 - 기타,승용,남,38세,경상,화물,남,59세,경상
2013082000100186,2013년 8월 20일 10시,화요일,광주광역시 서구 풍암동,경상사고,0,0,1,0,차대차 - 기타,안전운전불이행,건조,맑음,단일로 - 기타,승용,여,41세,상해없음,승용,남,29세,상해없음
2013082000100279,2013년 8월 20일 13시,화요일,광주광역시 광산구 비아동,경상사고,0,0,1,0,차대차 - 추돌 - 주정차중,안전운전불이행,건조,맑음,단일로 - 기타,승용,남,56세,상해없음,승용,남,42세,경상
2013082000100352,2013년 8월 20일 15시,화요일,광주광역시 북구 오룡동,경상사고,0,0,1,0,차대차 - 측면직각충돌,안전운전불이행,건조,맑음,기타 - 기타,화물,남,57세,상해없음,승용,남,33세,경상
2013082000100388,2013년 8월 20일 16시,화요일,광주광역시 서구 쌍촌동,경상사고,0,0,1,0,차대차 - 추돌 - 주정차중,안전거리미확보,건조,맑음,단일로 - 기타,승용,남,61세,상해없음,승용,남,33세,경상
2013082000100389,2013년 8월 20일 16시,화요일,광주광역시 북구 두암동,경상사고,0,0,1,0,차대차 - 측면직각충돌,안전운전불이행,건조,맑음,단일로 - 기타,승용,남,45세,경상,승용,여,47세,상해없음
2013082000100427,2013년 8월 20일 17시,화요일,광주광역시 광산구 월곡동,중상사고,0,1,0,0,차대사람 - 기타,안전운전불이행,건조,맑음,기타 - 기타,승용,남,27세,상해없음,보행자,여,54세,중상
2013082000100539,2013년 8월 20일 20시,화요일,광주광역시 서구 치평동,경상사고,0,0,1,0,차대차 - 추돌 - 주정차중,안전운전불이행,건조,맑음,단일로 - 기타,승용,남,27세,상해없음,화물,남,26세,경상
2013082000100540,2013년 8월 20일 20시,화요일,광주광역시 남구 진월동,중상사고,0,1,0,0,차대사람 - 횡단중,안전운전불이행,건조,맑음,단일로 - 기타,승용,남,50세,상해없음,보행자,남,50세,중상
2013082000100573,2013년 8월 20일 21시,화요일,광주광역시 서구 치평동,경상사고,0,0,1,0,차대차 - 기타,신호위반,건조,맑음,교차로 - 교차로안,화물,여,61세,상해없음,승용,남,44세,경상
2013082000100604,2013년 8월 20일 22시,화요일,광주광역시 광산구 도산동,사망사고,1,0,0,0,차대사람 - 횡단중,보행자보호의무위반,건조,맑음,단일로 - 횡단보도상,승합,남,63세,상해없음,보행자,남,42세,사망
2013082000100605,2013년 8월 20일 22시,화요일,광주광역시 광산구 월전동,중상사고,0,1,0,0,차대차 - 추돌 - 주정차중,안전운전불이행,건조,맑음,단일로 - 기타,승용,여,43세,중상,화물,남,39세,기타불명
2013082000100606,2013년 8월 20일 22시,화요일,광주광역시 광산구 운남동,중상사고,0,1,0,0,차대차 - 추돌 - 진행중,불법유턴,건조,맑음,단일로 - 기타,승용,남,36세,상해없음,승용,여,26세,중상
2013082100100018,2013년 8월 21일 00시,수요일,광주광역시 북구 일곡동,중상사고,0,1,0,0,차대차 - 측면직각충돌,신호위반,건조,맑음,교차로 - 교차로안,승용,남,29세,상해없음,이륜,남,22세,중상
2013082100100059,2013년 8월 21일 03시,수요일,광주광역시 북구 동림동,경상사고,0,0,1,0,차대차 - 기타,중앙선침범,건조,맑음,단일로 - 기타,기타불명,기타불명,기타불명,기타불명,승용,남,56세,상해없음
2013082100100117,2013년 8월 21일 07시,수요일,광주광역시 서구 화정동,경상사고,0,0,2,0,차대차 - 추돌 - 진행중,안전거리미확보,건조,맑음,교차로 - 교차로부근,승용,남,52세,상해없음,승용,여,61세,경상
2013082100100118,2013년 8월 21일 07시,수요일,광주광역시 광산구 장덕동,경상사고,0,0,2,0,차대차 - 기타,차로위반,건조,맑음,단일로 - 기타,승용,남,57세,경상,승용,여,52세,경상
2013082100100119,2013년 8월 21일 07시,수요일,광주광역시 광산구 하남동,중상사고,0,1,0,0,차대사람 - 차도통행중,안전운전불이행,건조,맑음,교차로 - 교차로부근,승용,남,46세,상해없음,보행자,남,71세,중상
2013082100100154,2013년 8월 21일 08시,수요일,광주광역시 서구 농성동,경상사고,0,0,2,0,차대차 - 측면직각충돌,차로위반,건조,맑음,단일로 - 기타,화물,남,48세,경상,승용,여,63세,경상
2013082100100155,2013년 8월 21일 08시,수요일,광주광역시 광산구 송정동,경상사고,0,0,1,0,차대차 - 추돌 - 주정차중,기타,건조,맑음,교차로 - 교차로부근,승용,남,54세,상해없음,원동기,남,35세,경상
2013082100100215,2013년 8월 21일 10시,수요일,광주광역시 북구 중흥동,경상사고,0,0,6,0,차대차 - 추돌 - 주정차중,안전운전불이행,건조,맑음,단일로 - 기타,승용,남,32세,경상,화물,남,25세,경상
2013082100100248,2013년 8월 21일 11시,수요일,광주광역시 남구 방림동,중상사고,0,1,0,0,차대차 - 측면직각충돌,교차로운행방법위반,건조,맑음,교차로 - 교차로안,승용,남,63세,상해없음,원동기,남,51세,중상
2013082100100275,2013년 8월 21일 12시,수요일,광주광역시 서구 동천동,경상사고,0,0,1,0,차대차 - 추돌 - 주정차중,안전운전불이행,건조,맑음,단일로 - 기타,승용,남,50세,상해없음,승용,남,31세,경상
2013082100100276,2013년 8월 21일 12시,수요일,광주광역시 광산구 송정동,경상사고,0,0,2,0,차대차 - 측면직각충돌,안전거리미확보,건조,맑음,단일로 - 기타,승용,여,52세,경상,승용,남,30세,경상
2013082100100305,2013년 8월 21일 13시,수요일,광주광역시 서구 쌍촌동,경상사고,0,0,3,0,차대차 - 측면직각충돌,신호위반,건조,맑음,교차로 - 교차로안,승용,여,55세,상해없음,승합,남,52세,경상
2013082100100306,2013년 8월 21일 13시,수요일,광주광역시 남구 송하동,경상사고,0,0,1,0,차대사람 - 기타,안전운전불이행,건조,맑음,단일로 - 기타,화물,남,56세,상해없음,보행자,남,75세,경상
2013082100100346,2013년 8월 21일 14시,수요일,광주광역시 동구 대인동,중상사고,0,1,0,0,차대사람 - 횡단중,안전운전불이행,건조,맑음,단일로 - 기타,승용,남,70세,상해없음,보행자,남,62세,중상
2013082100100379,2013년 8월 21일 15시,수요일,광주광역시 광산구 월곡동,경상사고,0,0,1,0,차대사람 - 횡단중,보행자보호의무위반,건조,맑음,교차로 - 교차로부근,승용,기타불명,기타불명,기타불명,보행자,여,13세,경상
2013082100100408,2013년 8월 21일 16시,수요일,광주광역시 남구 서동,경상사고,0,0,1,0,차대사람 - 길가장자리구역통행중,안전운전불이행,건조,맑음,단일로 - 기타,기타불명,기타불명,기타불명,기타불명,보행자,남,6세,경상
2013082100100447,2013년 8월 21일 17시,수요일,광주광역시 서구 금호동,경상사고,0,0,1,0,차대차 - 기타,안전운전불이행,건조,맑음,교차로 - 교차로안,원동기,남,37세,경상,승합,남,26세,상해없음
2013082100100481,2013년 8월 21일 18시,수요일,광주광역시 북구 문흥동,경상사고,0,0,1,0,차대차 - 추돌 - 진행중,안전운전불이행,건조,맑음,단일로 - 기타,승용,남,43세,상해없음,승용,남,28세,경상
2013082100100505,2013년 8월 21일 19시,수요일,광주광역시 북구 중흥동,중상사고,0,1,0,0,차대사람 - 횡단중,신호위반,건조,맑음,교차로 - 교차로안,화물,남,35세,상해없음,보행자,남,48세,중상
2013082100100534,2013년 8월 21일 20시,수요일,광주광역시 서구 화정동,중상사고,0,1,0,0,차대사람 - 횡단중,안전운전불이행,건조,맑음,단일로 - 기타,승용,여,45세,상해없음,보행자,여,47세,중상
2013082100100535,2013년 8월 21일 20시,수요일,광주광역시 광산구 수완동,경상사고,0,0,1,0,차대차 - 측면직각충돌,기타,건조,맑음,단일로 - 기타,기타불명,기타불명,기타불명,기타불명,자전거,남,14세,경상
2013082100100562,2013년 8월 21일 21시,수요일,광주광역시 광산구 월곡동,경상사고,0,0,1,0,차대차 - 기타,교차로운행방법위반,건조,맑음,교차로 - 교차로부근,승용,남,46세,상해없음,이륜,남,16세,경상
2013082100100591,2013년 8월 21일 22시,수요일,광주광역시 북구 임동,경상사고,0,0,1,0,차대차 - 측면직각충돌,안전거리미확보,건조,맑음,단일로 - 기타,승용,남,55세,상해없음,이륜,남,45세,경상
2013082200100037,2013년 8월 22일 01시,목요일,광주광역시 광산구 운수동,중상사고,0,2,0,0,차량단독 - 공작물충돌,안전운전불이행,건조,맑음,교차로 - 교차로안,승용,남,54세,중상,,,,
2013082200100068,2013년 8월 22일 05시,목요일,광주광역시 북구 삼각동,중상사고,0,1,0,0,차대사람 - 기타,안전운전불이행,건조,맑음,단일로 - 기타,승용,남,44세,상해없음,보행자,여,53세,중상
2013082200100134,2013년 8월 22일 08시,목요일,광주광역시 북구 양산동,중상사고,0,3,0,0,차대차 - 추돌 - 진행중,중앙선침범,습기,비,단일로 - 기타,승용,여,38세,중상,화물,남,51세,중상
2013082200100135,2013년 8월 22일 08시,목요일,광주광역시 북구 신안동,경상사고,0,0,2,0,차대차 - 기타,안전운전불이행,건조,맑음,기타 - 기타,원동기,남,18세,경상,승용,남,29세,상해없음
2013082200100136,2013년 8월 22일 08시,목요일,광주광역시 광산구 우산동,경상사고,0,0,1,0,차대차 - 추돌 - 진행중,안전거리미확보,건조,맑음,교차로 - 교차로부근,화물,남,54세,상해없음,승용,여,35세,경상
2013082200100137,2013년 8월 22일 08시,목요일,광주광역시 광산구 우산동,경상사고,0,0,3,0,차대차 - 측면직각충돌,교차로운행방법위반,건조,맑음,교차로 - 교차로안,화물,남,43세,경상,승용,남,24세,경상
2013082200100199,2013년 8월 22일 10시,목요일,광주광역시 북구 운암동,중상사고,0,1,0,0,차대차 - 측면직각충돌,교차로운행방법위반,건조,맑음,교차로 - 교차로안,화물,남,37세,상해없음,승용,여,49세,중상
2013082200100254,2013년 8월 22일 12시,목요일,광주광역시 서구 광천동,중상사고,0,1,0,0,차대차 - 기타,안전운전불이행,건조,맑음,단일로 - 기타,승용,여,44세,기타불명,자전거,남,71세,중상
2013082200100255,2013년 8월 22일 12시,목요일,광주광역시 광산구 하남동,경상사고,0,0,1,0,차대차 - 추돌 - 진행중,신호위반,건조,맑음,교차로 - 교차로안,화물,남,49세,상해없음,승용,남,29세,경상
2013082200100273,2013년 8월 22일 13시,목요일,광주광역시 광산구 도천동,중상사고,0,1,0,0,차대차 - 기타,안전운전불이행,건조,맑음,교차로 - 교차로안,승합,남,54세,상해없음,자전거,남,11세,중상
2013082200100313,2013년 8월 22일 14시,목요일,광주광역시 동구 산수동,경상사고,0,0,1,0,차대차 - 측면직각충돌,교차로운행방법위반,건조,맑음,교차로 - 교차로안,원동기,남,45세,경상,승용,남,56세,상해없음
2013082200100314,2013년 8월 22일 14시,목요일,광주광역시 북구 용봉동,경상사고,0,0,1,0,차대차 - 추돌 - 주정차중,안전운전불이행,건조,맑음,교차로 - 교차로안,승용,남,39세,상해없음,승용,여,49세,경상
2013082200100340,2013년 8월 22일 15시,목요일,광주광역시 서구 광천동,경상사고,0,0,2,0,차대차 - 기타,안전거리미확보,건조,맑음,단일로 - 기타,승용,남,31세,상해없음,승용,남,58세,경상
2013082200100368,2013년 8월 22일 16시,목요일,광주광역시 북구 풍향동,경상사고,0,0,1,0,차대사람 - 기타,안전운전불이행,건조,맑음,교차로 - 교차로안,승용,여,33세,상해없음,보행자,여,67세,경상
2013082200100402,2013년 8월 22일 17시,목요일,광주광역시 남구 송하동,경상사고,0,0,1,0,차대사람 - 횡단중,안전운전불이행,건조,맑음,단일로 - 기타,기타불명,기타불명,기타불명,기타불명,보행자,여,15세,경상
2013082200100403,2013년 8월 22일 17시,목요일,광주광역시 북구 용봉동,부상신고사고,0,0,0,1,차대차 - 측면직각충돌,교차로운행방법위반,건조,맑음,교차로 - 교차로안,이륜,남,28세,부상신고,승합,남,55세,상해없음
2013082200100404,2013년 8월 22일 17시,목요일,광주광역시 북구 우산동,경상사고,0,0,2,0,차대차 - 측면직각충돌,안전거리미확보,건조,맑음,교차로 - 교차로부근,승용,남,69세,상해없음,승용,여,30세,경상
2013082200100405,2013년 8월 22일 17시,목요일,광주광역시 광산구 안청동,경상사고,0,0,1,0,차대차 - 기타,안전운전불이행,건조,맑음,교차로 - 교차로안,화물,남,57세,상해없음,승용,남,41세,경상
2013082200100441,2013년 8월 22일 18시,목요일,광주광역시 남구 진월동,경상사고,0,0,1,0,차대차 - 측면직각충돌,직진우회전진행방해,건조,맑음,교차로 - 교차로부근,승용,여,44세,상해없음,이륜,남,24세,경상
2013082200100442,2013년 8월 22일 18시,목요일,광주광역시 남구 송하동,경상사고,0,0,1,0,차대사람 - 횡단중,보행자보호의무위반,건조,맑음,단일로 - 횡단보도상,승합,남,56세,상해없음,보행자,남,15세,경상
2013082200100443,2013년 8월 22일 18시,목요일,광주광역시 북구 운암동,경상사고,0,0,3,0,차대차 - 추돌 - 진행중,안전운전불이행,건조,맑음,교차로 - 교차로안,화물,남,45세,상해없음,승용,여,38세,경상
2013082200100481,2013년 8월 22일 19시,목요일,광주광역시 서구 쌍촌동,경상사고,0,0,2,0,차대차 - 기타,안전운전불이행,건조,맑음,교차로 - 교차로안,승용,여,53세,상해없음,승용,여,40세,경상
2013082200100482,2013년 8월 22일 19시,목요일,광주광역시 남구 주월동,경상사고,0,0,1,0,차대사람 - 차도통행중,안전운전불이행,건조,맑음,단일로 - 기타,승용,남,44세,상해없음,보행자,여,28세,경상
2013082200100517,2013년 8월 22일 20시,목요일,광주광역시 서구 광천동,경상사고,0,0,1,0,차대차 - 측면직각충돌,교차로운행방법위반,건조,맑음,교차로 - 교차로부근,승용,남,23세,상해없음,승용,남,20세,경상
2013082200100518,2013년 8월 22일 20시,목요일,광주광역시 북구 동림동,경상사고,0,0,1,0,차대차 - 추돌 - 진행중,안전거리미확보,건조,맑음,단일로 - 기타,승용,남,51세,상해없음,승용,여,45세,경상
2013082200100565,2013년 8월 22일 21시,목요일,광주광역시 서구 쌍촌동,경상사고,0,0,5,0,차대차 - 기타,안전거리미확보,건조,맑음,단일로 - 기타,승용,남,29세,상해없음,승용,남,54세,경상
2013082200100594,2013년 8월 22일 22시,목요일,광주광역시 서구 금호동,경상사고,0,0,1,0,차대사람 - 길가장자리구역통행중,안전운전불이행,건조,맑음,단일로 - 기타,승용,여,56세,상해없음,보행자,남,57세,경상
2013082200100595,2013년 8월 22일 22시,목요일,광주광역시 서구 풍암동,경상사고,0,0,1,0,차대차 - 측면직각충돌,안전운전불이행,건조,맑음,단일로 - 기타,승용,남,52세,상해없음,승용,남,41세,경상
2013082200100619,2013년 8월 22일 23시,목요일,광주광역시 서구 화정동,경상사고,0,0,1,0,차대차 - 기타,안전거리미확보,건조,맑음,단일로 - 기타,승용,남,45세,기타불명,승용,남,49세,경상
2013082200100620,2013년 8월 22일 23시,목요일,광주광역시 남구 방림동,경상사고,0,0,2,0,차대차 - 추돌 - 주정차중,안전운전불이행,건조,맑음,단일로 - 기타,이륜,남,30세,경상,승용,남,47세,상해없음
2013082200100621,2013년 8월 22일 23시,목요일,광주광역시 북구 두암동,경상사고,0,0,3,0,차대차 - 측면직각충돌,교차로운행방법위반,건조,맑음,교차로 - 교차로안,승합,남,24세,상해없음,승용,여,45세,경상
2013082300100037,2013년 8월 23일 01시,금요일,광주광역시 동구 대인동,경상사고,0,0,1,0,차대사람 - 횡단중,보행자보호의무위반,건조,흐림,교차로 - 교차로안,승용,남,33세,상해없음,보행자,여,39세,경상
2013082300100268,2013년 8월 23일 11시,금요일,광주광역시 동구 소태동,경상사고,0,0,1,0,차대차 - 추돌 - 진행중,안전거리미확보,습기,비,단일로 - 기타,승용,남,41세,상해없음,승용,여,37세,경상
2013082300100269,2013년 8월 23일 11시,금요일,광주광역시 남구 월산동,중상사고,0,1,0,0,차대사람 - 횡단중,안전운전불이행,건조,맑음,교차로 - 교차로안,특수,남,57세,상해없음,보행자,남,55세,중상
2013082300100292,2013년 8월 23일 12시,금요일,광주광역시 동구 선교동,중상사고,0,1,4,0,차대차 - 추돌 - 진행중,안전거리미확보,습기,비,단일로 - 기타,승합,남,50세,상해없음,승용,여,45세,중상
2013082300100351,2013년 8월 23일 14시,금요일,광주광역시 광산구 산월동,경상사고,0,0,1,0,차대사람 - 횡단중,신호위반,습기,비,단일로 - 횡단보도상,승용,남,49세,상해없음,보행자,남,8세,경상
2013082300100382,2013년 8월 23일 15시,금요일,광주광역시 서구 화정동,중상사고,0,1,0,0,차대차 - 측면직각충돌,안전운전불이행,건조,맑음,단일로 - 기타,자전거,남,13세,중상,승용,남,38세,상해없음
2013082300100383,2013년 8월 23일 15시,금요일,광주광역시 북구 용봉동,경상사고,0,0,1,0,차대차 - 기타,안전거리미확보,건조,맑음,기타 - 기타,승용,남,33세,상해없음,승용,남,47세,경상
2013082300100384,2013년 8월 23일 15시,금요일,광주광역시 북구 두암동,중상사고,0,1,0,0,차대사람 - 횡단중,보행자보호의무위반,습기,비,단일로 - 횡단보도상,승용,여,55세,상해없음,보행자,여,14세,중상
2013082300100385,2013년 8월 23일 15시,금요일,광주광역시 북구 신용동,경상사고,0,0,1,0,차대차 - 기타,안전운전불이행,건조,맑음,단일로 - 기타,승용,남,45세,경상,승용,남,42세,상해없음
2013082300100386,2013년 8월 23일 15시,금요일,광주광역시 광산구 소촌동,경상사고,0,0,1,0,차대차 - 추돌 - 진행중,안전운전불이행,습기,흐림,교차로 - 교차로안,승용,여,52세,상해없음,자전거,남,70세,경상
2013082300100419,2013년 8월 23일 16시,금요일,광주광역시 서구 치평동,경상사고,0,0,1,0,차대차 - 측면직각충돌,신호위반,건조,흐림,교차로 - 교차로안,승용,여,21세,상해없음,승용,여,25세,경상
2013082300100420,2013년 8월 23일 16시,금요일,광주광역시 북구 문흥동,중상사고,0,1,0,0,차대사람 - 횡단중,신호위반,습기,비,단일로 - 기타,화물,남,52세,상해없음,보행자,여,9세,중상
2013082300100444,2013년 8월 23일 17시,금요일,광주광역시 북구 두암동,경상사고,0,0,1,0,차대차 - 추돌 - 진행중,교차로운행방법위반,건조,맑음,교차로 - 교차로안,화물,남,51세,상해없음,원동기,남,75세,경상
2013082300100445,2013년 8월 23일 17시,금요일,광주광역시 광산구 산월동,부상신고사고,0,0,0,1,차대차 - 추돌 - 진행중,중앙선침범,건조,맑음,단일로 - 기타,자전거,남,22세,부상신고,승용,여,31세,상해없음
2013082300100446,2013년 8월 23일 17시,금요일,광주광역시 광산구 월계동,중상사고,0,1,0,0,차대사람 - 기타,보행자보호의무위반,습기,비,단일로 - 횡단보도상,승용,남,31세,상해없음,보행자,여,16세,중상