사고번호,사고일시,요일,시군구,사고내용,사망자수,중상자수,경상자수,부상신고자수,사고유형,법규위반,노면상태,기상상태,도로형태,가해운전자 차종,가해운전자 성별,가해운전자 연령,가해운전자 상해정도,피해운전자 차종,피해운전자 성별,피해운전자 연령,피해운전자 상해정도
2013082300100497,2013년 8월 23일 18시,금요일,광주광역시 서구 화정동,경상사고,0,0,1,0,차대사람 - 길가장자리구역통행중,안전운전불이행,건조,맑음,단일로 - 기타,승용,기타불명,기타불명,기타불명,보행자,여,11세,경상
2013082300100498,2013년 8월 23일 18시,금요일,광주광역시 남구 봉선동,중상사고,0,1,0,0,차대차 - 정면충돌,중앙선침범,습기,흐림,교차로 - 교차로안,승합,남,41세,상해없음,원동기,남,16세,중상
2013082300100530,2013년 8월 23일 19시,금요일,광주광역시 북구 운암동,경상사고,0,0,1,0,차대차 - 기타,중앙선침범,습기,비,기타 - 기타,승용,남,68세,상해없음,승용,남,32세,경상
2013082300100572,2013년 8월 23일 20시,금요일,광주광역시 서구 치평동,경상사고,0,0,1,0,차대차 - 측면직각충돌,안전운전불이행,건조,맑음,단일로 - 기타,화물,남,44세,상해없음,승용,여,46세,경상
2013082300100605,2013년 8월 23일 21시,금요일,광주광역시 북구 유동,경상사고,0,0,3,0,차대차 - 정면충돌,안전운전불이행,건조,맑음,교차로 - 교차로안,승용,남,45세,상해없음,승용,남,77세,경상
2013082300100606,2013년 8월 23일 21시,금요일,광주광역시 광산구 월계동,중상사고,0,1,0,0,차대차 - 측면직각충돌,교차로운행방법위반,건조,맑음,교차로 - 교차로안,승용,남,50세,상해없음,승용,여,48세,중상
2013082300100680,2013년 8월 23일 23시,금요일,광주광역시 서구 쌍촌동,경상사고,0,0,2,0,차대차 - 측면직각충돌,교차로운행방법위반,습기,비,교차로 - 교차로안,승용,남,30세,상해없음,승용,남,66세,상해없음
2013082300100681,2013년 8월 23일 23시,금요일,광주광역시 북구 신안동,사망사고,2,0,0,0,차대차 - 추돌 - 주정차중,안전운전불이행,습기,비,단일로 - 기타,승용,남,28세,상해없음,화물,남,62세,상해없음
2013082300100682,2013년 8월 23일 23시,금요일,광주광역시 광산구 월곡동,중상사고,0,1,0,0,차대사람 - 횡단중,안전운전불이행,건조,맑음,단일로 - 기타,승용,여,25세,상해없음,보행자,남,48세,중상
2013082400100033,2013년 8월 24일 00시,토요일,광주광역시 서구 금호동,경상사고,0,0,1,0,차대사람 - 기타,안전운전불이행,습기,비,교차로 - 교차로안,승용,남,35세,상해없음,보행자,여,23세,경상
2013082400100034,2013년 8월 24일 00시,토요일,광주광역시 서구 유촌동,경상사고,0,0,2,0,차대차 - 측면직각충돌,신호위반,습기,비,교차로 - 교차로안,승용,남,53세,상해없음,승용,남,48세,경상
2013082400100035,2013년 8월 24일 00시,토요일,광주광역시 북구 운암동,경상사고,0,0,1,0,차대차 - 추돌 - 진행중,안전운전불이행,습기,비,단일로 - 기타,승용,남,36세,상해없음,이륜,남,25세,경상
2013082400100036,2013년 8월 24일 00시,토요일,광주광역시 북구 문흥동,경상사고,0,0,1,0,차대차 - 측면직각충돌,불법유턴,습기,비,단일로 - 기타,승용,남,46세,상해없음,이륜,남,27세,경상
2013082400100059,2013년 8월 24일 01시,토요일,광주광역시 서구 쌍촌동,경상사고,0,0,1,0,차대차 - 측면직각충돌,안전운전불이행,습기,비,단일로 - 기타,이륜,남,29세,경상,승용,남,39세,상해없음
2013082400100060,2013년 8월 24일 01시,토요일,광주광역시 서구 화정동,경상사고,0,0,3,0,차대차 - 추돌 - 진행중,안전거리미확보,건조,맑음,단일로 - 기타,승용,남,27세,상해없음,승용,남,47세,경상
2013082400100061,2013년 8월 24일 01시,토요일,광주광역시 서구 광천동,경상사고,0,0,1,0,차대차 - 측면직각충돌,안전거리미확보,건조,맑음,단일로 - 기타,승용,남,50세,상해없음,승용,남,42세,경상
2013082400100062,2013년 8월 24일 01시,토요일,광주광역시 북구 임동,경상사고,0,0,4,0,차대차 - 기타,신호위반,습기,흐림,교차로 - 교차로안,승용,남,21세,경상,승용,남,25세,경상
2013082400100063,2013년 8월 24일 01시,토요일,광주광역시 광산구 산월동,경상사고,0,0,1,0,차대차 - 기타,신호위반,건조,맑음,교차로 - 교차로안,승용,남,25세,상해없음,승용,남,31세,경상
2013082400100064,2013년 8월 24일 01시,토요일,광주광역시 광산구 우산동,경상사고,0,0,3,0,차대차 - 측면직각충돌,교차로운행방법위반,습기,비,교차로 - 교차로안,화물,남,51세,상해없음,승용,남,56세,경상
2013082400100088,2013년 8월 24일 02시,토요일,광주광역시 북구 두암동,경상사고,0,0,2,0,차대차 - 추돌 - 주정차중,안전운전불이행,습기,비,단일로 - 기타,승용,남,31세,상해없음,승용,남,49세,경상
2013082400100125,2013년 8월 24일 04시,토요일,광주광역시 북구 각화동,중상사고,0,1,0,0,차대사람 - 횡단중,안전운전불이행,습기,비,단일로 - 기타,승용,남,63세,상해없음,보행자,여,73세,중상
2013082400100126,2013년 8월 24일 04시,토요일,광주광역시 북구 신안동,경상사고,0,0,2,0,차대차 - 기타,안전거리미확보,습기,비,기타 - 기타,승용,남,48세,경상,승용,남,42세,경상
2013082400100176,2013년 8월 24일 07시,토요일,광주광역시 광산구 하남동,경상사고,0,0,1,0,차대차 - 측면직각충돌,안전거리미확보,습기,흐림,단일로 - 기타,승용,남,56세,상해없음,승용,남,55세,경상
2013082400100196,2013년 8월 24일 08시,토요일,광주광역시 광산구 우산동,경상사고,0,0,2,0,차대차 - 추돌 - 진행중,불법유턴,습기,비,단일로 - 기타,승용,남,52세,경상,승용,남,24세,경상
2013082400100265,2013년 8월 24일 10시,토요일,광주광역시 서구 농성동,경상사고,0,0,2,0,차대차 - 기타,안전운전불이행,습기,비,교차로 - 교차로부근,승용,남,22세,상해없음,승용,남,45세,경상
2013082400100345,2013년 8월 24일 12시,토요일,광주광역시 북구 매곡동,경상사고,0,0,1,0,차대차 - 측면직각충돌,안전거리미확보,습기,비,단일로 - 기타,화물,남,55세,상해없음,승용,여,41세,경상
2013082400100380,2013년 8월 24일 13시,토요일,광주광역시 남구 도금동,사망사고,1,0,0,0,차량단독 - 기타,안전운전불이행,습기,비,단일로 - 기타,승용,남,28세,사망,,,,
2013082400100381,2013년 8월 24일 13시,토요일,광주광역시 북구 동림동,경상사고,0,0,2,0,차대차 - 측면직각충돌,안전거리미확보,건조,맑음,단일로 - 기타,승용,여,46세,상해없음,승용,남,34세,경상
2013082400100482,2013년 8월 24일 16시,토요일,광주광역시 서구 광천동,경상사고,0,0,1,0,차대차 - 측면직각충돌,중앙선침범,습기,비,교차로 - 교차로안,승용,여,42세,상해없음,이륜,남,23세,경상
2013082400100483,2013년 8월 24일 16시,토요일,광주광역시 북구 운암동,경상사고,0,0,4,0,차대차 - 추돌 - 진행중,안전운전불이행,습기,비,교차로 - 교차로부근,승용,여,45세,상해없음,승용,남,31세,경상
2013082400100517,2013년 8월 24일 17시,토요일,광주광역시 남구 봉선동,부상신고사고,0,0,0,1,차대차 - 기타,안전운전불이행,건조,맑음,단일로 - 기타,승용,남,66세,상해없음,승용,남,61세,부상신고
2013082400100518,2013년 8월 24일 17시,토요일,광주광역시 광산구 우산동,경상사고,0,0,1,0,차대차 - 추돌 - 주정차중,안전운전불이행,건조,맑음,교차로 - 교차로부근,승용,남,64세,상해없음,승용,여,46세,경상
2013082400100575,2013년 8월 24일 18시,토요일,광주광역시 서구 농성동,경상사고,0,0,2,0,차대차 - 기타,교차로운행방법위반,습기,비,교차로 - 교차로안,승용,여,54세,상해없음,승용,여,68세,경상
2013082400100576,2013년 8월 24일 18시,토요일,광주광역시 서구 화정동,부상신고사고,0,0,0,1,차대차 - 측면직각충돌,안전운전불이행,건조,맑음,단일로 - 기타,승합,기타불명,기타불명,기타불명,승용,여,26세,부상신고
2013082400100618,2013년 8월 24일 19시,토요일,광주광역시 광산구 도산동,경상사고,0,0,1,0,차대사람 - 기타,안전운전불이행,습기,비,교차로 - 교차로안,승용,남,32세,상해없음,보행자,남,3세,경상
2013082400100692,2013년 8월 24일 21시,토요일,광주광역시 북구 문흥동,경상사고,0,0,1,0,차대사람 - 횡단중,안전운전불이행,습기,비,단일로 - 기타,기타불명,기타불명,기타불명,기타불명,보행자,여,17세,경상
2013082400100693,2013년 8월 24일 21시,토요일,광주광역시 광산구 월계동,경상사고,0,0,2,0,차대차 - 추돌 - 주정차중,안전운전불이행,습기,비,교차로 - 교차로부근,승용,남,54세,상해없음,승용,남,21세,경상
2013082400100694,2013년 8월 24일 21시,토요일,광주광역시 광산구 산정동,경상사고,0,0,2,0,차대차 - 추돌 - 진행중,안전거리미확보,습기,비,교차로 - 교차로부근,승용,남,55세,경상,화물,남,49세,경상
2013082400100695,2013년 8월 24일 21시,토요일,광주광역시 광산구 도산동,중상사고,0,1,0,0,차대사람 - 기타,안전운전불이행,습기,비,교차로 - 교차로안,화물,남,33세,상해없음,보행자,남,57세,중상
2013082400100726,2013년 8월 24일 22시,토요일,광주광역시 서구 유촌동,경상사고,0,0,4,0,차대차 - 정면충돌,중앙선침범,습기,비,단일로 - 기타,승용,남,53세,상해없음,승용,남,29세,경상
2013082400100754,2013년 8월 24일 23시,토요일,광주광역시 서구 쌍촌동,경상사고,0,0,1,0,차대차 - 기타,안전운전불이행,습기,비,교차로 - 교차로안,기타불명,기타불명,기타불명,기타불명,승합,남,43세,상해없음
2013082500100010,2013년 8월 25일 00시,일요일,광주광역시 광산구 비아동,경상사고,0,0,2,0,차대차 - 추돌 - 진행중,안전운전불이행,습기,비,단일로 - 기타,승용,남,39세,상해없음,승용,남,44세,경상
2013082500100013,2013년 8월 25일 00시,일요일,광주광역시 광산구 송정동,경상사고,0,0,4,0,차대차 - 측면직각충돌,신호위반,습기,흐림,교차로 - 교차로안,승용,남,45세,상해없음,승용,여,38세,경상
2013082500100051,2013년 8월 25일 02시,일요일,광주광역시 서구 쌍촌동,경상사고,0,0,4,0,차대차 - 추돌 - 주정차중,안전거리미확보,건조,맑음,단일로 - 기타,승용,남,57세,경상,승용,남,28세,상해없음
2013082500100052,2013년 8월 25일 02시,일요일,광주광역시 서구 덕흥동,경상사고,0,0,2,0,차대차 - 기타,안전운전불이행,건조,맑음,단일로 - 교량,승용,남,42세,상해없음,승용,남,52세,경상
2013082500100092,2013년 8월 25일 05시,일요일,광주광역시 동구 금남로1가,경상사고,0,0,1,0,차대차 - 기타,신호위반,건조,맑음,교차로 - 교차로안,승용,남,25세,상해없음,승용,남,60세,경상
2013082500100133,2013년 8월 25일 08시,일요일,광주광역시 광산구 우산동,경상사고,0,0,1,0,차대차 - 기타,안전운전불이행,건조,맑음,단일로 - 기타,승용,남,51세,상해없음,승용,남,43세,상해없음
2013082500100148,2013년 8월 25일 09시,일요일,광주광역시 서구 금호동,경상사고,0,0,1,0,차대차 - 측면직각충돌,교차로운행방법위반,건조,맑음,교차로 - 교차로안,승용,남,25세,상해없음,이륜,남,54세,경상
2013082500100149,2013년 8월 25일 09시,일요일,광주광역시 남구 봉선동,경상사고,0,0,2,0,차대차 - 측면직각충돌,신호위반,건조,맑음,교차로 - 교차로안,승용,남,56세,경상,승용,남,29세,경상
2013082500100150,2013년 8월 25일 09시,일요일,광주광역시 광산구 소촌동,경상사고,0,0,3,0,차대차 - 추돌 - 진행중,안전운전불이행,건조,맑음,단일로 - 기타,화물,남,71세,상해없음,승용,남,39세,경상
2013082500100204,2013년 8월 25일 11시,일요일,광주광역시 서구 쌍촌동,경상사고,0,0,1,0,차대차 - 기타,안전거리미확보,건조,맑음,단일로 - 기타,승용,남,21세,상해없음,이륜,남,30세,경상
2013082500100205,2013년 8월 25일 11시,일요일,광주광역시 서구 광천동,경상사고,0,0,1,0,차대차 - 측면직각충돌,안전운전불이행,건조,맑음,단일로 - 기타,승합,남,66세,상해없음,승용,남,47세,경상
2013082500100231,2013년 8월 25일 12시,일요일,광주광역시 남구 월산동,경상사고,0,0,1,0,차대차 - 측면직각충돌,신호위반,건조,맑음,교차로 - 교차로안,승용,여,42세,상해없음,이륜,남,38세,경상
2013082500100261,2013년 8월 25일 13시,일요일,광주광역시 광산구 하남동,중상사고,0,2,1,0,차대차 - 측면직각충돌,신호위반,건조,맑음,교차로 - 교차로안,승용,남,30세,경상,승용,여,46세,중상
2013082500100351,2013년 8월 25일 16시,일요일,광주광역시 북구 운암동,중상사고,0,1,1,0,차대차 - 측면직각충돌,안전거리미확보,건조,맑음,미분류 - 미분류,승용,남,48세,상해없음,승용,남,51세,중상
2013082500100393,2013년 8월 25일 17시,일요일,광주광역시 서구 화정동,중상사고,0,1,1,0,차대차 - 기타,교차로운행방법위반,건조,맑음,교차로 - 교차로안,승용,여,52세,경상,이륜,남,54세,중상
2013082500100394,2013년 8월 25일 17시,일요일,광주광역시 서구 동천동,중상사고,0,1,0,0,차대사람 - 기타,안전운전불이행,건조,흐림,기타 - 기타,자전거,여,57세,상해없음,보행자,여,5세,중상
2013082500100423,2013년 8월 25일 18시,일요일,광주광역시 북구 우산동,부상신고사고,0,0,0,1,차대사람 - 횡단중,교차로운행방법위반,건조,맑음,교차로 - 교차로안,승용,남,47세,상해없음,보행자,여,65세,부상신고
2013082500100466,2013년 8월 25일 20시,일요일,광주광역시 서구 화정동,중상사고,0,1,0,0,차대차 - 측면직각충돌,안전운전불이행,건조,맑음,교차로 - 교차로부근,승용,남,48세,상해없음,이륜,남,35세,중상
2013082500100467,2013년 8월 25일 20시,일요일,광주광역시 광산구 운남동,경상사고,0,0,1,0,차대사람 - 기타,안전운전불이행,건조,맑음,기타 - 기타,승용,남,39세,상해없음,보행자,여,28세,경상
2013082500100495,2013년 8월 25일 21시,일요일,광주광역시 광산구 운수동,중상사고,0,1,0,0,차량단독 - 전도전복,안전운전불이행,건조,맑음,교차로 - 교차로부근,승용,남,18세,상해없음,,,,
2013082600100085,2013년 8월 26일 07시,월요일,광주광역시 광산구 지산동,경상사고,0,0,1,0,차대사람 - 기타,안전운전불이행,건조,맑음,단일로 - 기타,승용,여,55세,기타불명,보행자,남,24세,경상
2013082600100086,2013년 8월 26일 07시,월요일,광주광역시 광산구 월곡동,중상사고,0,1,0,0,차대사람 - 길가장자리구역통행중,안전운전불이행,건조,맑음,단일로 - 기타,승용,남,38세,상해없음,보행자,여,78세,중상
2013082600100129,2013년 8월 26일 08시,월요일,광주광역시 남구 월산동,경상사고,0,0,1,1,차대차 - 측면직각충돌,신호위반,건조,맑음,교차로 - 교차로안,승용,여,59세,부상신고,화물,남,44세,경상
2013082600100130,2013년 8월 26일 08시,월요일,광주광역시 광산구 우산동,부상신고사고,0,0,0,1,차대사람 - 기타,안전운전불이행,건조,맑음,단일로 - 횡단보도상,승용,기타불명,기타불명,기타불명,보행자,여,26세,부상신고
2013082600100157,2013년 8월 26일 09시,월요일,광주광역시 북구 삼각동,중상사고,0,1,0,0,차대사람 - 횡단중,안전운전불이행,건조,맑음,단일로 - 기타,승용,남,52세,상해없음,보행자,여,58세,중상
2013082600100184,2013년 8월 26일 10시,월요일,광주광역시 광산구 선암동,중상사고,0,2,0,0,차대차 - 측면직각충돌,안전운전불이행,건조,맑음,교차로 - 교차로안,원동기,남,23세,중상,승용,여,43세,중상
2013082600100216,2013년 8월 26일 11시,월요일,광주광역시 북구 운암동,중상사고,0,1,0,0,차량단독 - 기타,기타,건조,맑음,단일로 - 기타,승합,남,49세,상해없음,,,,
2013082600100240,2013년 8월 26일 12시,월요일,광주광역시 남구 주월동,경상사고,0,0,1,0,차대차 - 측면직각충돌,안전운전불이행,건조,맑음,단일로 - 기타,승용,남,64세,상해없음,승용,여,57세,경상
2013082600100241,2013년 8월 26일 12시,월요일,광주광역시 북구 풍향동,경상사고,0,0,1,0,차대사람 - 횡단중,신호위반,건조,맑음,단일로 - 기타,승용,남,41세,상해없음,보행자,남,18세,경상
2013082600100348,2013년 8월 26일 15시,월요일,광주광역시 광산구 우산동,경상사고,0,0,1,0,차대차 - 측면직각충돌,안전거리미확보,건조,맑음,단일로 - 기타,화물,남,30세,상해없음,승합,남,58세,상해없음
2013082600100384,2013년 8월 26일 16시,월요일,광주광역시 북구 신안동,경상사고,0,0,1,0,차대사람 - 길가장자리구역통행중,안전운전불이행,건조,맑음,단일로 - 기타,화물,남,36세,상해없음,보행자,남,41세,경상
2013082600100385,2013년 8월 26일 16시,월요일,광주광역시 광산구 쌍암동,경상사고,0,0,1,0,차대차 - 기타,안전운전불이행,건조,맑음,단일로 - 기타,승용,남,51세,상해없음,승용,남,33세,경상
2013082600100433,2013년 8월 26일 17시,월요일,광주광역시 서구 치평동,중상사고,0,1,0,0,차대차 - 측면직각충돌,교차로운행방법위반,건조,맑음,교차로 - 교차로안,승용,남,53세,상해없음,자전거,남,61세,중상
2013082600100434,2013년 8월 26일 17시,월요일,광주광역시 광산구 쌍암동,경상사고,0,0,2,0,차대차 - 측면직각충돌,안전거리미확보,건조,맑음,단일로 - 기타,승용,여,36세,상해없음,승용,여,47세,경상
2013082600100481,2013년 8월 26일 18시,월요일,광주광역시 광산구 신가동,경상사고,0,0,4,0,차대차 - 측면직각충돌,교차로운행방법위반,건조,맑음,교차로 - 교차로안,승용,여,42세,경상,화물,남,47세,경상
2013082600100517,2013년 8월 26일 19시,월요일,광주광역시 북구 오치동,경상사고,0,0,1,0,차대차 - 추돌 - 주정차중,안전운전불이행,건조,맑음,교차로 - 교차로안,승용,여,31세,상해없음,승용,여,52세,경상
2013082600100518,2013년 8월 26일 19시,월요일,광주광역시 광산구 도산동,중상사고,0,1,0,0,차대차 - 측면직각충돌,안전거리미확보,건조,맑음,단일로 - 기타,화물,남,54세,상해없음,원동기,남,61세,중상
2013082600100556,2013년 8월 26일 20시,월요일,광주광역시 북구 일곡동,경상사고,0,0,2,0,차대차 - 측면직각충돌,기타,건조,맑음,교차로 - 교차로안,원동기,남,17세,경상,승용,남,32세,경상
2013082600100557,2013년 8월 26일 20시,월요일,광주광역시 광산구 소촌동,부상신고사고,0,0,0,1,차대차 - 측면직각충돌,교차로운행방법위반,건조,맑음,교차로 - 교차로안,자전거,남,34세,부상신고,승용,남,45세,상해없음
2013082600100586,2013년 8월 26일 21시,월요일,광주광역시 광산구 월곡동,경상사고,0,0,1,0,차대차 - 측면직각충돌,안전운전불이행,건조,맑음,교차로 - 교차로부근,승용,남,52세,상해없음,승용,남,46세,경상
2013082600100611,2013년 8월 26일 22시,월요일,광주광역시 북구 운암동,경상사고,0,0,2,0,차대차 - 기타,안전운전불이행,건조,맑음,단일로 - 기타,승용,남,58세,상해없음,승용,남,54세,경상
2013082600100612,2013년 8월 26일 22시,월요일,광주광역시 북구 두암동,중상사고,0,1,3,0,차대차 - 기타,안전운전불이행,건조,맑음,단일로 - 기타,승용,남,48세,기타불명,승합,남,28세,경상
2013082700100016,2013년 8월 27일 00시,화요일,광주광역시 북구 운암동,경상사고,0,0,2,0,차대차 - 추돌 - 진행중,안전운전불이행,건조,맑음,단일로 - 기타,승용,남,31세,상해없음,승용,여,51세,경상
2013082700100030,2013년 8월 27일 01시,화요일,광주광역시 서구 치평동,중상사고,0,1,1,0,차대차 - 측면직각충돌,신호위반,건조,맑음,교차로 - 교차로안,승용,여,42세,경상,승용,남,36세,중상
2013082700100031,2013년 8월 27일 01시,화요일,광주광역시 서구 쌍촌동,경상사고,0,0,1,0,차대차 - 기타,안전운전불이행,건조,맑음,교차로 - 교차로안,승용,남,57세,상해없음,승용,남,58세,상해없음
2013082700100032,2013년 8월 27일 01시,화요일,광주광역시 북구 용봉동,경상사고,0,0,1,0,차대사람 - 길가장자리구역통행중,안전운전불이행,건조,맑음,기타 - 기타,승용,남,47세,상해없음,보행자,남,29세,경상
2013082700100098,2013년 8월 27일 07시,화요일,광주광역시 광산구 소촌동,경상사고,0,0,1,0,차대차 - 추돌 - 주정차중,안전운전불이행,건조,맑음,단일로 - 기타,승용,여,56세,경상,화물,남,49세,상해없음
2013082700100148,2013년 8월 27일 08시,화요일,광주광역시 서구 치평동,경상사고,0,0,2,0,차대차 - 측면직각충돌,교차로운행방법위반,건조,맑음,교차로 - 교차로안,승용,남,55세,경상,승용,여,48세,경상
2013082700100149,2013년 8월 27일 08시,화요일,광주광역시 서구 광천동,경상사고,0,0,1,0,차대차 - 추돌 - 진행중,안전거리미확보,건조,맑음,단일로 - 기타,승용,남,61세,상해없음,승용,여,53세,경상
2013082700100250,2013년 8월 27일 12시,화요일,광주광역시 동구 대인동,사망사고,1,0,0,0,차대사람 - 횡단중,안전운전불이행,건조,맑음,단일로 - 횡단보도상,승합,남,55세,상해없음,보행자,남,81세,사망
2013082700100317,2013년 8월 27일 15시,화요일,광주광역시 광산구 도산동,중상사고,0,1,0,0,차대사람 - 횡단중,안전운전불이행,건조,맑음,단일로 - 기타,승용,남,52세,상해없음,보행자,여,6세,중상
2013082700100381,2013년 8월 27일 17시,화요일,광주광역시 동구 계림동,경상사고,0,0,1,0,차대사람 - 기타,안전운전불이행,건조,맑음,기타 - 기타,승합,남,37세,상해없음,보행자,남,52세,경상
2013082700100421,2013년 8월 27일 18시,화요일,광주광역시 서구 화정동,경상사고,0,0,2,0,차대차 - 기타,안전운전불이행,건조,맑음,교차로 - 교차로부근,승용,여,30세,기타불명,화물,남,55세,경상
2013082700100422,2013년 8월 27일 18시,화요일,광주광역시 북구 동림동,경상사고,0,0,1,0,차대차 - 추돌 - 진행중,안전운전불이행,건조,맑음,단일로 - 기타,승용,남,39세,상해없음,승용,여,37세,경상
2013082700100485,2013년 8월 27일 20시,화요일,광주광역시 동구 선교동,경상사고,0,0,6,0,차대차 - 추돌 - 주정차중,안전운전불이행,건조,맑음,교차로 - 교차로부근,승용,남,48세,상해없음,화물,남,39세,경상
2013082700100486,2013년 8월 27일 20시,화요일,광주광역시 광산구 월계동,중상사고,0,1,0,0,차대사람 - 기타,안전운전불이행,건조,맑음,단일로 - 기타,승용,남,31세,상해없음,보행자,남,47세,중상
2013082700100531,2013년 8월 27일 22시,화요일,광주광역시 광산구 우산동,경상사고,0,0,1,0,차대차 - 기타,안전운전불이행,건조,맑음,단일로 - 기타,승용,남,35세,상해없음,승용,남,40세,경상
2013082700100548,2013년 8월 27일 23시,화요일,광주광역시 남구 봉선동,경상사고,0,0,2,1,차대차 - 측면직각충돌,교차로운행방법위반,건조,맑음,교차로 - 교차로안,승용,남,47세,상해없음,승용,여,35세,부상신고
2013082700100549,2013년 8월 27일 23시,화요일,광주광역시 북구 동림동,경상사고,0,0,2,0,차대차 - 추돌 - 주정차중,안전운전불이행,건조,맑음,단일로 - 기타,승용,남,50세,상해없음,승용,남,28세,경상
2013082800100023,2013년 8월 28일 01시,수요일,광주광역시 서구 유촌동,경상사고,0,0,2,0,차대차 - 기타,안전운전불이행,건조,맑음,단일로 - 기타,승용,남,29세,기타불명,승용,남,52세,경상
2013082800100024,2013년 8월 28일 01시,수요일,광주광역시 광산구 신촌동,경상사고,0,0,1,0,차대차 - 측면직각충돌,신호위반,건조,맑음,교차로 - 교차로안,승용,여,45세,상해없음,승용,남,32세,경상
2013082800100057,2013년 8월 28일 05시,수요일,광주광역시 북구 용봉동,경상사고,0,0,1,0,차대사람 - 기타,안전운전불이행,기타,맑음,단일로 - 기타,기타불명,기타불명,기타불명,기타불명,보행자,남,26세,경상
2013082800100073,2013년 8월 28일 06시,수요일,광주광역시 남구 백운동,경상사고,0,0,1,0,차대차 - 기타,신호위반,건조,맑음,교차로 - 교차로안,승합,남,58세,상해없음,승용,여,56세,경상
2013082800100130,2013년 8월 28일 08시,수요일,광주광역시 서구 치평동,경상사고,0,0,2,0,차대차 - 정면충돌,신호위반,건조,맑음,교차로 - 교차로안,승용,남,35세,경상,승용,남,29세,경상
2013082800100163,2013년 8월 28일 09시,수요일,광주광역시 북구 신용동,경상사고,0,0,3,0,차대차 - 기타,안전거리미확보,건조,맑음,단일로 - 기타,승용,여,53세,경상,승용,남,40세,경상
2013082800100183,2013년 8월 28일 10시,수요일,광주광역시 북구 오치동,중상사고,0,1,0,0,차대차 - 측면직각충돌,안전운전불이행,건조,맑음,단일로 - 기타,승용,여,53세,상해없음,화물,남,54세,상해없음
2013082800100184,2013년 8월 28일 10시,수요일,광주광역시 광산구 산월동,경상사고,0,0,1,0,차대차 - 측면직각충돌,교차로운행방법위반,건조,맑음,교차로 - 교차로안,승용,남,45세,상해없음,승용,남,31세,경상
2013082800100213,2013년 8월 28일 11시,수요일,광주광역시 광산구 산월동,경상사고,0,0,1,0,차대차 - 기타,신호위반,건조,맑음,교차로 - 교차로안,승용,남,27세,상해없음,이륜,남,32세,경상
2013082800100236,2013년 8월 28일 12시,수요일,광주광역시 북구 매곡동,경상사고,0,0,2,0,차대차 - 기타,안전거리미확보,건조,맑음,단일로 - 기타,승용,여,52세,경상,화물,남,33세,경상
2013082800100272,2013년 8월 28일 13시,수요일,광주광역시 북구 신안동,경상사고,0,0,1,0,차대사람 - 횡단중,보행자보호의무위반,건조,맑음,교차로 - 교차로부근,화물,남,56세,상해없음,보행자,여,32세,경상
2013082800100306,2013년 8월 28일 14시,수요일,광주광역시 남구 진월동,경상사고,0,0,1,0,차대사람 - 기타,안전운전불이행,건조,맑음,기타 - 기타,승용,여,61세,상해없음,보행자,남,8세,경상
2013082800100307,2013년 8월 28일 14시,수요일,광주광역시 북구 동림동,경상사고,0,0,2,0,차대차 - 측면직각충돌,안전거리미확보,건조,맑음,단일로 - 기타,승용,남,46세,상해없음,승용,남,60세,경상
2013082800100371,2013년 8월 28일 16시,수요일,광주광역시 동구 금남로5가,경상사고,0,0,1,0,차대차 - 추돌 - 주정차중,안전거리미확보,건조,맑음,교차로 - 교차로부근,승용,남,38세,상해없음,승용,남,27세,경상
2013082800100372,2013년 8월 28일 16시,수요일,광주광역시 남구 주월동,경상사고,0,0,1,0,차대사람 - 횡단중,신호위반,건조,맑음,단일로 - 횡단보도상,승용,여,25세,상해없음,보행자,여,38세,경상
2013082800100373,2013년 8월 28일 16시,수요일,광주광역시 남구 백운동,중상사고,0,1,0,0,차대차 - 기타,신호위반,건조,맑음,단일로 - 횡단보도상,화물,남,57세,상해없음,자전거,남,87세,중상
2013082800100403,2013년 8월 28일 17시,수요일,광주광역시 동구 학동,경상사고,0,0,2,0,차대차 - 측면직각충돌,중앙선침범,건조,맑음,단일로 - 기타,승용,여,43세,상해없음,승용,남,55세,경상
2013082800100443,2013년 8월 28일 18시,수요일,광주광역시 서구 치평동,경상사고,0,0,1,0,차대차 - 기타,차로위반,건조,맑음,단일로 - 기타,승합,남,75세,상해없음,승합,남,43세,상해없음
2013082800100444,2013년 8월 28일 18시,수요일,광주광역시 북구 풍향동,경상사고,0,0,1,0,차대차 - 추돌 - 주정차중,안전운전불이행,건조,맑음,단일로 - 기타,승용,여,27세,상해없음,승용,여,67세,경상
2013082800100492,2013년 8월 28일 19시,수요일,광주광역시 북구 일곡동,경상사고,0,0,1,0,차대차 - 측면직각충돌,교차로운행방법위반,건조,맑음,교차로 - 교차로안,승용,남,31세,상해없음,이륜,남,37세,경상
2013082800100529,2013년 8월 28일 20시,수요일,광주광역시 동구 소태동,경상사고,0,0,1,0,차대사람 - 기타,안전운전불이행,건조,맑음,단일로 - 기타,승용,남,29세,상해없음,보행자,남,13세,경상
2013082800100558,2013년 8월 28일 21시,수요일,광주광역시 서구 농성동,중상사고,0,1,0,0,차대사람 - 횡단중,신호위반,건조,맑음,단일로 - 횡단보도상,승용,여,45세,상해없음,보행자,여,62세,중상