사고번호,사고일시,요일,시군구,사고내용,사망자수,중상자수,경상자수,부상신고자수,사고유형,법규위반,노면상태,기상상태,도로형태,가해운전자 차종,가해운전자 성별,가해운전자 연령,가해운전자 상해정도,피해운전자 차종,피해운전자 성별,피해운전자 연령,피해운전자 상해정도
2013082800100559,2013년 8월 28일 21시,수요일,광주광역시 북구 우산동,경상사고,0,0,1,0,차대차 - 추돌 - 주정차중,안전거리미확보,건조,맑음,기타 - 기타,승용,남,43세,상해없음,승용,남,29세,경상
2013082800100560,2013년 8월 28일 21시,수요일,광주광역시 북구 동림동,중상사고,0,1,0,0,차대사람 - 기타,안전운전불이행,건조,맑음,단일로 - 기타,원동기,남,57세,상해없음,보행자,여,61세,중상
2013082800100589,2013년 8월 28일 22시,수요일,광주광역시 남구 주월동,경상사고,0,0,5,0,차대차 - 측면직각충돌,교차로운행방법위반,건조,맑음,교차로 - 교차로안,승용,여,42세,경상,승용,남,40세,경상
2013082800100610,2013년 8월 28일 23시,수요일,광주광역시 서구 풍암동,경상사고,0,0,2,0,차대차 - 측면직각충돌,차로위반,건조,맑음,단일로 - 기타,승용,남,22세,경상,승용,남,50세,경상
2013082800100611,2013년 8월 28일 23시,수요일,광주광역시 북구 풍향동,경상사고,0,0,2,0,차대차 - 추돌 - 주정차중,안전운전불이행,건조,맑음,단일로 - 기타,승용,남,53세,상해없음,승용,남,61세,경상
2013082900100065,2013년 8월 29일 05시,목요일,광주광역시 광산구 월계동,경상사고,0,0,1,0,차대차 - 측면직각충돌,안전운전불이행,건조,맑음,교차로 - 교차로부근,승용,남,69세,상해없음,자전거,남,72세,경상
2013082900100146,2013년 8월 29일 08시,목요일,광주광역시 서구 광천동,경상사고,0,0,1,0,차대차 - 추돌 - 주정차중,안전운전불이행,건조,맑음,교차로 - 교차로부근,승용,남,32세,상해없음,승용,남,39세,경상
2013082900100147,2013년 8월 29일 08시,목요일,광주광역시 북구 운암동,경상사고,0,0,1,0,차대사람 - 횡단중,신호위반,건조,맑음,단일로 - 기타,승용,여,32세,상해없음,보행자,여,27세,경상
2013082900100232,2013년 8월 29일 11시,목요일,광주광역시 광산구 송정동,중상사고,0,1,0,0,차대사람 - 횡단중,안전운전불이행,건조,맑음,단일로 - 횡단보도부근,승용,여,49세,상해없음,보행자,여,56세,중상
2013082900100258,2013년 8월 29일 12시,목요일,광주광역시 광산구 신창동,경상사고,0,0,1,0,차대차 - 측면직각충돌,신호위반,건조,흐림,교차로 - 교차로안,승용,여,38세,상해없음,승용,남,46세,경상
2013082900100283,2013년 8월 29일 13시,목요일,광주광역시 남구 노대동,중상사고,0,1,0,0,차대사람 - 기타,안전운전불이행,건조,맑음,단일로 - 기타,승합,남,61세,상해없음,보행자,여,22세,중상
2013082900100284,2013년 8월 29일 13시,목요일,광주광역시 북구 용봉동,경상사고,0,0,1,0,차대차 - 기타,안전운전불이행,건조,맑음,단일로 - 기타,승용,남,71세,상해없음,승용,남,27세,경상
2013082900100306,2013년 8월 29일 14시,목요일,광주광역시 서구 치평동,중상사고,0,1,0,0,차대차 - 추돌 - 주정차중,안전운전불이행,건조,맑음,단일로 - 기타,승용,여,47세,상해없음,승용,남,43세,중상
2013082900100307,2013년 8월 29일 14시,목요일,광주광역시 광산구 신가동,경상사고,0,0,1,0,차대사람 - 기타,안전운전불이행,건조,맑음,단일로 - 기타,승용,여,32세,상해없음,보행자,여,9세,경상
2013082900100308,2013년 8월 29일 14시,목요일,광주광역시 광산구 산월동,경상사고,0,0,1,0,차대사람 - 횡단중,안전운전불이행,습기,비,단일로 - 횡단보도상,승합,남,45세,상해없음,보행자,남,84세,경상
2013082900100384,2013년 8월 29일 16시,목요일,광주광역시 광산구 도천동,경상사고,0,0,1,0,차대차 - 측면직각충돌,신호위반,습기,비,교차로 - 교차로안,화물,남,29세,상해없음,승용,남,35세,경상
2013082900100417,2013년 8월 29일 17시,목요일,광주광역시 남구 주월동,경상사고,0,0,1,0,차대차 - 측면직각충돌,안전운전불이행,습기,비,단일로 - 기타,승용,남,56세,상해없음,승용,남,35세,경상
2013082900100418,2013년 8월 29일 17시,목요일,광주광역시 북구 삼각동,경상사고,0,0,1,0,차대차 - 추돌 - 진행중,안전거리미확보,건조,맑음,단일로 - 기타,승용,남,32세,상해없음,승용,남,57세,경상
2013082900100456,2013년 8월 29일 18시,목요일,광주광역시 서구 치평동,경상사고,0,0,3,0,차대차 - 추돌 - 주정차중,안전운전불이행,습기,비,교차로 - 교차로부근,승용,남,57세,상해없음,승용,여,53세,경상
2013082900100457,2013년 8월 29일 18시,목요일,광주광역시 북구 중흥동,경상사고,0,0,2,0,차대차 - 기타,안전운전불이행,습기,비,단일로 - 기타,승용,남,71세,상해없음,승용,남,31세,경상
2013082900100458,2013년 8월 29일 18시,목요일,광주광역시 광산구 하남동,중상사고,0,1,0,0,차대차 - 추돌 - 진행중,직진우회전진행방해,습기,비,교차로 - 교차로안,승용,남,38세,상해없음,원동기,남,30세,중상
2013082900100504,2013년 8월 29일 19시,목요일,광주광역시 서구 유촌동,경상사고,0,0,1,0,차대차 - 추돌 - 주정차중,안전거리미확보,습기,비,단일로 - 기타,승용,여,37세,상해없음,승용,남,51세,경상
2013082900100505,2013년 8월 29일 19시,목요일,광주광역시 남구 양림동,경상사고,0,0,1,0,차대차 - 측면직각충돌,교차로운행방법위반,습기,비,단일로 - 기타,승용,여,55세,상해없음,원동기,남,16세,경상
2013082900100541,2013년 8월 29일 20시,목요일,광주광역시 동구 산수동,경상사고,0,0,1,0,차대차 - 추돌 - 주정차중,안전운전불이행,습기,비,교차로 - 교차로부근,승용,남,51세,상해없음,승합,남,50세,경상
2013082900100542,2013년 8월 29일 20시,목요일,광주광역시 서구 치평동,경상사고,0,0,1,0,차대차 - 기타,안전거리미확보,건조,맑음,단일로 - 기타,승용,여,38세,상해없음,승용,남,43세,경상
2013082900100576,2013년 8월 29일 21시,목요일,광주광역시 서구 쌍촌동,경상사고,0,0,1,0,차대차 - 측면직각충돌,교차로운행방법위반,기타,기타,교차로 - 교차로안,승용,남,56세,상해없음,승용,남,24세,상해없음
2013082900100577,2013년 8월 29일 21시,목요일,광주광역시 남구 백운동,중상사고,0,1,0,0,차대차 - 측면직각충돌,교차로운행방법위반,습기,비,교차로 - 교차로안,승용,남,49세,상해없음,이륜,남,55세,중상
2013082900100578,2013년 8월 29일 21시,목요일,광주광역시 남구 송하동,중상사고,0,1,1,0,차대차 - 측면직각충돌,신호위반,습기,비,교차로 - 교차로안,승용,남,55세,상해없음,승용,여,41세,중상
2013082900100579,2013년 8월 29일 21시,목요일,광주광역시 북구 일곡동,중상사고,0,1,0,0,차대사람 - 횡단중,안전운전불이행,습기,비,단일로 - 기타,승용,남,48세,상해없음,보행자,남,34세,중상
2013082900100580,2013년 8월 29일 21시,목요일,광주광역시 북구 운암동,경상사고,0,0,5,0,차대차 - 기타,안전거리미확보,적설,비,교차로 - 교차로부근,승용,남,43세,경상,화물,남,59세,경상
2013082900100581,2013년 8월 29일 21시,목요일,광주광역시 광산구 선암동,경상사고,0,0,2,0,차대차 - 측면직각충돌,신호위반,습기,비,교차로 - 교차로안,승용,여,47세,상해없음,승합,남,50세,경상
2013082900100582,2013년 8월 29일 21시,목요일,광주광역시 광산구 수완동,중상사고,0,1,0,0,차대차 - 추돌 - 진행중,안전거리미확보,습기,비,교차로 - 교차로부근,승용,여,47세,상해없음,원동기,남,51세,중상
2013082900100583,2013년 8월 29일 21시,목요일,광주광역시 광산구 수완동,경상사고,0,0,3,0,차대차 - 정면충돌,신호위반,건조,맑음,교차로 - 교차로안,승용,남,36세,상해없음,승용,남,28세,경상
2013082900100584,2013년 8월 29일 21시,목요일,광주광역시 광산구 신가동,경상사고,0,0,2,0,차대차 - 추돌 - 주정차중,안전운전불이행,습기,비,교차로 - 교차로부근,승합,남,55세,상해없음,승용,남,55세,경상
2013082900100622,2013년 8월 29일 22시,목요일,광주광역시 북구 우산동,경상사고,0,0,1,0,차대차 - 추돌 - 진행중,안전운전불이행,습기,비,단일로 - 기타,승용,남,58세,상해없음,승용,남,65세,상해없음
2013082900100623,2013년 8월 29일 22시,목요일,광주광역시 광산구 장덕동,중상사고,0,1,0,0,차대사람 - 횡단중,보행자보호의무위반,습기,비,교차로 - 교차로부근,승용,여,43세,상해없음,보행자,여,25세,중상
2013082900100655,2013년 8월 29일 23시,목요일,광주광역시 서구 치평동,경상사고,0,0,2,0,차대차 - 추돌 - 주정차중,안전운전불이행,습기,비,단일로 - 기타,승용,남,48세,상해없음,승용,남,31세,경상
2013082900100656,2013년 8월 29일 23시,목요일,광주광역시 광산구 신촌동,경상사고,0,0,3,0,차대차 - 추돌 - 진행중,안전운전불이행,습기,비,교차로 - 교차로부근,승용,남,38세,상해없음,승용,남,44세,경상
2013083000100021,2013년 8월 30일 00시,금요일,광주광역시 북구 삼각동,경상사고,0,0,1,0,차대차 - 기타,안전거리미확보,건조,맑음,단일로 - 기타,승용,남,57세,상해없음,승용,남,43세,경상
2013083000100046,2013년 8월 30일 02시,금요일,광주광역시 남구 방림동,경상사고,0,0,3,0,차대차 - 추돌 - 주정차중,안전운전불이행,습기,흐림,교차로 - 교차로부근,승합,남,46세,상해없음,승용,남,23세,경상
2013083000100075,2013년 8월 30일 04시,금요일,광주광역시 광산구 쌍암동,경상사고,0,0,1,0,차대차 - 추돌 - 진행중,안전거리미확보,건조,맑음,교차로 - 교차로부근,승용,남,56세,상해없음,승용,기타불명,기타불명,기타불명
2013083000100149,2013년 8월 30일 08시,금요일,광주광역시 서구 치평동,경상사고,0,0,4,0,차대차 - 측면직각충돌,안전거리미확보,건조,맑음,단일로 - 기타,승용,여,52세,경상,승용,남,38세,경상
2013083000100150,2013년 8월 30일 08시,금요일,광주광역시 광산구 운남동,경상사고,0,0,1,0,차대차 - 측면직각충돌,안전운전불이행,건조,맑음,단일로 - 기타,자전거,남,15세,경상,승용,남,31세,상해없음
2013083000100151,2013년 8월 30일 08시,금요일,광주광역시 광산구 소촌동,경상사고,0,0,1,0,차대차 - 추돌 - 주정차중,교차로운행방법위반,습기,비,교차로 - 교차로안,승합,남,57세,상해없음,승용,남,44세,경상
2013083000100180,2013년 8월 30일 09시,금요일,광주광역시 광산구 우산동,경상사고,0,0,1,0,차대차 - 추돌 - 주정차중,안전거리미확보,건조,맑음,교차로 - 교차로부근,승합,여,45세,상해없음,승용,남,44세,경상
2013083000100212,2013년 8월 30일 10시,금요일,광주광역시 광산구 도천동,경상사고,0,0,1,0,차대차 - 정면충돌,안전운전불이행,건조,맑음,단일로 - 기타,화물,남,58세,상해없음,승용,남,29세,경상
2013083000100235,2013년 8월 30일 11시,금요일,광주광역시 북구 유동,중상사고,0,1,0,0,차대사람 - 횡단중,안전운전불이행,건조,맑음,교차로 - 교차로안,화물,남,28세,상해없음,보행자,여,66세,중상
2013083000100266,2013년 8월 30일 12시,금요일,광주광역시 광산구 장덕동,경상사고,0,0,1,0,차대사람 - 기타,안전운전불이행,건조,맑음,교차로 - 교차로안,화물,남,48세,상해없음,보행자,남,30세,경상
2013083000100321,2013년 8월 30일 14시,금요일,광주광역시 동구 계림동,경상사고,0,0,1,0,차대차 - 기타,안전운전불이행,건조,맑음,기타 - 기타,승용,남,48세,상해없음,승용,남,32세,경상
2013083000100322,2013년 8월 30일 14시,금요일,광주광역시 서구 쌍촌동,경상사고,0,0,3,0,차대차 - 기타,안전운전불이행,건조,맑음,교차로 - 교차로안,승용,남,22세,경상,승용,남,28세,경상
2013083000100323,2013년 8월 30일 14시,금요일,광주광역시 남구 주월동,경상사고,0,0,5,0,차대차 - 측면직각충돌,교차로운행방법위반,건조,맑음,교차로 - 교차로안,승용,여,38세,경상,승용,여,49세,경상
2013083000100324,2013년 8월 30일 14시,금요일,광주광역시 북구 일곡동,경상사고,0,0,1,0,차대사람 - 차도통행중,안전운전불이행,건조,맑음,단일로 - 기타,승용,남,70세,상해없음,보행자,남,12세,경상
2013083000100353,2013년 8월 30일 15시,금요일,광주광역시 서구 농성동,경상사고,0,0,3,0,차대차 - 기타,중앙선침범,건조,맑음,단일로 - 기타,승용,남,30세,상해없음,승용,남,57세,경상
2013083000100354,2013년 8월 30일 15시,금요일,광주광역시 서구 광천동,중상사고,0,1,0,0,차대사람 - 보도통행중,보행자보호의무위반,건조,맑음,단일로 - 횡단보도상,승용,여,43세,상해없음,보행자,여,72세,중상
2013083000100355,2013년 8월 30일 15시,금요일,광주광역시 광산구 신가동,경상사고,0,0,2,0,차대차 - 추돌 - 주정차중,안전운전불이행,건조,맑음,교차로 - 교차로안,승용,남,45세,상해없음,승용,여,44세,경상
2013083000100390,2013년 8월 30일 16시,금요일,광주광역시 동구 지산동,경상사고,0,0,1,0,차대차 - 측면직각충돌,안전거리미확보,건조,맑음,단일로 - 기타,승용,남,29세,상해없음,승용,남,64세,경상
2013083000100432,2013년 8월 30일 17시,금요일,광주광역시 동구 남동,경상사고,0,0,1,0,차대차 - 측면직각충돌,안전운전불이행,건조,맑음,교차로 - 교차로부근,이륜,남,62세,경상,승용,남,24세,상해없음
2013083000100474,2013년 8월 30일 18시,금요일,광주광역시 동구 용산동,중상사고,0,1,0,0,차대사람 - 보도통행중,기타,건조,맑음,단일로 - 기타,자전거,남,24세,상해없음,보행자,여,41세,중상
2013083000100475,2013년 8월 30일 18시,금요일,광주광역시 광산구 송정동,경상사고,0,0,1,0,차대차 - 측면직각충돌,안전운전불이행,건조,맑음,교차로 - 교차로안,승용,남,58세,상해없음,승용,남,42세,경상
2013083000100515,2013년 8월 30일 19시,금요일,광주광역시 동구 동명동,경상사고,0,0,1,0,차대사람 - 보도통행중,보행자보호의무위반,건조,맑음,교차로 - 교차로안,승용,남,69세,상해없음,보행자,여,21세,경상
2013083000100516,2013년 8월 30일 19시,금요일,광주광역시 서구 유촌동,경상사고,0,0,1,0,차대차 - 측면직각충돌,차로위반,건조,맑음,단일로 - 기타,승용,남,57세,상해없음,화물,남,33세,경상
2013083000100554,2013년 8월 30일 20시,금요일,광주광역시 서구 동천동,중상사고,0,1,0,0,차량단독 - 공작물충돌,안전운전불이행,건조,맑음,단일로 - 기타,승용,여,28세,상해없음,,,,
2013083000100620,2013년 8월 30일 22시,금요일,광주광역시 서구 풍암동,경상사고,0,0,1,0,차대사람 - 기타,안전운전불이행,건조,맑음,교차로 - 교차로안,승용,남,25세,상해없음,보행자,남,48세,경상
2013083000100653,2013년 8월 30일 23시,금요일,광주광역시 서구 쌍촌동,경상사고,0,0,2,0,차대차 - 측면직각충돌,교차로운행방법위반,건조,맑음,교차로 - 교차로안,승용,남,36세,상해없음,승용,남,44세,경상
2013083000100654,2013년 8월 30일 23시,금요일,광주광역시 서구 쌍촌동,중상사고,0,1,0,0,차대차 - 기타,중앙선침범,건조,맑음,기타 - 기타,승용,남,47세,상해없음,이륜,남,33세,중상
2013083000100655,2013년 8월 30일 23시,금요일,광주광역시 서구 금호동,경상사고,0,0,2,0,차대사람 - 보도통행중,안전운전불이행,건조,흐림,단일로 - 기타,승용,남,27세,상해없음,보행자,남,41세,경상
2013083100100027,2013년 8월 31일 00시,토요일,광주광역시 서구 풍암동,중상사고,0,1,0,0,차대사람 - 보도통행중,안전운전불이행,건조,흐림,단일로 - 기타,승용,여,29세,상해없음,보행자,여,54세,중상
2013083100100028,2013년 8월 31일 00시,토요일,광주광역시 북구 삼각동,중상사고,0,1,0,0,차대사람 - 횡단중,보행자보호의무위반,건조,맑음,단일로 - 횡단보도상,승용,남,51세,상해없음,보행자,남,20세,중상
2013083100100029,2013년 8월 31일 00시,토요일,광주광역시 광산구 소촌동,부상신고사고,0,0,0,1,차대차 - 추돌 - 주정차중,안전운전불이행,건조,맑음,단일로 - 기타,승용,남,26세,상해없음,승용,여,40세,부상신고
2013083100100048,2013년 8월 31일 01시,토요일,광주광역시 북구 풍향동,경상사고,0,0,1,0,차대차 - 기타,신호위반,건조,맑음,교차로 - 교차로안,승용,남,30세,상해없음,승용,남,52세,경상
2013083100100092,2013년 8월 31일 04시,토요일,광주광역시 북구 문흥동,경상사고,0,0,1,0,차대차 - 측면직각충돌,중앙선침범,건조,맑음,미분류 - 미분류,승용,남,26세,상해없음,화물,여,47세,경상
2013083100100113,2013년 8월 31일 05시,토요일,광주광역시 광산구 운남동,중상사고,0,1,1,0,차대차 - 추돌 - 주정차중,안전운전불이행,건조,맑음,단일로 - 기타,승용,남,40세,중상,화물,남,44세,경상
2013083100100191,2013년 8월 31일 09시,토요일,광주광역시 남구 월산동,중상사고,0,1,0,0,차대차 - 측면직각충돌,안전운전불이행,건조,맑음,단일로 - 기타,승용,남,62세,상해없음,승용,남,55세,중상
2013083100100214,2013년 8월 31일 10시,토요일,광주광역시 서구 치평동,경상사고,0,0,2,0,차대차 - 측면직각충돌,차로위반,건조,맑음,교차로 - 교차로부근,승용,여,52세,상해없음,화물,남,46세,경상
2013083100100243,2013년 8월 31일 11시,토요일,광주광역시 남구 백운동,경상사고,0,0,1,0,차대차 - 측면직각충돌,안전거리미확보,건조,맑음,교차로 - 교차로안,승용,여,74세,상해없음,승용,남,25세,경상
2013083100100318,2013년 8월 31일 13시,토요일,광주광역시 북구 신용동,경상사고,0,0,1,0,차대차 - 추돌 - 주정차중,안전운전불이행,건조,맑음,교차로 - 교차로안,승용,남,26세,상해없음,승용,여,50세,경상
2013083100100352,2013년 8월 31일 14시,토요일,광주광역시 북구 대촌동,경상사고,0,0,3,0,차대차 - 측면직각충돌,교차로운행방법위반,건조,맑음,교차로 - 교차로안,승용,남,45세,경상,승용,여,52세,경상
2013083100100387,2013년 8월 31일 15시,토요일,광주광역시 남구 월산동,중상사고,0,1,0,0,차대차 - 측면직각충돌,교차로운행방법위반,건조,맑음,교차로 - 교차로안,승용,남,47세,상해없음,원동기,남,23세,중상
2013083100100388,2013년 8월 31일 15시,토요일,광주광역시 북구 두암동,중상사고,0,1,0,0,차대사람 - 기타,안전운전불이행,건조,맑음,단일로 - 기타,이륜,남,51세,상해없음,보행자,여,52세,중상
2013083100100389,2013년 8월 31일 15시,토요일,광주광역시 북구 양산동,경상사고,0,0,1,0,차대차 - 측면직각충돌,안전운전불이행,건조,맑음,단일로 - 기타,승용,남,35세,상해없음,승용,남,24세,경상
2013083100100390,2013년 8월 31일 15시,토요일,광주광역시 광산구 월계동,경상사고,0,0,1,0,차대사람 - 횡단중,안전운전불이행,건조,맑음,단일로 - 기타,화물,남,42세,상해없음,보행자,여,15세,경상
2013083100100391,2013년 8월 31일 15시,토요일,광주광역시 광산구 비아동,중상사고,0,2,2,0,차대차 - 측면직각충돌,기타,건조,맑음,교차로 - 교차로안,화물,남,44세,상해없음,승용,남,32세,중상
2013083100100460,2013년 8월 31일 17시,토요일,광주광역시 서구 매월동,경상사고,0,0,2,0,차대차 - 추돌 - 진행중,안전거리미확보,건조,맑음,단일로 - 기타,승용,남,44세,경상,화물,남,40세,상해없음
2013083100100461,2013년 8월 31일 17시,토요일,광주광역시 광산구 우산동,중상사고,0,1,0,1,차대차 - 기타,안전운전불이행,건조,맑음,단일로 - 기타,이륜,남,18세,부상신고,승용,여,49세,기타불명
2013083100100487,2013년 8월 31일 18시,토요일,광주광역시 북구 양산동,경상사고,0,0,1,0,차대차 - 추돌 - 진행중,안전운전불이행,건조,맑음,교차로 - 교차로부근,승용,남,43세,상해없음,승용,여,39세,경상
2013083100100529,2013년 8월 31일 19시,토요일,광주광역시 남구 월산동,사망사고,1,0,0,0,차대사람 - 기타,안전운전불이행,건조,맑음,교차로 - 교차로부근,승용,남,40세,상해없음,보행자,남,76세,사망
2013083100100556,2013년 8월 31일 20시,토요일,광주광역시 남구 월산동,경상사고,0,0,1,0,차대사람 - 기타,안전운전불이행,건조,맑음,단일로 - 기타,기타불명,기타불명,기타불명,기타불명,보행자,남,24세,경상
2013083100100557,2013년 8월 31일 20시,토요일,광주광역시 북구 동림동,중상사고,0,1,3,0,차대차 - 측면직각충돌,신호위반,건조,맑음,교차로 - 교차로안,승용,남,71세,상해없음,승용,여,43세,경상
2013083100100558,2013년 8월 31일 20시,토요일,광주광역시 광산구 하남동,경상사고,0,0,1,0,차대차 - 측면직각충돌,안전운전불이행,건조,맑음,단일로 - 기타,승용,남,42세,상해없음,승용,남,33세,경상
2013083100100559,2013년 8월 31일 20시,토요일,광주광역시 광산구 월계동,중상사고,0,1,0,0,차대차 - 기타,안전운전불이행,건조,맑음,단일로 - 기타,이륜,남,20세,중상,승용,여,51세,상해없음
2013083100100644,2013년 8월 31일 23시,토요일,광주광역시 광산구 월곡동,부상신고사고,0,0,0,1,차대차 - 기타,안전운전불이행,건조,맑음,교차로 - 교차로안,자전거,남,57세,부상신고,승용,남,50세,상해없음
2013090100100052,2013년 9월 1일 02시,일요일,광주광역시 북구 용봉동,경상사고,0,0,1,0,차대사람 - 기타,안전운전불이행,건조,맑음,단일로 - 기타,승용,남,66세,상해없음,보행자,남,22세,경상
2013090100100066,2013년 9월 1일 03시,일요일,광주광역시 북구 연제동,경상사고,0,0,2,0,차대차 - 측면직각충돌,신호위반,건조,맑음,교차로 - 교차로안,승용,남,38세,상해없음,이륜,남,20세,경상
2013090100100079,2013년 9월 1일 04시,일요일,광주광역시 서구 치평동,경상사고,0,0,1,0,차대차 - 측면직각충돌,신호위반,건조,맑음,교차로 - 교차로안,승용,남,65세,상해없음,승용,여,38세,경상
2013090100100086,2013년 9월 1일 05시,일요일,광주광역시 광산구 신가동,중상사고,0,1,0,0,차대사람 - 차도통행중,안전운전불이행,건조,맑음,교차로 - 교차로부근,승용,남,66세,상해없음,보행자,남,37세,중상
2013090100100112,2013년 9월 1일 07시,일요일,광주광역시 동구 대인동,경상사고,0,0,3,0,차대차 - 측면직각충돌,신호위반,건조,맑음,교차로 - 교차로안,승용,남,22세,상해없음,승용,남,57세,경상
2013090100100142,2013년 9월 1일 09시,일요일,광주광역시 서구 광천동,경상사고,0,0,1,0,차대차 - 추돌 - 주정차중,안전운전불이행,건조,맑음,교차로 - 교차로부근,승용,남,64세,상해없음,승용,여,30세,경상
2013090100100171,2013년 9월 1일 10시,일요일,광주광역시 서구 유촌동,경상사고,0,0,2,0,차대차 - 기타,신호위반,건조,맑음,교차로 - 교차로안,승용,남,57세,기타불명,화물,여,54세,경상
2013090100100251,2013년 9월 1일 13시,일요일,광주광역시 북구 우산동,경상사고,0,0,3,0,차대차 - 추돌 - 주정차중,안전운전불이행,건조,맑음,단일로 - 기타,승용,남,75세,상해없음,화물,남,35세,경상
2013090100100304,2013년 9월 1일 15시,일요일,광주광역시 북구 중흥동,경상사고,0,0,1,0,차대차 - 측면직각충돌,신호위반,건조,맑음,교차로 - 교차로안,승용,남,63세,상해없음,승용,남,52세,경상
2013090100100389,2013년 9월 1일 18시,일요일,광주광역시 서구 내방동,중상사고,0,1,0,0,차대사람 - 기타,보행자보호의무위반,건조,맑음,단일로 - 횡단보도상,승용,남,64세,상해없음,보행자,여,17세,중상
2013090100100390,2013년 9월 1일 18시,일요일,광주광역시 북구 운암동,경상사고,0,0,1,0,차대차 - 기타,안전운전불이행,건조,맑음,단일로 - 횡단보도상,승용,여,39세,상해없음,자전거,남,21세,경상
2013090100100493,2013년 9월 1일 23시,일요일,광주광역시 북구 북동,경상사고,0,0,2,0,차대차 - 추돌 - 진행중,안전운전불이행,건조,맑음,단일로 - 횡단보도부근,승용,여,24세,상해없음,승용,남,27세,경상
2013090200100017,2013년 9월 2일 01시,월요일,광주광역시 동구 광산동,경상사고,0,0,1,0,차대차 - 측면직각충돌,중앙선침범,건조,맑음,단일로 - 기타,승용,남,24세,상해없음,승용,여,47세,경상
2013090200100061,2013년 9월 2일 06시,월요일,광주광역시 동구 학동,경상사고,0,0,1,0,차대차 - 측면직각충돌,안전운전불이행,건조,맑음,교차로 - 교차로안,승용,남,33세,상해없음,자전거,남,64세,경상
2013090200100062,2013년 9월 2일 06시,월요일,광주광역시 광산구 우산동,경상사고,0,0,1,0,차대차 - 추돌 - 진행중,안전운전불이행,건조,맑음,단일로 - 기타,승용,여,58세,상해없음,승용,남,26세,경상
2013090200100100,2013년 9월 2일 07시,월요일,광주광역시 북구 운암동,경상사고,0,0,1,0,차대차 - 기타,안전운전불이행,건조,맑음,단일로 - 기타,승용,여,31세,상해없음,화물,남,60세,상해없음
2013090200100211,2013년 9월 2일 10시,월요일,광주광역시 서구 양동,경상사고,0,0,1,0,차대차 - 측면직각충돌,안전거리미확보,건조,맑음,단일로 - 기타,승용,남,66세,상해없음,화물,남,47세,경상
2013090200100238,2013년 9월 2일 11시,월요일,광주광역시 광산구 신촌동,중상사고,0,1,4,0,차대차 - 추돌 - 진행중,안전거리미확보,건조,맑음,단일로 - 기타,승용,남,53세,경상,승용,여,62세,중상
2013090200100278,2013년 9월 2일 12시,월요일,광주광역시 광산구 오선동,경상사고,0,0,1,0,차대차 - 추돌 - 진행중,안전거리미확보,건조,맑음,교차로 - 교차로안,화물,남,37세,상해없음,화물,남,48세,경상
2013090200100301,2013년 9월 2일 13시,월요일,광주광역시 서구 광천동,경상사고,0,0,5,0,차대차 - 추돌 - 주정차중,안전거리미확보,건조,맑음,교차로 - 교차로부근,승용,남,40세,상해없음,화물,남,41세,경상
2013090200100335,2013년 9월 2일 14시,월요일,광주광역시 서구 쌍촌동,경상사고,0,0,5,1,차대차 - 측면직각충돌,안전운전불이행,건조,맑음,단일로 - 기타,승용,여,57세,상해없음,승용,남,55세,경상
2013090200100336,2013년 9월 2일 14시,월요일,광주광역시 남구 월산동,부상신고사고,0,0,0,1,차대사람 - 차도통행중,안전운전불이행,건조,맑음,교차로 - 교차로부근,승용,남,39세,상해없음,보행자,남,27세,부상신고
2013090200100337,2013년 9월 2일 14시,월요일,광주광역시 북구 동림동,경상사고,0,0,1,0,차대차 - 추돌 - 진행중,안전거리미확보,건조,맑음,단일로 - 기타,승용,여,58세,상해없음,화물,남,42세,경상
2013090200100463,2013년 9월 2일 17시,월요일,광주광역시 북구 두암동,경상사고,0,0,1,0,차대차 - 추돌 - 주정차중,안전거리미확보,건조,맑음,단일로 - 기타,승용,남,50세,상해없음,승용,남,37세,경상
2013090200100504,2013년 9월 2일 18시,월요일,광주광역시 서구 쌍촌동,경상사고,0,0,1,0,차대차 - 기타,안전운전불이행,건조,맑음,교차로 - 교차로안,승용,여,43세,상해없음,승용,남,59세,경상
2013090200100505,2013년 9월 2일 18시,월요일,광주광역시 광산구 신가동,경상사고,0,0,1,0,차대사람 - 기타,기타,건조,맑음,단일로 - 기타,승용,여,41세,상해없음,보행자,여,9세,경상
2013090200100545,2013년 9월 2일 19시,월요일,광주광역시 북구 두암동,경상사고,0,0,1,0,차대차 - 추돌 - 주정차중,안전운전불이행,건조,맑음,교차로 - 교차로부근,승용,남,69세,상해없음,승용,남,37세,상해없음
2013090200100546,2013년 9월 2일 19시,월요일,광주광역시 광산구 도천동,부상신고사고,0,0,0,1,차대차 - 추돌 - 진행중,교차로운행방법위반,건조,맑음,교차로 - 교차로안,승용,남,36세,상해없음,원동기,기타불명,기타불명,기타불명
2013090200100576,2013년 9월 2일 20시,월요일,광주광역시 광산구 신창동,경상사고,0,0,1,0,차대사람 - 횡단중,안전운전불이행,건조,맑음,교차로 - 교차로안,승용,남,40세,상해없음,보행자,여,21세,경상
2013090200100600,2013년 9월 2일 21시,월요일,광주광역시 서구 쌍촌동,경상사고,0,0,3,0,차대차 - 추돌 - 주정차중,안전운전불이행,건조,맑음,단일로 - 기타,승용,남,55세,상해없음,승합,남,40세,경상
2013090200100601,2013년 9월 2일 21시,월요일,광주광역시 서구 화정동,경상사고,0,0,1,0,차대차 - 측면직각충돌,교차로운행방법위반,건조,맑음,교차로 - 교차로안,화물,남,54세,상해없음,승용,여,28세,경상