사고번호,사고일시,요일,시군구,사고내용,사망자수,중상자수,경상자수,부상신고자수,사고유형,법규위반,노면상태,기상상태,도로형태,가해운전자 차종,가해운전자 성별,가해운전자 연령,가해운전자 상해정도,피해운전자 차종,피해운전자 성별,피해운전자 연령,피해운전자 상해정도
2013090200100626,2013년 9월 2일 22시,월요일,광주광역시 광산구 수완동,경상사고,0,0,2,0,차대차 - 기타,안전운전불이행,건조,맑음,교차로 - 교차로부근,승용,남,33세,상해없음,승용,여,51세,경상
2013090200100662,2013년 9월 2일 23시,월요일,광주광역시 서구 화정동,경상사고,0,0,1,0,차대사람 - 길가장자리구역통행중,안전운전불이행,건조,맑음,단일로 - 기타,승용,남,31세,상해없음,보행자,여,41세,경상
2013090200100663,2013년 9월 2일 23시,월요일,광주광역시 광산구 신창동,경상사고,0,0,4,0,차대차 - 추돌 - 진행중,신호위반,건조,맑음,교차로 - 교차로안,원동기,남,16세,상해없음,승용,남,32세,경상
2013090300100150,2013년 9월 3일 08시,화요일,광주광역시 북구 연제동,중상사고,0,1,0,0,차대차 - 기타,안전운전불이행,건조,맑음,교차로 - 교차로안,승용,남,37세,상해없음,자전거,남,15세,중상
2013090300100177,2013년 9월 3일 09시,화요일,광주광역시 서구 치평동,경상사고,0,0,1,0,차대차 - 측면직각충돌,중앙선침범,건조,흐림,단일로 - 기타,승용,여,54세,상해없음,이륜,남,32세,경상
2013090300100205,2013년 9월 3일 10시,화요일,광주광역시 서구 화정동,부상신고사고,0,0,0,1,차대차 - 측면직각충돌,안전거리미확보,건조,맑음,단일로 - 기타,승용,여,49세,상해없음,이륜,남,44세,부상신고
2013090300100206,2013년 9월 3일 10시,화요일,광주광역시 서구 화정동,경상사고,0,0,1,0,차대사람 - 차도통행중,안전운전불이행,건조,맑음,단일로 - 기타,승용,남,40세,상해없음,보행자,남,18세,경상
2013090300100207,2013년 9월 3일 10시,화요일,광주광역시 북구 삼각동,경상사고,0,0,1,0,차대차 - 추돌 - 진행중,안전거리미확보,건조,맑음,교차로 - 교차로부근,승용,남,61세,상해없음,승용,남,43세,경상
2013090300100208,2013년 9월 3일 10시,화요일,광주광역시 북구 풍향동,중상사고,0,1,0,0,차대차 - 측면직각충돌,안전운전불이행,건조,맑음,단일로 - 기타,승용,여,58세,상해없음,원동기,남,22세,중상
2013090300100236,2013년 9월 3일 11시,화요일,광주광역시 서구 화정동,경상사고,0,0,1,0,차대차 - 기타,안전운전불이행,건조,맑음,교차로 - 교차로안,승용,여,52세,상해없음,승용,여,43세,경상
2013090300100265,2013년 9월 3일 12시,화요일,광주광역시 동구 대인동,중상사고,0,1,0,0,차대사람 - 횡단중,보행자보호의무위반,건조,맑음,단일로 - 기타,승용,여,34세,상해없음,보행자,여,54세,중상
2013090300100266,2013년 9월 3일 12시,화요일,광주광역시 서구 양동,경상사고,0,0,1,0,차대차 - 기타,차로위반,건조,맑음,단일로 - 교량,승용,여,52세,상해없음,이륜,남,71세,경상
2013090300100267,2013년 9월 3일 12시,화요일,광주광역시 북구 중흥동,경상사고,0,0,1,0,차대차 - 측면직각충돌,안전거리미확보,건조,맑음,교차로 - 교차로부근,승용,남,37세,상해없음,승용,여,56세,경상
2013090300100298,2013년 9월 3일 13시,화요일,광주광역시 남구 백운동,경상사고,0,0,1,0,차대차 - 추돌 - 주정차중,안전거리미확보,건조,맑음,교차로 - 교차로부근,승용,남,54세,상해없음,화물,남,40세,경상
2013090300100327,2013년 9월 3일 14시,화요일,광주광역시 동구 운림동,중상사고,0,1,0,0,차대차 - 추돌 - 주정차중,안전운전불이행,건조,맑음,교차로 - 교차로부근,승용,남,54세,상해없음,승용,여,63세,중상
2013090300100328,2013년 9월 3일 14시,화요일,광주광역시 동구 금남로1가,경상사고,0,0,1,0,차대사람 - 횡단중,안전운전불이행,건조,맑음,단일로 - 횡단보도상,승용,남,80세,상해없음,보행자,남,30세,경상
2013090300100367,2013년 9월 3일 15시,화요일,광주광역시 서구 광천동,경상사고,0,0,2,0,차대차 - 추돌 - 진행중,안전거리미확보,건조,맑음,단일로 - 기타,승용,남,29세,상해없음,승용,남,71세,상해없음
2013090300100368,2013년 9월 3일 15시,화요일,광주광역시 남구 주월동,경상사고,0,0,1,0,차대사람 - 보도통행중,신호위반,건조,맑음,교차로 - 교차로안,승용,여,49세,상해없음,보행자,여,11세,경상
2013090300100439,2013년 9월 3일 17시,화요일,광주광역시 남구 양림동,경상사고,0,0,1,0,차대사람 - 횡단중,안전운전불이행,건조,맑음,교차로 - 교차로안,승용,남,21세,상해없음,보행자,여,19세,경상
2013090300100440,2013년 9월 3일 17시,화요일,광주광역시 광산구 도산동,경상사고,0,0,1,0,차대차 - 측면직각충돌,불법유턴,건조,맑음,교차로 - 교차로부근,자전거,여,44세,경상,승용,여,44세,상해없음
2013090300100441,2013년 9월 3일 17시,화요일,광주광역시 광산구 우산동,경상사고,0,0,4,0,차대차 - 추돌 - 주정차중,안전운전불이행,건조,맑음,단일로 - 교량,승용,남,49세,상해없음,승용,남,45세,경상
2013090300100485,2013년 9월 3일 18시,화요일,광주광역시 서구 유촌동,중상사고,0,1,0,0,차대차 - 추돌 - 진행중,안전운전불이행,건조,맑음,교차로 - 교차로부근,원동기,남,53세,중상,승용,남,35세,상해없음
2013090300100486,2013년 9월 3일 18시,화요일,광주광역시 북구 문흥동,경상사고,0,0,1,0,차대사람 - 횡단중,안전운전불이행,건조,맑음,단일로 - 기타,승용,남,35세,상해없음,보행자,남,7세,경상
2013090300100524,2013년 9월 3일 19시,화요일,광주광역시 북구 운암동,경상사고,0,0,3,0,차대차 - 측면직각충돌,안전거리미확보,건조,맑음,단일로 - 횡단보도상,승합,남,57세,상해없음,승용,남,48세,경상
2013090300100577,2013년 9월 3일 21시,화요일,광주광역시 광산구 월곡동,경상사고,0,0,1,0,차대사람 - 길가장자리구역통행중,안전운전불이행,건조,맑음,단일로 - 기타,승용,남,30세,상해없음,보행자,남,53세,경상
2013090400100052,2013년 9월 4일 04시,수요일,광주광역시 서구 풍암동,경상사고,0,0,1,0,차대차 - 측면직각충돌,신호위반,건조,맑음,교차로 - 교차로안,승용,남,50세,상해없음,승용,남,30세,경상
2013090400100113,2013년 9월 4일 07시,수요일,광주광역시 서구 화정동,경상사고,0,0,1,0,차대차 - 측면직각충돌,교차로운행방법위반,건조,맑음,교차로 - 교차로안,승용,여,59세,상해없음,승용,남,35세,상해없음
2013090400100114,2013년 9월 4일 07시,수요일,광주광역시 서구 매월동,경상사고,0,0,2,0,차대차 - 기타,신호위반,건조,맑음,교차로 - 교차로안,승용,남,44세,상해없음,화물,남,32세,경상
2013090400100115,2013년 9월 4일 07시,수요일,광주광역시 광산구 장덕동,중상사고,0,1,0,0,차대차 - 기타,신호위반,건조,맑음,교차로 - 교차로안,승용,여,44세,상해없음,자전거,남,43세,중상
2013090400100162,2013년 9월 4일 08시,수요일,광주광역시 북구 본촌동,경상사고,0,0,2,0,차대차 - 측면직각충돌,안전운전불이행,건조,맑음,단일로 - 기타,승용,남,41세,경상,승용,남,52세,경상
2013090400100163,2013년 9월 4일 08시,수요일,광주광역시 광산구 도천동,경상사고,0,0,1,0,차대사람 - 기타,보행자보호의무위반,건조,맑음,교차로 - 교차로안,승용,기타불명,기타불명,기타불명,보행자,여,18세,경상
2013090400100189,2013년 9월 4일 09시,수요일,광주광역시 북구 우산동,경상사고,0,0,1,0,차량단독 - 기타,안전운전불이행,건조,맑음,단일로 - 기타,이륜,남,35세,경상,,,,
2013090400100217,2013년 9월 4일 10시,수요일,광주광역시 북구 신안동,중상사고,0,1,0,0,차대차 - 기타,안전운전불이행,건조,맑음,단일로 - 기타,화물,남,25세,상해없음,자전거,남,64세,중상
2013090400100306,2013년 9월 4일 13시,수요일,광주광역시 북구 운암동,경상사고,0,0,1,0,차대사람 - 횡단중,안전운전불이행,건조,맑음,교차로 - 교차로안,승합,남,48세,상해없음,보행자,여,21세,경상
2013090400100375,2013년 9월 4일 15시,수요일,광주광역시 북구 수곡동,경상사고,0,0,2,0,차대차 - 측면직각충돌,교차로운행방법위반,건조,맑음,교차로 - 교차로안,승용,여,48세,경상,승용,남,52세,경상
2013090400100405,2013년 9월 4일 16시,수요일,광주광역시 북구 두암동,경상사고,0,0,4,0,차대차 - 측면직각충돌,교차로운행방법위반,건조,맑음,교차로 - 교차로안,승용,남,42세,경상,승용,여,58세,경상
2013090400100406,2013년 9월 4일 16시,수요일,광주광역시 광산구 소촌동,부상신고사고,0,0,0,1,차대차 - 추돌 - 주정차중,안전운전불이행,건조,맑음,단일로 - 기타,이륜,남,19세,부상신고,화물,남,52세,상해없음
2013090400100478,2013년 9월 4일 18시,수요일,광주광역시 동구 학동,경상사고,0,0,2,0,차대차 - 추돌 - 진행중,안전거리미확보,건조,맑음,교차로 - 교차로부근,승용,남,51세,상해없음,승용,여,46세,경상
2013090400100479,2013년 9월 4일 18시,수요일,광주광역시 서구 유촌동,경상사고,0,0,2,0,차대차 - 추돌 - 진행중,안전거리미확보,건조,맑음,교차로 - 교차로안,승용,남,50세,상해없음,승용,여,44세,경상
2013090400100480,2013년 9월 4일 18시,수요일,광주광역시 서구 매월동,경상사고,0,0,1,0,차대차 - 기타,안전거리미확보,건조,맑음,교차로 - 교차로부근,화물,남,64세,상해없음,승합,남,53세,상해없음
2013090400100516,2013년 9월 4일 19시,수요일,광주광역시 북구 운암동,경상사고,0,0,3,0,차대차 - 기타,교차로운행방법위반,건조,맑음,교차로 - 교차로부근,승용,남,64세,경상,승용,남,22세,경상
2013090400100553,2013년 9월 4일 20시,수요일,광주광역시 북구 우산동,경상사고,0,0,1,0,차대사람 - 횡단중,안전운전불이행,건조,맑음,교차로 - 교차로부근,승용,여,33세,상해없음,보행자,남,20세,경상
2013090400100554,2013년 9월 4일 20시,수요일,광주광역시 북구 신용동,경상사고,0,0,1,0,차대차 - 기타,안전운전불이행,기타,맑음,교차로 - 교차로부근,승용,남,49세,상해없음,자전거,남,9세,경상
2013090400100582,2013년 9월 4일 21시,수요일,광주광역시 서구 광천동,경상사고,0,0,3,0,차대차 - 기타,안전운전불이행,건조,맑음,단일로 - 기타,승용,남,53세,상해없음,승용,여,32세,경상
2013090400100613,2013년 9월 4일 22시,수요일,광주광역시 남구 방림동,경상사고,0,0,1,0,차대차 - 측면직각충돌,중앙선침범,건조,맑음,단일로 - 기타,기타불명,기타불명,기타불명,기타불명,승용,남,47세,경상
2013090500100039,2013년 9월 5일 02시,목요일,광주광역시 남구 구동,경상사고,0,0,1,0,차대사람 - 차도통행중,안전운전불이행,건조,맑음,단일로 - 기타,승용,남,30세,상해없음,보행자,여,30세,경상
2013090500100118,2013년 9월 5일 07시,목요일,광주광역시 북구 두암동,경상사고,0,0,1,0,차대차 - 기타,기타,건조,맑음,단일로 - 기타,승용,남,65세,상해없음,자전거,남,17세,경상
2013090500100119,2013년 9월 5일 07시,목요일,광주광역시 광산구 월계동,경상사고,0,0,1,0,차대차 - 측면직각충돌,교차로운행방법위반,건조,맑음,교차로 - 교차로안,이륜,남,28세,상해없음,승용,여,47세,상해없음
2013090500100149,2013년 9월 5일 08시,목요일,광주광역시 광산구 비아동,경상사고,0,0,2,0,차대차 - 기타,교차로운행방법위반,건조,맑음,교차로 - 교차로안,승합,남,52세,상해없음,승용,남,31세,경상
2013090500100177,2013년 9월 5일 09시,목요일,광주광역시 북구 신안동,경상사고,0,0,1,0,차대사람 - 횡단중,보행자보호의무위반,건조,맑음,단일로 - 횡단보도상,승용,남,36세,상해없음,보행자,여,24세,경상
2013090500100218,2013년 9월 5일 11시,목요일,광주광역시 동구 대인동,경상사고,0,0,2,0,차대차 - 추돌 - 진행중,안전거리미확보,건조,맑음,단일로 - 기타,승용,남,56세,상해없음,승용,남,76세,경상
2013090500100219,2013년 9월 5일 11시,목요일,광주광역시 광산구 소촌동,중상사고,0,3,2,0,차대차 - 측면직각충돌,신호위반,건조,맑음,교차로 - 교차로안,승용,여,43세,경상,승용,남,19세,중상
2013090500100243,2013년 9월 5일 12시,목요일,광주광역시 광산구 송촌동,중상사고,0,1,0,0,차량단독 - 기타,안전운전불이행,건조,맑음,교차로 - 교차로안,승용,남,44세,중상,,,,
2013090500100293,2013년 9월 5일 14시,목요일,광주광역시 동구 대인동,중상사고,0,1,0,0,차량단독 - 기타,안전운전불이행,건조,맑음,단일로 - 기타,승합,남,54세,상해없음,,,,
2013090500100294,2013년 9월 5일 14시,목요일,광주광역시 서구 농성동,부상신고사고,0,0,0,1,차대사람 - 기타,안전운전불이행,건조,맑음,단일로 - 기타,기타불명,기타불명,기타불명,기타불명,보행자,여,9세,부상신고
2013090500100295,2013년 9월 5일 14시,목요일,광주광역시 북구 운암동,부상신고사고,0,0,0,1,차대사람 - 길가장자리구역통행중,안전운전불이행,건조,맑음,교차로 - 교차로부근,승용,기타불명,기타불명,기타불명,보행자,남,11세,부상신고
2013090500100322,2013년 9월 5일 15시,목요일,광주광역시 광산구 수완동,중상사고,0,1,0,0,차대사람 - 기타,과속,건조,맑음,단일로 - 기타,승용,여,42세,상해없음,보행자,남,7세,중상
2013090500100352,2013년 9월 5일 16시,목요일,광주광역시 북구 삼각동,경상사고,0,0,2,0,차대차 - 측면직각충돌,차로위반,건조,맑음,단일로 - 기타,이륜,남,23세,경상,승용,여,55세,경상
2013090500100353,2013년 9월 5일 16시,목요일,광주광역시 광산구 수완동,중상사고,0,1,0,0,차대차 - 기타,신호위반,건조,맑음,교차로 - 교차로안,자전거,남,33세,중상,승용,남,47세,상해없음
2013090500100419,2013년 9월 5일 18시,목요일,광주광역시 서구 금호동,경상사고,0,0,1,0,차대차 - 측면직각충돌,중앙선침범,건조,맑음,단일로 - 기타,승용,남,43세,상해없음,승용,여,43세,경상
2013090500100420,2013년 9월 5일 18시,목요일,광주광역시 광산구 우산동,부상신고사고,0,0,0,1,차대사람 - 기타,안전운전불이행,건조,맑음,단일로 - 기타,승합,여,44세,상해없음,보행자,남,60세,부상신고
2013090500100421,2013년 9월 5일 18시,목요일,광주광역시 광산구 안청동,중상사고,0,1,0,0,차대차 - 측면직각충돌,직진우회전진행방해,건조,맑음,교차로 - 교차로안,화물,남,54세,상해없음,이륜,남,32세,중상
2013090500100459,2013년 9월 5일 19시,목요일,광주광역시 서구 금호동,경상사고,0,0,2,0,차대차 - 측면직각충돌,차로위반,건조,흐림,단일로 - 기타,승용,남,69세,상해없음,승용,남,27세,경상
2013090500100460,2013년 9월 5일 19시,목요일,광주광역시 북구 문흥동,중상사고,0,1,1,0,차대차 - 측면직각충돌,안전운전불이행,건조,맑음,교차로 - 교차로부근,승용,남,32세,기타불명,이륜,남,30세,중상
2013090500100461,2013년 9월 5일 19시,목요일,광주광역시 북구 두암동,중상사고,0,1,1,0,차대차 - 추돌 - 진행중,안전운전불이행,건조,맑음,단일로 - 기타,이륜,남,17세,상해없음,이륜,남,17세,경상
2013090500100497,2013년 9월 5일 20시,목요일,광주광역시 남구 봉선동,경상사고,0,0,4,0,차대차 - 추돌 - 주정차중,안전운전불이행,습기,비,단일로 - 기타,승용,남,25세,경상,승용,여,36세,경상
2013090500100498,2013년 9월 5일 20시,목요일,광주광역시 북구 유동,중상사고,0,1,0,0,차대차 - 측면직각충돌,신호위반,건조,맑음,교차로 - 교차로안,이륜,남,17세,중상,승합,남,55세,상해없음
2013090500100527,2013년 9월 5일 21시,목요일,광주광역시 북구 중흥동,경상사고,0,0,3,0,차대차 - 기타,차로위반,건조,맑음,단일로 - 기타,승용,여,61세,상해없음,승용,남,29세,경상
2013090600100015,2013년 9월 6일 00시,금요일,광주광역시 광산구 월계동,경상사고,0,0,1,0,차대차 - 추돌 - 진행중,안전운전불이행,습기,비,단일로 - 기타,승용,남,21세,상해없음,자전거,남,40세,경상
2013090600100027,2013년 9월 6일 01시,금요일,광주광역시 남구 구동,중상사고,0,1,2,0,차대차 - 측면직각충돌,안전운전불이행,건조,맑음,단일로 - 기타,승용,여,23세,경상,승용,남,39세,상해없음
2013090600100028,2013년 9월 6일 01시,금요일,광주광역시 광산구 산월동,경상사고,0,0,1,0,차대차 - 추돌 - 주정차중,안전운전불이행,습기,비,단일로 - 기타,승용,남,45세,상해없음,승용,여,51세,경상
2013090600100082,2013년 9월 6일 06시,금요일,광주광역시 동구 계림동,경상사고,0,0,1,0,차대차 - 측면직각충돌,신호위반,습기,비,교차로 - 교차로안,승용,남,42세,상해없음,승용,여,30세,경상
2013090600100105,2013년 9월 6일 07시,금요일,광주광역시 동구 불로동,경상사고,0,0,1,0,차대차 - 측면직각충돌,신호위반,건조,맑음,교차로 - 교차로안,승용,남,75세,상해없음,승용,남,41세,경상
2013090600100106,2013년 9월 6일 07시,금요일,광주광역시 북구 일곡동,경상사고,0,0,2,0,차대차 - 추돌 - 주정차중,안전운전불이행,습기,비,단일로 - 기타,승용,남,55세,상해없음,승용,여,48세,경상
2013090600100107,2013년 9월 6일 07시,금요일,광주광역시 광산구 월곡동,경상사고,0,0,1,0,차대차 - 측면직각충돌,교차로운행방법위반,습기,비,교차로 - 교차로안,이륜,남,21세,경상,승합,남,42세,상해없음
2013090600100147,2013년 9월 6일 08시,금요일,광주광역시 서구 덕흥동,경상사고,0,0,1,0,차대차 - 추돌 - 주정차중,안전운전불이행,건조,맑음,단일로 - 기타,승용,남,57세,상해없음,승용,남,30세,경상
2013090600100214,2013년 9월 6일 10시,금요일,광주광역시 서구 치평동,경상사고,0,0,1,0,차대차 - 추돌 - 진행중,중앙선침범,건조,맑음,교차로 - 교차로안,승용,남,27세,상해없음,승용,남,35세,경상
2013090600100246,2013년 9월 6일 11시,금요일,광주광역시 서구 풍암동,경상사고,0,0,1,0,차대차 - 기타,안전거리미확보,건조,맑음,단일로 - 기타,승용,여,57세,상해없음,원동기,남,47세,경상
2013090600100247,2013년 9월 6일 11시,금요일,광주광역시 서구 화정동,경상사고,0,0,1,0,차대사람 - 기타,기타,건조,맑음,기타 - 기타,승용,남,75세,기타불명,보행자,남,29세,경상
2013090600100266,2013년 9월 6일 12시,금요일,광주광역시 동구 서석동,경상사고,0,0,1,0,차대차 - 추돌 - 진행중,안전운전불이행,건조,맑음,교차로 - 교차로부근,승용,남,55세,상해없음,승용,남,45세,경상
2013090600100267,2013년 9월 6일 12시,금요일,광주광역시 북구 두암동,중상사고,0,1,0,0,차대차 - 측면직각충돌,중앙선침범,습기,비,단일로 - 기타,승용,남,36세,상해없음,승용,남,73세,중상
2013090600100296,2013년 9월 6일 13시,금요일,광주광역시 북구 문흥동,부상신고사고,0,0,0,1,차대차 - 기타,안전운전불이행,건조,맑음,단일로 - 기타,승용,여,61세,상해없음,이륜,남,27세,부상신고
2013090600100297,2013년 9월 6일 13시,금요일,광주광역시 광산구 서봉동,경상사고,0,0,2,0,차대차 - 추돌 - 진행중,안전운전불이행,습기,비,교차로 - 교차로부근,승용,여,54세,상해없음,승용,여,45세,경상
2013090600100298,2013년 9월 6일 13시,금요일,광주광역시 광산구 신가동,경상사고,0,0,1,0,차대차 - 기타,안전운전불이행,습기,비,단일로 - 기타,승용,여,62세,경상,승용,여,40세,기타불명
2013090600100344,2013년 9월 6일 14시,금요일,광주광역시 광산구 신가동,경상사고,0,0,1,0,차대사람 - 횡단중,보행자보호의무위반,습기,비,단일로 - 기타,승용,남,42세,기타불명,보행자,남,8세,경상
2013090600100381,2013년 9월 6일 15시,금요일,광주광역시 북구 중흥동,경상사고,0,0,1,0,차대차 - 측면직각충돌,안전운전불이행,습기,비,교차로 - 교차로안,승용,남,33세,상해없음,이륜,남,32세,경상
2013090600100416,2013년 9월 6일 16시,금요일,광주광역시 광산구 송정동,경상사고,0,0,1,0,차대차 - 기타,안전운전불이행,건조,맑음,기타 - 기타,승용,남,42세,상해없음,승용,여,53세,경상
2013090600100486,2013년 9월 6일 18시,금요일,광주광역시 서구 쌍촌동,중상사고,0,1,0,0,차대차 - 측면직각충돌,안전운전불이행,건조,맑음,단일로 - 기타,기타불명,기타불명,기타불명,기타불명,승용,여,33세,중상
2013090600100487,2013년 9월 6일 18시,금요일,광주광역시 광산구 산정동,경상사고,0,0,2,0,차대차 - 기타,안전운전불이행,습기,비,단일로 - 기타,승용,여,40세,상해없음,승용,남,48세,경상
2013090600100540,2013년 9월 6일 19시,금요일,광주광역시 서구 쌍촌동,경상사고,0,0,1,0,차대차 - 기타,안전거리미확보,건조,맑음,교차로 - 교차로부근,승용,남,29세,상해없음,승용,여,49세,경상
2013090600100541,2013년 9월 6일 19시,금요일,광주광역시 남구 월산동,경상사고,0,0,5,0,차대차 - 추돌 - 주정차중,안전운전불이행,습기,비,단일로 - 기타,화물,남,62세,경상,승용,남,61세,경상
2013090600100542,2013년 9월 6일 19시,금요일,광주광역시 북구 두암동,경상사고,0,0,1,0,차량단독 - 기타,기타,건조,맑음,단일로 - 기타,승합,남,58세,상해없음,,,,
2013090600100543,2013년 9월 6일 19시,금요일,광주광역시 광산구 흑석동,경상사고,0,0,3,0,차대차 - 측면직각충돌,안전운전불이행,습기,비,단일로 - 기타,승용,남,52세,경상,승용,남,47세,경상
2013090600100586,2013년 9월 6일 20시,금요일,광주광역시 서구 치평동,부상신고사고,0,0,0,1,차대차 - 측면직각충돌,안전운전불이행,습기,비,단일로 - 기타,승용,남,54세,상해없음,승용,여,39세,부상신고
2013090600100587,2013년 9월 6일 20시,금요일,광주광역시 서구 매월동,부상신고사고,0,0,0,1,차대차 - 추돌 - 주정차중,안전운전불이행,습기,비,교차로 - 교차로안,승용,남,44세,상해없음,승용,남,48세,부상신고
2013090600100588,2013년 9월 6일 20시,금요일,광주광역시 서구 치평동,중상사고,0,1,0,0,차대차 - 측면직각충돌,안전운전불이행,습기,비,교차로 - 교차로부근,이륜,남,30세,상해없음,이륜,남,17세,중상
2013090600100589,2013년 9월 6일 20시,금요일,광주광역시 남구 송하동,경상사고,0,0,1,0,차대사람 - 횡단중,보행자보호의무위반,습기,비,단일로 - 횡단보도상,승용,여,46세,상해없음,보행자,여,19세,경상
2013090600100590,2013년 9월 6일 20시,금요일,광주광역시 북구 중흥동,경상사고,0,0,1,0,차대차 - 측면직각충돌,안전운전불이행,습기,비,교차로 - 교차로안,승용,여,49세,상해없음,화물,남,30세,경상
2013090600100591,2013년 9월 6일 20시,금요일,광주광역시 북구 동림동,경상사고,0,0,3,0,차대차 - 측면직각충돌,차로위반,건조,맑음,단일로 - 교량,승합,남,54세,상해없음,승용,남,29세,경상
2013090600100625,2013년 9월 6일 21시,금요일,광주광역시 서구 쌍촌동,경상사고,0,0,1,0,차대사람 - 횡단중,안전운전불이행,습기,비,교차로 - 교차로안,승용,남,36세,상해없음,보행자,남,48세,경상
2013090600100626,2013년 9월 6일 21시,금요일,광주광역시 서구 유촌동,경상사고,0,0,3,0,차대차 - 추돌 - 주정차중,안전운전불이행,습기,비,교차로 - 교차로부근,승용,남,33세,기타불명,승용,남,48세,경상
2013090600100627,2013년 9월 6일 21시,금요일,광주광역시 북구 동림동,경상사고,0,0,1,0,차대사람 - 횡단중,안전운전불이행,습기,비,단일로 - 기타,승용,남,51세,상해없음,보행자,여,44세,경상
2013090600100628,2013년 9월 6일 21시,금요일,광주광역시 광산구 쌍암동,경상사고,0,0,1,0,차대사람 - 차도통행중,안전운전불이행,습기,비,교차로 - 교차로부근,승용,남,34세,상해없음,보행자,여,38세,경상
2013090600100629,2013년 9월 6일 21시,금요일,광주광역시 광산구 소촌동,경상사고,0,0,2,0,차대차 - 기타,교차로운행방법위반,습기,비,교차로 - 교차로부근,화물,남,31세,상해없음,승용,여,36세,경상
2013090600100630,2013년 9월 6일 21시,금요일,광주광역시 광산구 월곡동,경상사고,0,0,2,0,차대차 - 추돌 - 진행중,안전거리미확보,습기,비,단일로 - 기타,승용,남,33세,상해없음,승용,남,32세,상해없음
2013090600100665,2013년 9월 6일 22시,금요일,광주광역시 서구 치평동,경상사고,0,0,2,0,차대차 - 측면직각충돌,안전운전불이행,습기,비,단일로 - 기타,승용,남,40세,상해없음,승용,여,37세,경상
2013090600100666,2013년 9월 6일 22시,금요일,광주광역시 남구 주월동,경상사고,0,0,3,0,차대차 - 추돌 - 주정차중,안전거리미확보,습기,흐림,기타 - 기타,승용,남,51세,상해없음,승용,남,28세,경상
2013090600100667,2013년 9월 6일 22시,금요일,광주광역시 광산구 수완동,경상사고,0,0,1,0,차대차 - 추돌 - 주정차중,안전운전불이행,습기,비,교차로 - 교차로부근,승용,남,26세,상해없음,승용,남,33세,경상
2013090600100668,2013년 9월 6일 22시,금요일,광주광역시 광산구 흑석동,경상사고,0,0,1,0,차대사람 - 기타,안전운전불이행,습기,비,단일로 - 기타,승용,남,52세,상해없음,보행자,남,17세,경상
2013090600100699,2013년 9월 6일 23시,금요일,광주광역시 서구 쌍촌동,경상사고,0,0,3,0,차대차 - 측면직각충돌,안전거리미확보,건조,맑음,교차로 - 교차로부근,승용,남,34세,상해없음,승용,남,24세,경상
2013090600100700,2013년 9월 6일 23시,금요일,광주광역시 서구 치평동,경상사고,0,0,1,0,차대차 - 기타,안전운전불이행,습기,흐림,교차로 - 교차로부근,승용,남,23세,기타불명,승용,남,51세,상해없음
2013090700100025,2013년 9월 7일 00시,토요일,광주광역시 서구 광천동,경상사고,0,0,2,0,차대차 - 기타,신호위반,습기,흐림,교차로 - 교차로안,승합,남,50세,상해없음,승용,남,43세,경상
2013090700100026,2013년 9월 7일 00시,토요일,광주광역시 남구 주월동,경상사고,0,0,3,0,차대차 - 추돌 - 진행중,안전거리미확보,건조,맑음,단일로 - 기타,승용,남,66세,상해없음,승용,남,51세,상해없음
2013090700100027,2013년 9월 7일 00시,토요일,광주광역시 남구 방림동,경상사고,0,0,2,0,차대차 - 측면직각충돌,신호위반,건조,맑음,교차로 - 교차로안,승용,여,56세,상해없음,승용,남,55세,경상
2013090700100028,2013년 9월 7일 00시,토요일,광주광역시 남구 서동,중상사고,0,1,0,0,차대사람 - 횡단중,신호위반,습기,비,교차로 - 교차로안,승용,남,48세,상해없음,보행자,남,20세,중상
2013090700100046,2013년 9월 7일 01시,토요일,광주광역시 서구 화정동,경상사고,0,0,4,0,차대차 - 추돌 - 진행중,안전운전불이행,건조,맑음,단일로 - 기타,승용,남,26세,경상,승용,남,35세,경상
2013090700100047,2013년 9월 7일 01시,토요일,광주광역시 남구 월산동,경상사고,0,0,1,0,차대차 - 추돌 - 진행중,안전운전불이행,건조,맑음,단일로 - 기타,승용,남,19세,상해없음,승용,남,36세,경상
2013090700100048,2013년 9월 7일 01시,토요일,광주광역시 북구 신안동,중상사고,0,1,0,0,차대사람 - 횡단중,안전운전불이행,습기,비,단일로 - 횡단보도상,승용,남,38세,상해없음,보행자,여,47세,중상
2013090700100064,2013년 9월 7일 02시,토요일,광주광역시 서구 광천동,경상사고,0,0,1,1,차대차 - 추돌 - 주정차중,안전운전불이행,건조,맑음,단일로 - 기타,승용,남,25세,부상신고,승용,남,49세,경상
2013090700100065,2013년 9월 7일 02시,토요일,광주광역시 서구 치평동,경상사고,0,0,1,0,차대차 - 측면직각충돌,중앙선침범,건조,맑음,단일로 - 기타,기타불명,기타불명,기타불명,기타불명,승용,남,54세,경상
2013090700100066,2013년 9월 7일 02시,토요일,광주광역시 북구 신안동,경상사고,0,0,1,0,차량단독 - 공작물충돌,안전운전불이행,건조,맑음,단일로 - 기타,승용,남,24세,경상,,,,
2013090700100092,2013년 9월 7일 04시,토요일,광주광역시 서구 쌍촌동,중상사고,0,1,0,0,차대사람 - 기타,안전운전불이행,건조,맑음,단일로 - 기타,원동기,남,21세,상해없음,보행자,여,67세,중상
2013090700100124,2013년 9월 7일 06시,토요일,광주광역시 서구 치평동,중상사고,0,1,1,0,차대차 - 기타,중앙선침범,건조,맑음,단일로 - 기타,승용,여,28세,중상,승합,남,74세,경상