사고번호,사고일시,요일,시군구,사고내용,사망자수,중상자수,경상자수,부상신고자수,사고유형,법규위반,노면상태,기상상태,도로형태,가해운전자 차종,가해운전자 성별,가해운전자 연령,가해운전자 상해정도,피해운전자 차종,피해운전자 성별,피해운전자 연령,피해운전자 상해정도
2013091700100020,2013년 9월 17일 00시,화요일,광주광역시 서구 풍암동,중상사고,0,1,4,0,차대차 - 측면직각충돌,과속,건조,맑음,단일로 - 기타,화물,남,31세,상해없음,승용,남,50세,중상
2013091700100082,2013년 9월 17일 05시,화요일,광주광역시 광산구 장덕동,경상사고,0,0,3,0,차량단독 - 공작물충돌,중앙선침범,건조,맑음,교차로 - 교차로부근,승용,남,18세,경상,,,,
2013091700100093,2013년 9월 17일 06시,화요일,광주광역시 동구 지산동,경상사고,0,0,1,0,차대차 - 측면직각충돌,신호위반,건조,맑음,교차로 - 교차로안,승용,남,21세,상해없음,승용,남,34세,경상
2013091700100114,2013년 9월 17일 07시,화요일,광주광역시 동구 서석동,경상사고,0,0,2,0,차대차 - 추돌 - 진행중,안전거리미확보,건조,맑음,단일로 - 기타,승용,남,44세,상해없음,승용,여,59세,경상
2013091700100115,2013년 9월 17일 07시,화요일,광주광역시 북구 동림동,중상사고,0,1,0,0,차량단독 - 전도전복,안전운전불이행,건조,맑음,단일로 - 기타,승합,남,52세,상해없음,,,,
2013091700100167,2013년 9월 17일 08시,화요일,광주광역시 서구 금호동,중상사고,0,1,0,0,차대사람 - 횡단중,보행자보호의무위반,건조,맑음,교차로 - 교차로부근,승용,여,26세,상해없음,보행자,여,73세,중상
2013091700100168,2013년 9월 17일 08시,화요일,광주광역시 북구 운암동,경상사고,0,0,1,0,차대차 - 측면직각충돌,안전운전불이행,건조,맑음,단일로 - 기타,승용,남,52세,상해없음,승용,남,63세,경상
2013091700100169,2013년 9월 17일 08시,화요일,광주광역시 북구 임동,중상사고,0,1,0,1,차대차 - 측면직각충돌,신호위반,건조,맑음,교차로 - 교차로안,화물,남,47세,부상신고,승합,남,30세,중상
2013091700100199,2013년 9월 17일 09시,화요일,광주광역시 북구 오치동,경상사고,0,0,1,0,차대사람 - 길가장자리구역통행중,안전운전불이행,건조,맑음,단일로 - 기타,승용,남,53세,상해없음,보행자,남,50세,경상
2013091700100229,2013년 9월 17일 10시,화요일,광주광역시 동구 학동,경상사고,0,0,1,0,차대차 - 측면직각충돌,안전운전불이행,건조,맑음,교차로 - 교차로안,이륜,남,72세,경상,승용,여,62세,상해없음
2013091700100230,2013년 9월 17일 10시,화요일,광주광역시 북구 신안동,중상사고,0,1,0,0,차량단독 - 기타,안전운전불이행,건조,맑음,단일로 - 기타,승용,남,66세,중상,,,,
2013091700100231,2013년 9월 17일 10시,화요일,광주광역시 북구 북동,경상사고,0,0,4,0,차대차 - 추돌 - 주정차중,안전운전불이행,건조,맑음,단일로 - 기타,승용,남,46세,상해없음,승용,남,31세,경상
2013091700100411,2013년 9월 17일 15시,화요일,광주광역시 서구 쌍촌동,경상사고,0,0,1,0,차대차 - 기타,안전거리미확보,건조,맑음,단일로 - 기타,승합,남,53세,기타불명,승용,여,55세,경상
2013091700100412,2013년 9월 17일 15시,화요일,광주광역시 북구 임동,경상사고,0,0,1,0,차대차 - 기타,안전운전불이행,건조,맑음,단일로 - 기타,승용,남,49세,상해없음,승용,남,29세,경상
2013091700100464,2013년 9월 17일 16시,화요일,광주광역시 남구 월산동,경상사고,0,0,1,0,차대차 - 측면직각충돌,안전거리미확보,건조,맑음,단일로 - 기타,승용,남,53세,상해없음,승용,남,22세,상해없음
2013091700100519,2013년 9월 17일 17시,화요일,광주광역시 서구 매월동,경상사고,0,0,1,0,차대차 - 측면직각충돌,불법유턴,건조,맑음,단일로 - 기타,승용,여,53세,상해없음,승용,남,53세,경상
2013091700100565,2013년 9월 17일 18시,화요일,광주광역시 북구 신안동,중상사고,0,1,1,0,차대차 - 기타,교차로운행방법위반,건조,맑음,교차로 - 교차로안,원동기,남,56세,중상,승용,남,60세,상해없음
2013091700100566,2013년 9월 17일 18시,화요일,광주광역시 광산구 하남동,경상사고,0,0,1,0,차대차 - 추돌 - 주정차중,안전운전불이행,건조,맑음,단일로 - 기타,승용,남,56세,상해없음,승용,남,47세,경상
2013091700100631,2013년 9월 17일 19시,화요일,광주광역시 서구 금호동,경상사고,0,0,1,0,차량단독 - 기타,안전운전불이행,건조,맑음,교차로 - 교차로부근,승합,남,45세,상해없음,,,,
2013091700100632,2013년 9월 17일 19시,화요일,광주광역시 광산구 임곡동,경상사고,0,0,1,0,차대차 - 측면직각충돌,안전운전불이행,건조,맑음,단일로 - 기타,승용,남,43세,경상,건설기계,남,43세,상해없음
2013091700100670,2013년 9월 17일 20시,화요일,광주광역시 남구 양림동,경상사고,0,0,1,0,차대차 - 측면직각충돌,교차로운행방법위반,건조,맑음,단일로 - 기타,승용,남,35세,상해없음,원동기,남,27세,경상
2013091700100671,2013년 9월 17일 20시,화요일,광주광역시 광산구 쌍암동,경상사고,0,0,2,0,차대차 - 추돌 - 주정차중,안전거리미확보,건조,맑음,단일로 - 기타,승용,남,53세,상해없음,승용,남,43세,경상
2013091700100703,2013년 9월 17일 21시,화요일,광주광역시 서구 내방동,경상사고,0,0,4,0,차대차 - 측면직각충돌,차로위반,건조,맑음,단일로 - 기타,승용,남,64세,경상,승용,여,31세,경상
2013091700100704,2013년 9월 17일 21시,화요일,광주광역시 광산구 송촌동,경상사고,0,0,2,0,차대차 - 추돌 - 진행중,안전거리미확보,건조,맑음,단일로 - 기타,승합,남,56세,경상,승용,남,34세,상해없음
2013091700100753,2013년 9월 17일 23시,화요일,광주광역시 서구 풍암동,경상사고,0,0,1,0,차대차 - 추돌 - 주정차중,안전거리미확보,건조,맑음,교차로 - 교차로부근,승용,남,40세,상해없음,원동기,남,19세,경상
2013091700100754,2013년 9월 17일 23시,화요일,광주광역시 서구 덕흥동,경상사고,0,0,1,0,차대차 - 측면직각충돌,차로위반,건조,맑음,단일로 - 기타,승용,남,55세,상해없음,승용,남,53세,상해없음
2013091700100755,2013년 9월 17일 23시,화요일,광주광역시 서구 쌍촌동,부상신고사고,0,0,0,1,차대사람 - 길가장자리구역통행중,안전운전불이행,건조,맑음,단일로 - 기타,승용,남,60세,상해없음,보행자,남,29세,부상신고
2013091800100021,2013년 9월 18일 00시,수요일,광주광역시 서구 쌍촌동,경상사고,0,0,1,0,차대차 - 측면직각충돌,안전운전불이행,건조,맑음,단일로 - 기타,승용,여,50세,상해없음,승용,남,60세,경상
2013091800100022,2013년 9월 18일 00시,수요일,광주광역시 광산구 흑석동,부상신고사고,0,0,0,1,차대사람 - 차도통행중,안전운전불이행,건조,맑음,단일로 - 기타,기타불명,기타불명,기타불명,기타불명,보행자,남,47세,부상신고
2013091800100043,2013년 9월 18일 01시,수요일,광주광역시 서구 쌍촌동,경상사고,0,0,2,0,차대차 - 정면충돌,중앙선침범,건조,맑음,교차로 - 교차로부근,승용,여,49세,상해없음,승용,남,54세,경상
2013091800100094,2013년 9월 18일 04시,수요일,광주광역시 북구 운암동,경상사고,0,0,1,0,차대차 - 추돌 - 주정차중,안전운전불이행,건조,맑음,단일로 - 기타,승용,여,34세,경상,승합,남,33세,상해없음
2013091800100134,2013년 9월 18일 07시,수요일,광주광역시 서구 화정동,경상사고,0,0,3,0,차대차 - 측면직각충돌,신호위반,건조,맑음,교차로 - 교차로안,승용,남,47세,상해없음,승용,남,58세,경상
2013091800100135,2013년 9월 18일 07시,수요일,광주광역시 북구 임동,경상사고,0,0,2,0,차대차 - 측면직각충돌,안전운전불이행,건조,맑음,단일로 - 기타,승합,남,53세,경상,승용,남,25세,경상
2013091800100175,2013년 9월 18일 09시,수요일,광주광역시 서구 농성동,경상사고,0,0,1,0,차대차 - 기타,안전거리미확보,건조,맑음,교차로 - 교차로부근,승용,남,27세,상해없음,승용,여,41세,경상
2013091800100237,2013년 9월 18일 11시,수요일,광주광역시 북구 운암동,경상사고,0,0,1,0,차대차 - 기타,교차로운행방법위반,건조,맑음,교차로 - 교차로안,승용,남,67세,상해없음,승용,남,42세,경상
2013091800100262,2013년 9월 18일 12시,수요일,광주광역시 광산구 송정동,경상사고,0,0,1,0,차대차 - 기타,안전거리미확보,건조,맑음,교차로 - 교차로부근,승용,남,56세,상해없음,승용,남,48세,경상
2013091800100285,2013년 9월 18일 13시,수요일,광주광역시 북구 신안동,경상사고,0,0,1,0,차대차 - 측면직각충돌,교차로운행방법위반,건조,맑음,교차로 - 교차로안,승용,남,70세,상해없음,승용,남,61세,상해없음
2013091800100343,2013년 9월 18일 15시,수요일,광주광역시 광산구 신가동,경상사고,0,0,1,0,차대차 - 추돌 - 주정차중,안전운전불이행,건조,맑음,단일로 - 기타,승용,남,23세,상해없음,승용,여,57세,경상
2013091800100370,2013년 9월 18일 16시,수요일,광주광역시 남구 주월동,경상사고,0,0,1,0,차대차 - 기타,안전운전불이행,건조,맑음,단일로 - 기타,승용,남,61세,상해없음,승용,여,23세,경상
2013091800100481,2013년 9월 18일 21시,수요일,광주광역시 북구 오치동,중상사고,0,1,1,0,차대사람 - 기타,안전운전불이행,건조,맑음,단일로 - 기타,원동기,남,18세,경상,보행자,남,36세,중상
2013091900100072,2013년 9월 19일 08시,목요일,광주광역시 서구 광천동,경상사고,0,0,2,0,차대차 - 추돌 - 주정차중,안전거리미확보,건조,맑음,단일로 - 기타,승용,여,35세,상해없음,승용,남,59세,경상
2013091900100096,2013년 9월 19일 10시,목요일,광주광역시 서구 화정동,경상사고,0,0,4,0,차대차 - 기타,안전거리미확보,건조,맑음,기타 - 기타,승용,남,35세,상해없음,승용,여,22세,경상
2013091900100097,2013년 9월 19일 10시,목요일,광주광역시 북구 효령동,중상사고,0,1,0,0,차대사람 - 기타,안전운전불이행,건조,맑음,단일로 - 기타,승용,남,45세,상해없음,보행자,여,63세,중상
2013091900100098,2013년 9월 19일 10시,목요일,광주광역시 북구 용전동,중상사고,0,2,2,0,차대차 - 측면직각충돌,안전운전불이행,건조,맑음,교차로 - 교차로안,승용,여,40세,경상,승용,남,28세,중상
2013091900100175,2013년 9월 19일 13시,목요일,광주광역시 남구 백운동,경상사고,0,0,4,0,차대차 - 추돌 - 진행중,안전거리미확보,건조,맑음,단일로 - 교량,승용,남,35세,상해없음,승용,남,55세,경상
2013091900100238,2013년 9월 19일 15시,목요일,광주광역시 북구 망월동,경상사고,0,0,1,0,차대차 - 정면충돌,안전운전불이행,건조,맑음,단일로 - 기타,승용,남,66세,상해없음,원동기,남,68세,경상
2013091900100293,2013년 9월 19일 17시,목요일,광주광역시 북구 용봉동,경상사고,0,0,1,0,차대사람 - 기타,안전운전불이행,건조,맑음,기타 - 기타,승용,남,29세,상해없음,보행자,남,55세,경상
2013091900100389,2013년 9월 19일 21시,목요일,광주광역시 북구 금곡동,경상사고,0,0,1,0,차대차 - 측면직각충돌,중앙선침범,건조,맑음,단일로 - 기타,승용,여,26세,상해없음,승용,여,32세,경상
2013091900100390,2013년 9월 19일 21시,목요일,광주광역시 북구 우산동,중상사고,0,1,0,0,차량단독 - 기타,기타,건조,맑음,단일로 - 기타,승합,남,55세,상해없음,,,,
2013092000100033,2013년 9월 20일 02시,금요일,광주광역시 북구 오룡동,중상사고,0,1,1,0,차량단독 - 공작물충돌,안전운전불이행,건조,맑음,교차로 - 교차로안,승용,남,22세,기타불명,,,,
2013092000100050,2013년 9월 20일 04시,금요일,광주광역시 북구 용봉동,중상사고,0,1,0,0,차대사람 - 기타,안전운전불이행,건조,맑음,단일로 - 기타,승용,남,21세,상해없음,보행자,여,58세,중상
2013092000100111,2013년 9월 20일 10시,금요일,광주광역시 북구 동림동,중상사고,0,1,0,0,차대차 - 측면직각충돌,차로위반,건조,맑음,단일로 - 기타,자전거,여,50세,중상,승용,남,44세,상해없음
2013092000100112,2013년 9월 20일 10시,금요일,광주광역시 광산구 산정동,경상사고,0,0,1,0,차대차 - 측면직각충돌,안전운전불이행,건조,맑음,교차로 - 교차로안,승용,기타불명,기타불명,기타불명,원동기,남,41세,경상
2013092000100150,2013년 9월 20일 12시,금요일,광주광역시 북구 중흥동,경상사고,0,0,4,0,차대차 - 측면직각충돌,안전운전불이행,건조,맑음,교차로 - 교차로안,승용,남,27세,상해없음,승용,남,30세,경상
2013092000100151,2013년 9월 20일 12시,금요일,광주광역시 북구 중흥동,경상사고,0,0,1,0,차대차 - 측면직각충돌,교차로운행방법위반,건조,맑음,교차로 - 교차로안,승용,남,63세,상해없음,승용,여,25세,경상
2013092000100172,2013년 9월 20일 13시,금요일,광주광역시 동구 산수동,중상사고,0,1,0,0,차대차 - 측면직각충돌,중앙선침범,건조,맑음,단일로 - 기타,승용,남,69세,상해없음,이륜,남,17세,중상
2013092000100204,2013년 9월 20일 14시,금요일,광주광역시 서구 화정동,경상사고,0,0,4,0,차대차 - 측면직각충돌,안전운전불이행,건조,맑음,교차로 - 교차로안,승용,남,51세,상해없음,승용,남,66세,경상
2013092000100205,2013년 9월 20일 14시,금요일,광주광역시 북구 유동,경상사고,0,0,1,0,차대차 - 측면직각충돌,안전운전불이행,건조,맑음,단일로 - 기타,승용,남,39세,상해없음,승용,남,24세,경상
2013092000100206,2013년 9월 20일 14시,금요일,광주광역시 광산구 월곡동,경상사고,0,0,1,0,차대차 - 측면직각충돌,중앙선침범,건조,맑음,교차로 - 교차로안,승용,남,52세,상해없음,이륜,남,33세,경상
2013092000100282,2013년 9월 20일 17시,금요일,광주광역시 광산구 송정동,경상사고,0,0,4,0,차대차 - 추돌 - 진행중,안전거리미확보,건조,맑음,단일로 - 기타,승용,여,43세,상해없음,화물,남,42세,상해없음
2013092000100333,2013년 9월 20일 19시,금요일,광주광역시 동구 궁동,경상사고,0,0,1,0,차대차 - 측면직각충돌,안전거리미확보,건조,기타,단일로 - 기타,승용,남,21세,상해없음,승용,남,58세,상해없음
2013092000100359,2013년 9월 20일 20시,금요일,광주광역시 북구 일곡동,중상사고,0,1,0,0,차대차 - 측면직각충돌,교차로운행방법위반,건조,맑음,교차로 - 교차로안,승용,남,61세,상해없음,이륜,남,18세,중상
2013092000100415,2013년 9월 20일 23시,금요일,광주광역시 남구 방림동,경상사고,0,0,1,0,차대차 - 측면직각충돌,중앙선침범,건조,맑음,단일로 - 기타,승용,남,59세,상해없음,승용,남,22세,상해없음
2013092000100416,2013년 9월 20일 23시,금요일,광주광역시 북구 용봉동,경상사고,0,0,1,0,차대차 - 측면직각충돌,안전운전불이행,건조,맑음,단일로 - 기타,승용,남,49세,상해없음,승용,남,63세,경상
2013092000100417,2013년 9월 20일 23시,금요일,광주광역시 광산구 수완동,경상사고,0,0,1,0,차대차 - 추돌 - 주정차중,안전운전불이행,건조,맑음,단일로 - 기타,승용,남,34세,경상,승용,남,42세,기타불명
2013092100100017,2013년 9월 21일 00시,토요일,광주광역시 동구 광산동,경상사고,0,0,1,0,차대사람 - 기타,안전운전불이행,건조,맑음,단일로 - 기타,기타불명,기타불명,기타불명,기타불명,보행자,남,21세,경상
2013092100100028,2013년 9월 21일 01시,토요일,광주광역시 서구 치평동,경상사고,0,0,1,0,차대차 - 추돌 - 진행중,안전거리미확보,건조,맑음,단일로 - 기타,승용,남,57세,경상,승용,남,23세,상해없음
2013092100100055,2013년 9월 21일 03시,토요일,광주광역시 동구 광산동,경상사고,0,0,1,0,차대사람 - 길가장자리구역통행중,안전운전불이행,건조,맑음,교차로 - 교차로안,승용,남,58세,상해없음,보행자,남,25세,경상
2013092100100103,2013년 9월 21일 08시,토요일,광주광역시 서구 유촌동,중상사고,0,1,1,0,차대차 - 기타,안전운전불이행,건조,맑음,교차로 - 교차로부근,화물,남,39세,기타불명,화물,남,57세,상해없음
2013092100100181,2013년 9월 21일 12시,토요일,광주광역시 서구 양동,경상사고,0,0,1,0,차대사람 - 길가장자리구역통행중,중앙선침범,건조,맑음,단일로 - 기타,기타불명,기타불명,기타불명,기타불명,보행자,남,33세,경상
2013092100100182,2013년 9월 21일 12시,토요일,광주광역시 광산구 소촌동,경상사고,0,0,1,0,차대차 - 추돌 - 주정차중,안전운전불이행,건조,맑음,단일로 - 기타,승합,여,54세,기타불명,승용,남,61세,경상
2013092100100258,2013년 9월 21일 15시,토요일,광주광역시 동구 운림동,경상사고,0,0,1,0,차대차 - 추돌 - 주정차중,안전운전불이행,건조,맑음,교차로 - 교차로부근,승용,남,54세,상해없음,승용,여,53세,경상
2013092100100287,2013년 9월 21일 16시,토요일,광주광역시 남구 양과동,중상사고,0,1,5,0,차대차 - 측면직각충돌,안전거리미확보,건조,맑음,단일로 - 터널,승용,남,53세,중상,승용,여,21세,경상
2013092100100335,2013년 9월 21일 18시,토요일,광주광역시 광산구 신창동,경상사고,0,0,1,0,차대차 - 측면직각충돌,안전운전불이행,건조,맑음,단일로 - 기타,원동기,남,36세,상해없음,원동기,남,22세,경상
2013092100100375,2013년 9월 21일 19시,토요일,광주광역시 동구 선교동,경상사고,0,0,1,0,차대차 - 추돌 - 진행중,안전운전불이행,건조,맑음,교차로 - 교차로부근,승용,남,62세,상해없음,승용,남,39세,경상
2013092100100468,2013년 9월 21일 22시,토요일,광주광역시 북구 문흥동,중상사고,0,1,0,0,차대차 - 기타,교차로운행방법위반,건조,맑음,교차로 - 교차로안,승용,남,29세,상해없음,이륜,남,26세,중상
2013092100100490,2013년 9월 21일 23시,토요일,광주광역시 서구 쌍촌동,경상사고,0,0,1,0,차대사람 - 기타,안전운전불이행,건조,맑음,단일로 - 기타,승용,남,35세,상해없음,보행자,남,47세,경상
2013092200100009,2013년 9월 22일 00시,일요일,광주광역시 서구 금호동,경상사고,0,0,2,0,차대차 - 기타,안전거리미확보,건조,맑음,단일로 - 기타,승용,남,37세,상해없음,승용,남,55세,경상
2013092200100010,2013년 9월 22일 00시,일요일,광주광역시 광산구 운남동,경상사고,0,0,2,0,차대차 - 측면직각충돌,직진우회전진행방해,건조,맑음,교차로 - 교차로안,승용,여,52세,상해없음,승용,남,50세,경상
2013092200100022,2013년 9월 22일 01시,일요일,광주광역시 북구 매곡동,경상사고,0,0,1,0,차대차 - 측면직각충돌,교차로운행방법위반,건조,맑음,교차로 - 교차로안,승용,여,52세,상해없음,이륜,남,56세,경상
2013092200100034,2013년 9월 22일 02시,일요일,광주광역시 서구 화정동,경상사고,0,0,4,0,차대차 - 기타,안전운전불이행,건조,맑음,교차로 - 교차로부근,승용,남,45세,기타불명,승용,남,37세,경상
2013092200100111,2013년 9월 22일 09시,일요일,광주광역시 광산구 오선동,경상사고,0,0,1,0,차대차 - 측면직각충돌,중앙선침범,건조,맑음,단일로 - 기타,승용,남,43세,상해없음,화물,남,44세,경상
2013092200100147,2013년 9월 22일 11시,일요일,광주광역시 남구 봉선동,경상사고,0,0,1,0,차대차 - 측면직각충돌,안전운전불이행,건조,맑음,교차로 - 교차로부근,승용,남,46세,상해없음,승용,남,29세,상해없음
2013092200100163,2013년 9월 22일 12시,일요일,광주광역시 광산구 소촌동,경상사고,0,0,3,0,차대차 - 추돌 - 진행중,안전거리미확보,건조,맑음,교차로 - 교차로부근,화물,남,32세,상해없음,승용,남,43세,경상
2013092200100274,2013년 9월 22일 17시,일요일,광주광역시 북구 중흥동,경상사고,0,0,2,0,차대차 - 추돌 - 주정차중,안전거리미확보,건조,맑음,단일로 - 기타,화물,남,27세,상해없음,승용,여,56세,경상
2013092200100275,2013년 9월 22일 17시,일요일,광주광역시 광산구 신가동,부상신고사고,0,0,0,1,차대차 - 측면직각충돌,중앙선침범,건조,맑음,단일로 - 기타,원동기,남,17세,부상신고,승용,여,28세,상해없음
2013092200100301,2013년 9월 22일 18시,일요일,광주광역시 북구 동림동,중상사고,0,1,0,0,차대차 - 기타,교차로운행방법위반,건조,맑음,교차로 - 교차로안,승용,남,38세,상해없음,원동기,남,16세,중상
2013092200100333,2013년 9월 22일 19시,일요일,광주광역시 동구 계림동,경상사고,0,0,5,0,차대차 - 측면직각충돌,신호위반,건조,맑음,교차로 - 교차로안,승용,여,53세,상해없음,이륜,남,17세,경상
2013092200100334,2013년 9월 22일 19시,일요일,광주광역시 서구 양동,중상사고,0,1,0,0,차대사람 - 기타,안전운전불이행,건조,맑음,단일로 - 기타,승용,남,63세,상해없음,보행자,남,58세,중상
2013092200100370,2013년 9월 22일 21시,일요일,광주광역시 북구 문흥동,경상사고,0,0,1,1,차대차 - 정면충돌,중앙선침범,건조,맑음,교차로 - 교차로부근,원동기,남,17세,부상신고,원동기,남,64세,경상
2013092200100371,2013년 9월 22일 21시,일요일,광주광역시 북구 우산동,경상사고,0,0,1,0,차대사람 - 횡단중,기타,건조,맑음,단일로 - 기타,승용,남,57세,상해없음,보행자,여,35세,경상
2013092200100388,2013년 9월 22일 22시,일요일,광주광역시 북구 일곡동,부상신고사고,0,0,0,1,차대차 - 추돌 - 진행중,안전운전불이행,건조,맑음,교차로 - 교차로안,이륜,남,17세,부상신고,승용,남,25세,상해없음
2013092200100396,2013년 9월 22일 23시,일요일,광주광역시 동구 금남로1가,경상사고,0,0,1,0,차대사람 - 기타,안전운전불이행,건조,맑음,기타 - 기타,승용,남,29세,상해없음,보행자,남,47세,경상
2013092200100397,2013년 9월 22일 23시,일요일,광주광역시 광산구 우산동,경상사고,0,0,2,0,차대차 - 추돌 - 주정차중,안전거리미확보,건조,맑음,교차로 - 교차로부근,승용,남,28세,상해없음,승용,남,27세,경상
2013092300100014,2013년 9월 23일 01시,월요일,광주광역시 남구 월산동,경상사고,0,0,1,0,차대차 - 정면충돌,안전운전불이행,건조,맑음,교차로 - 교차로안,기타불명,기타불명,기타불명,기타불명,원동기,남,40세,경상
2013092300100027,2013년 9월 23일 03시,월요일,광주광역시 광산구 용동,중상사고,0,2,1,0,차대차 - 추돌 - 진행중,안전운전불이행,건조,맑음,단일로 - 기타,승용,남,32세,경상,승용,남,57세,중상
2013092300100059,2013년 9월 23일 06시,월요일,광주광역시 서구 광천동,경상사고,0,0,1,0,차대차 - 측면직각충돌,차로위반,건조,맑음,교차로 - 교차로안,승용,남,52세,상해없음,승용,남,64세,경상
2013092300100090,2013년 9월 23일 07시,월요일,광주광역시 광산구 도산동,경상사고,0,0,1,0,차대차 - 추돌 - 진행중,안전거리미확보,건조,맑음,교차로 - 교차로부근,승용,남,47세,상해없음,승용,남,52세,경상
2013092300100125,2013년 9월 23일 08시,월요일,광주광역시 서구 풍암동,경상사고,0,0,1,0,차대차 - 측면직각충돌,신호위반,건조,맑음,교차로 - 교차로안,승용,여,38세,상해없음,승용,남,55세,경상
2013092300100188,2013년 9월 23일 10시,월요일,광주광역시 북구 운암동,중상사고,0,1,1,2,차대사람 - 횡단중,안전운전불이행,건조,맑음,단일로 - 기타,승합,남,53세,상해없음,보행자,여,82세,중상
2013092300100242,2013년 9월 23일 12시,월요일,광주광역시 서구 광천동,중상사고,0,1,0,0,차대차 - 기타,안전운전불이행,건조,맑음,기타 - 기타,화물,남,61세,상해없음,자전거,남,24세,중상
2013092300100270,2013년 9월 23일 13시,월요일,광주광역시 서구 유촌동,경상사고,0,0,3,0,차대차 - 기타,기타,건조,맑음,단일로 - 기타,승용,남,35세,상해없음,승합,남,57세,상해없음
2013092300100321,2013년 9월 23일 15시,월요일,광주광역시 광산구 산월동,경상사고,0,0,1,0,차대차 - 추돌 - 주정차중,안전거리미확보,건조,맑음,교차로 - 교차로부근,이륜,남,23세,상해없음,승용,여,30세,경상
2013092300100322,2013년 9월 23일 15시,월요일,광주광역시 광산구 쌍암동,경상사고,0,0,2,0,차대차 - 측면직각충돌,안전거리미확보,건조,맑음,교차로 - 교차로부근,승용,여,32세,상해없음,화물,남,48세,상해없음
2013092300100323,2013년 9월 23일 15시,월요일,광주광역시 광산구 운남동,경상사고,0,0,2,0,차대차 - 기타,안전거리미확보,건조,맑음,교차로 - 교차로부근,이륜,남,16세,상해없음,승용,남,41세,경상
2013092300100394,2013년 9월 23일 17시,월요일,광주광역시 서구 매월동,경상사고,0,0,1,0,차대차 - 측면직각충돌,차로위반,건조,맑음,단일로 - 기타,승용,여,58세,상해없음,화물,남,66세,경상
2013092300100429,2013년 9월 23일 18시,월요일,광주광역시 서구 화정동,경상사고,0,0,1,0,차대차 - 추돌 - 주정차중,안전운전불이행,건조,맑음,단일로 - 기타,승용,남,48세,상해없음,승용,여,53세,경상
2013092300100430,2013년 9월 23일 18시,월요일,광주광역시 광산구 우산동,부상신고사고,0,0,0,1,차대차 - 추돌 - 진행중,신호위반,건조,맑음,교차로 - 교차로안,승용,남,70세,상해없음,승용,남,55세,부상신고
2013092300100463,2013년 9월 23일 19시,월요일,광주광역시 동구 충장로4가,경상사고,0,0,1,0,차대차 - 측면직각충돌,안전운전불이행,건조,맑음,단일로 - 기타,승용,남,22세,상해없음,이륜,남,55세,경상
2013092300100484,2013년 9월 23일 20시,월요일,광주광역시 서구 금호동,경상사고,0,0,1,0,차대사람 - 횡단중,안전운전불이행,건조,맑음,단일로 - 기타,원동기,남,51세,상해없음,보행자,여,43세,경상
2013092300100485,2013년 9월 23일 20시,월요일,광주광역시 서구 벽진동,중상사고,0,1,0,0,차대차 - 측면직각충돌,신호위반,건조,맑음,교차로 - 교차로안,승용,남,36세,상해없음,이륜,남,34세,중상
2013092300100486,2013년 9월 23일 20시,월요일,광주광역시 북구 운암동,중상사고,0,1,1,1,차대차 - 기타,안전거리미확보,건조,맑음,단일로 - 기타,승용,여,48세,부상신고,승용,여,40세,경상
2013092300100507,2013년 9월 23일 21시,월요일,광주광역시 북구 운암동,경상사고,0,0,2,0,차대차 - 기타,안전운전불이행,건조,맑음,교차로 - 교차로안,승용,남,42세,상해없음,승용,남,19세,상해없음
2013092300100538,2013년 9월 23일 23시,월요일,광주광역시 북구 일곡동,경상사고,0,0,1,0,차대차 - 기타,안전운전불이행,건조,맑음,단일로 - 기타,화물,남,56세,상해없음,승용,남,48세,경상
2013092300100539,2013년 9월 23일 23시,월요일,광주광역시 북구 일곡동,경상사고,0,0,1,0,차대차 - 측면직각충돌,안전운전불이행,건조,맑음,단일로 - 기타,승합,남,64세,상해없음,승용,남,42세,경상
2013092400100090,2013년 9월 24일 07시,화요일,광주광역시 광산구 도천동,경상사고,0,0,1,0,차대차 - 추돌 - 진행중,안전운전불이행,건조,맑음,교차로 - 교차로부근,화물,남,45세,상해없음,승용,남,35세,경상
2013092400100160,2013년 9월 24일 09시,화요일,광주광역시 남구 백운동,경상사고,0,0,1,0,차대차 - 추돌 - 주정차중,안전운전불이행,건조,맑음,단일로 - 기타,승용,남,25세,상해없음,승용,남,40세,경상
2013092400100189,2013년 9월 24일 10시,화요일,광주광역시 광산구 비아동,중상사고,0,1,0,0,차대차 - 측면직각충돌,신호위반,건조,맑음,교차로 - 교차로안,승용,남,73세,상해없음,이륜,남,80세,중상
2013092400100221,2013년 9월 24일 11시,화요일,광주광역시 남구 주월동,중상사고,0,1,0,0,차대사람 - 기타,안전운전불이행,건조,맑음,단일로 - 기타,승용,남,63세,상해없음,보행자,남,77세,중상
2013092400100365,2013년 9월 24일 17시,화요일,광주광역시 북구 우산동,경상사고,0,0,1,0,차대차 - 측면직각충돌,안전거리미확보,건조,맑음,교차로 - 교차로부근,화물,남,35세,상해없음,승용,남,54세,경상
2013092400100366,2013년 9월 24일 17시,화요일,광주광역시 북구 오치동,경상사고,0,0,1,0,차대사람 - 길가장자리구역통행중,안전운전불이행,건조,맑음,교차로 - 교차로안,승용,남,44세,상해없음,보행자,남,56세,경상
2013092400100367,2013년 9월 24일 17시,화요일,광주광역시 광산구 선암동,중상사고,0,4,1,0,차대차 - 추돌 - 진행중,안전운전불이행,건조,흐림,교차로 - 교차로부근,화물,남,50세,상해없음,화물,남,43세,중상