사고번호,사고일시,요일,시군구,사고내용,사망자수,중상자수,경상자수,부상신고자수,사고유형,법규위반,노면상태,기상상태,도로형태,가해운전자 차종,가해운전자 성별,가해운전자 연령,가해운전자 상해정도,피해운전자 차종,피해운전자 성별,피해운전자 연령,피해운전자 상해정도
2013092400100402,2013년 9월 24일 18시,화요일,광주광역시 서구 화정동,경상사고,0,0,1,0,차대차 - 기타,안전거리미확보,건조,맑음,기타 - 기타,승용,남,55세,상해없음,승용,남,26세,경상
2013092400100403,2013년 9월 24일 18시,화요일,광주광역시 북구 중흥동,경상사고,0,0,1,0,차대차 - 추돌 - 진행중,안전운전불이행,건조,맑음,단일로 - 기타,승용,남,67세,상해없음,승용,여,41세,경상
2013092400100439,2013년 9월 24일 19시,화요일,광주광역시 남구 진월동,경상사고,0,0,3,0,차대차 - 측면직각충돌,신호위반,건조,맑음,교차로 - 교차로안,승용,여,26세,상해없음,승용,남,45세,경상
2013092400100493,2013년 9월 24일 21시,화요일,광주광역시 서구 치평동,경상사고,0,0,1,0,차대차 - 기타,안전운전불이행,습기,비,교차로 - 교차로안,승용,남,46세,상해없음,이륜,남,22세,경상
2013092400100524,2013년 9월 24일 22시,화요일,광주광역시 서구 풍암동,경상사고,0,0,1,0,차대차 - 측면직각충돌,안전운전불이행,건조,흐림,단일로 - 기타,승용,남,35세,상해없음,이륜,남,18세,경상
2013092500100032,2013년 9월 25일 01시,수요일,광주광역시 광산구 월곡동,경상사고,0,0,5,0,차대차 - 추돌 - 주정차중,안전운전불이행,건조,맑음,교차로 - 교차로부근,승용,남,26세,상해없음,승용,여,46세,경상
2013092500100055,2013년 9월 25일 04시,수요일,광주광역시 북구 중흥동,경상사고,0,0,3,0,차대차 - 측면직각충돌,안전거리미확보,건조,맑음,단일로 - 기타,승용,남,43세,상해없음,승합,남,52세,경상
2013092500100140,2013년 9월 25일 08시,수요일,광주광역시 남구 주월동,경상사고,0,0,1,0,차대차 - 기타,안전거리미확보,건조,맑음,단일로 - 기타,승용,여,54세,상해없음,이륜,남,25세,경상
2013092500100141,2013년 9월 25일 08시,수요일,광주광역시 북구 유동,중상사고,0,1,0,0,차대차 - 추돌 - 진행중,안전운전불이행,건조,맑음,교차로 - 교차로안,승용,남,37세,기타불명,이륜,남,42세,중상
2013092500100142,2013년 9월 25일 08시,수요일,광주광역시 광산구 하남동,중상사고,0,1,0,0,차대사람 - 횡단중,신호위반,건조,맑음,교차로 - 교차로안,화물,남,52세,상해없음,보행자,여,32세,중상
2013092500100143,2013년 9월 25일 08시,수요일,광주광역시 광산구 송정동,경상사고,0,0,1,0,차대사람 - 횡단중,보행자보호의무위반,건조,맑음,교차로 - 교차로안,화물,남,38세,상해없음,보행자,남,8세,경상
2013092500100177,2013년 9월 25일 09시,수요일,광주광역시 서구 치평동,경상사고,0,0,2,0,차대차 - 추돌 - 진행중,안전운전불이행,건조,흐림,단일로 - 기타,승용,남,38세,상해없음,승용,남,28세,경상
2013092500100178,2013년 9월 25일 09시,수요일,광주광역시 서구 농성동,경상사고,0,0,2,0,차대차 - 측면직각충돌,중앙선침범,건조,맑음,교차로 - 교차로부근,승용,여,43세,상해없음,승용,남,22세,경상
2013092500100179,2013년 9월 25일 09시,수요일,광주광역시 남구 월산동,경상사고,0,0,2,0,차대차 - 추돌 - 주정차중,안전운전불이행,건조,맑음,단일로 - 기타,승용,남,36세,상해없음,화물,남,51세,경상
2013092500100180,2013년 9월 25일 09시,수요일,광주광역시 광산구 우산동,경상사고,0,0,2,0,차대차 - 추돌 - 주정차중,안전운전불이행,건조,맑음,단일로 - 기타,화물,남,38세,상해없음,승합,남,49세,경상
2013092500100207,2013년 9월 25일 10시,수요일,광주광역시 남구 송하동,경상사고,0,0,2,0,차대차 - 기타,교차로운행방법위반,건조,맑음,교차로 - 교차로안,건설기계,남,63세,경상,승용,남,48세,경상
2013092500100230,2013년 9월 25일 11시,수요일,광주광역시 북구 삼각동,경상사고,0,0,1,0,차대차 - 측면직각충돌,안전거리미확보,건조,맑음,단일로 - 기타,자전거,남,54세,경상,승용,남,67세,상해없음
2013092500100231,2013년 9월 25일 11시,수요일,광주광역시 광산구 송촌동,경상사고,0,0,1,0,차대차 - 기타,교차로운행방법위반,건조,맑음,교차로 - 교차로안,화물,남,60세,상해없음,승용,여,28세,경상
2013092500100313,2013년 9월 25일 14시,수요일,광주광역시 광산구 운남동,경상사고,0,0,1,0,차량단독 - 기타,기타,건조,맑음,기타 - 기타,승합,남,48세,상해없음,,,,
2013092500100346,2013년 9월 25일 15시,수요일,광주광역시 동구 금남로5가,경상사고,0,0,1,0,차대사람 - 보도통행중,기타,건조,맑음,단일로 - 기타,이륜,남,75세,상해없음,보행자,여,63세,경상
2013092500100385,2013년 9월 25일 16시,수요일,광주광역시 동구 계림동,경상사고,0,0,1,0,차대차 - 추돌 - 주정차중,안전운전불이행,건조,맑음,단일로 - 기타,자전거,남,59세,경상,승용,여,45세,상해없음
2013092500100426,2013년 9월 25일 17시,수요일,광주광역시 북구 용봉동,경상사고,0,0,2,0,차대사람 - 기타,안전운전불이행,건조,맑음,교차로 - 교차로안,승용,여,27세,상해없음,보행자,여,63세,경상
2013092500100427,2013년 9월 25일 17시,수요일,광주광역시 광산구 하남동,경상사고,0,0,1,0,차대차 - 측면직각충돌,안전운전불이행,건조,맑음,단일로 - 기타,승용,남,18세,상해없음,승용,여,23세,경상
2013092500100466,2013년 9월 25일 18시,수요일,광주광역시 광산구 하남동,경상사고,0,0,1,0,차대차 - 측면직각충돌,중앙선침범,건조,맑음,교차로 - 교차로부근,승용,남,42세,상해없음,원동기,남,37세,경상
2013092500100467,2013년 9월 25일 18시,수요일,광주광역시 광산구 흑석동,중상사고,0,1,0,0,차대사람 - 횡단중,신호위반,건조,맑음,교차로 - 교차로안,승용,여,29세,상해없음,보행자,여,18세,중상
2013092500100468,2013년 9월 25일 18시,수요일,광주광역시 광산구 월곡동,경상사고,0,0,1,0,차대사람 - 횡단중,보행자보호의무위반,건조,맑음,단일로 - 기타,승용,남,39세,상해없음,보행자,남,7세,경상
2013092500100469,2013년 9월 25일 18시,수요일,광주광역시 광산구 신창동,중상사고,0,3,1,0,차대차 - 추돌 - 진행중,안전운전불이행,건조,맑음,단일로 - 기타,승용,남,53세,상해없음,승용,여,46세,중상
2013092500100511,2013년 9월 25일 19시,수요일,광주광역시 서구 광천동,경상사고,0,0,1,0,차대차 - 추돌 - 진행중,안전운전불이행,건조,맑음,단일로 - 기타,화물,남,47세,상해없음,승용,남,51세,경상
2013092500100512,2013년 9월 25일 19시,수요일,광주광역시 서구 금호동,경상사고,0,0,3,0,차대차 - 추돌 - 진행중,안전운전불이행,건조,맑음,교차로 - 교차로부근,승용,남,30세,상해없음,승합,남,54세,경상
2013092500100513,2013년 9월 25일 19시,수요일,광주광역시 북구 유동,부상신고사고,0,0,0,1,차대차 - 측면직각충돌,안전운전불이행,건조,맑음,단일로 - 기타,승용,기타불명,기타불명,기타불명,승용,남,46세,부상신고
2013092500100549,2013년 9월 25일 20시,수요일,광주광역시 광산구 신가동,경상사고,0,0,2,0,차대차 - 측면직각충돌,안전거리미확보,건조,맑음,단일로 - 기타,승합,남,74세,경상,승용,남,33세,경상
2013092500100567,2013년 9월 25일 21시,수요일,광주광역시 북구 운암동,경상사고,0,0,2,0,차대차 - 측면직각충돌,차로위반,건조,맑음,교차로 - 교차로부근,승용,남,23세,상해없음,승용,여,32세,경상
2013092500100604,2013년 9월 25일 22시,수요일,광주광역시 서구 금호동,경상사고,0,0,1,0,차대차 - 측면직각충돌,안전운전불이행,건조,흐림,교차로 - 교차로안,승용,남,56세,상해없음,원동기,남,20세,경상
2013092500100605,2013년 9월 25일 22시,수요일,광주광역시 북구 운암동,중상사고,0,2,0,0,차대사람 - 횡단중,안전운전불이행,건조,맑음,단일로 - 기타,승용,남,45세,상해없음,보행자,남,50세,중상
2013092500100606,2013년 9월 25일 22시,수요일,광주광역시 광산구 복룡동,경상사고,0,0,1,0,차대차 - 추돌 - 진행중,안전운전불이행,건조,맑음,교차로 - 교차로부근,승용,남,54세,상해없음,승용,여,58세,경상
2013092500100634,2013년 9월 25일 23시,수요일,광주광역시 북구 신안동,경상사고,0,0,1,0,차대사람 - 길가장자리구역통행중,안전운전불이행,건조,맑음,단일로 - 기타,승용,남,24세,상해없음,보행자,남,43세,경상
2013092600100054,2013년 9월 26일 03시,목요일,광주광역시 서구 쌍촌동,경상사고,0,0,3,0,차대차 - 추돌 - 주정차중,안전운전불이행,건조,맑음,교차로 - 교차로부근,승용,여,28세,상해없음,승용,남,37세,경상
2013092600100055,2013년 9월 26일 03시,목요일,광주광역시 북구 운암동,경상사고,0,0,3,0,차대차 - 추돌 - 진행중,안전운전불이행,건조,맑음,단일로 - 기타,승용,남,41세,상해없음,승용,남,37세,경상
2013092600100061,2013년 9월 26일 04시,목요일,광주광역시 북구 동림동,경상사고,0,0,3,0,차대차 - 기타,신호위반,건조,맑음,교차로 - 교차로안,승용,남,23세,경상,승용,남,32세,경상
2013092600100090,2013년 9월 26일 06시,목요일,광주광역시 서구 치평동,경상사고,0,0,1,0,차대차 - 측면직각충돌,안전거리미확보,건조,맑음,단일로 - 기타,승용,남,58세,상해없음,승용,남,57세,상해없음
2013092600100091,2013년 9월 26일 06시,목요일,광주광역시 북구 용봉동,경상사고,0,0,3,0,차대차 - 기타,안전운전불이행,건조,맑음,단일로 - 기타,승용,남,34세,경상,승용,남,42세,경상
2013092600100123,2013년 9월 26일 07시,목요일,광주광역시 서구 치평동,경상사고,0,0,2,0,차대차 - 측면직각충돌,신호위반,건조,맑음,교차로 - 교차로안,승용,남,27세,상해없음,승용,남,46세,경상
2013092600100167,2013년 9월 26일 08시,목요일,광주광역시 서구 화정동,경상사고,0,0,1,0,차대차 - 기타,안전운전불이행,건조,맑음,교차로 - 교차로안,승용,남,62세,상해없음,승용,남,58세,경상
2013092600100168,2013년 9월 26일 08시,목요일,광주광역시 광산구 우산동,경상사고,0,0,1,0,차대사람 - 횡단중,안전운전불이행,건조,맑음,단일로 - 기타,승용,남,29세,상해없음,보행자,남,45세,경상
2013092600100169,2013년 9월 26일 08시,목요일,광주광역시 광산구 장덕동,경상사고,0,0,1,0,차대차 - 측면직각충돌,안전거리미확보,건조,맑음,단일로 - 기타,승용,남,23세,상해없음,승용,남,62세,경상
2013092600100197,2013년 9월 26일 09시,목요일,광주광역시 북구 신안동,경상사고,0,0,1,0,차대차 - 측면직각충돌,안전운전불이행,건조,맑음,단일로 - 횡단보도상,자전거,남,28세,경상,화물,남,53세,상해없음
2013092600100253,2013년 9월 26일 11시,목요일,광주광역시 북구 운암동,경상사고,0,0,1,0,차대사람 - 기타,안전운전불이행,건조,맑음,단일로 - 기타,승용,남,34세,상해없음,보행자,남,70세,경상
2013092600100269,2013년 9월 26일 12시,목요일,광주광역시 남구 방림동,사망사고,1,0,0,0,차대차 - 기타,안전운전불이행,건조,맑음,교차로 - 교차로부근,자전거,남,66세,사망,승용,여,47세,상해없음
2013092600100270,2013년 9월 26일 12시,목요일,광주광역시 북구 일곡동,경상사고,0,0,1,0,차대사람 - 횡단중,신호위반,건조,맑음,교차로 - 교차로부근,화물,남,57세,상해없음,보행자,남,71세,경상
2013092600100301,2013년 9월 26일 13시,목요일,광주광역시 북구 운암동,경상사고,0,0,1,0,차량단독 - 기타,기타,건조,맑음,교차로 - 교차로부근,승합,남,47세,상해없음,,,,
2013092600100326,2013년 9월 26일 14시,목요일,광주광역시 광산구 신가동,경상사고,0,0,1,0,차대차 - 측면직각충돌,신호위반,건조,맑음,단일로 - 횡단보도상,승용,남,23세,상해없음,자전거,여,39세,경상
2013092600100327,2013년 9월 26일 14시,목요일,광주광역시 광산구 운남동,경상사고,0,0,1,0,차대차 - 측면직각충돌,신호위반,건조,맑음,교차로 - 교차로안,승용,여,45세,상해없음,화물,남,52세,경상
2013092600100405,2013년 9월 26일 16시,목요일,광주광역시 서구 풍암동,경상사고,0,0,2,0,차대차 - 측면직각충돌,안전운전불이행,건조,맑음,단일로 - 기타,승용,남,57세,상해없음,승용,여,38세,경상
2013092600100406,2013년 9월 26일 16시,목요일,광주광역시 북구 오치동,경상사고,0,0,1,0,차대차 - 기타,교차로운행방법위반,건조,맑음,교차로 - 교차로부근,승용,여,54세,상해없음,자전거,남,49세,경상
2013092600100407,2013년 9월 26일 16시,목요일,광주광역시 북구 신안동,경상사고,0,0,2,0,차대차 - 측면직각충돌,안전운전불이행,건조,맑음,단일로 - 기타,승용,남,61세,상해없음,이륜,여,20세,경상
2013092600100408,2013년 9월 26일 16시,목요일,광주광역시 광산구 도천동,경상사고,0,0,1,0,차대차 - 측면직각충돌,안전운전불이행,건조,맑음,교차로 - 교차로안,승용,기타불명,기타불명,기타불명,자전거,남,13세,경상
2013092600100452,2013년 9월 26일 17시,목요일,광주광역시 서구 치평동,경상사고,0,0,1,0,차대사람 - 차도통행중,안전운전불이행,건조,맑음,단일로 - 기타,승용,여,44세,상해없음,보행자,여,34세,경상
2013092600100453,2013년 9월 26일 17시,목요일,광주광역시 서구 마륵동,부상신고사고,0,0,0,1,차대사람 - 기타,안전운전불이행,건조,맑음,단일로 - 기타,자전거,남,66세,상해없음,보행자,남,52세,부상신고
2013092600100454,2013년 9월 26일 17시,목요일,광주광역시 북구 운암동,중상사고,0,1,2,0,차대차 - 측면직각충돌,안전운전불이행,건조,맑음,교차로 - 교차로안,화물,남,52세,상해없음,승합,남,53세,경상
2013092600100495,2013년 9월 26일 18시,목요일,광주광역시 남구 주월동,경상사고,0,0,2,0,차대차 - 추돌 - 진행중,교차로운행방법위반,건조,맑음,교차로 - 교차로안,승용,여,67세,상해없음,승합,남,57세,상해없음
2013092600100496,2013년 9월 26일 18시,목요일,광주광역시 광산구 수완동,경상사고,0,0,1,0,차대차 - 측면직각충돌,안전운전불이행,건조,맑음,단일로 - 기타,승용,남,54세,상해없음,승용,남,47세,경상
2013092600100538,2013년 9월 26일 19시,목요일,광주광역시 광산구 운남동,중상사고,0,1,0,0,차대차 - 측면직각충돌,신호위반,건조,맑음,교차로 - 교차로부근,이륜,남,18세,중상,화물,남,37세,상해없음
2013092600100577,2013년 9월 26일 20시,목요일,광주광역시 북구 용봉동,경상사고,0,0,5,0,차대차 - 추돌 - 진행중,중앙선침범,건조,맑음,단일로 - 기타,승용,남,60세,상해없음,승용,남,39세,경상
2013092600100604,2013년 9월 26일 21시,목요일,광주광역시 서구 동천동,중상사고,0,1,0,0,차대차 - 측면직각충돌,교차로운행방법위반,건조,맑음,교차로 - 교차로안,자전거,남,24세,중상,승용,남,45세,상해없음
2013092600100605,2013년 9월 26일 21시,목요일,광주광역시 남구 월산동,경상사고,0,0,5,0,차대차 - 추돌 - 주정차중,안전거리미확보,건조,맑음,기타 - 기타,승합,남,61세,상해없음,승용,여,22세,경상
2013092600100630,2013년 9월 26일 22시,목요일,광주광역시 서구 쌍촌동,경상사고,0,0,5,0,차대차 - 측면직각충돌,교차로운행방법위반,건조,맑음,교차로 - 교차로안,승용,남,19세,상해없음,승용,남,57세,경상
2013092600100631,2013년 9월 26일 22시,목요일,광주광역시 광산구 신가동,경상사고,0,0,1,0,차대차 - 기타,안전운전불이행,습기,맑음,교차로 - 교차로안,승합,남,48세,상해없음,승용,남,43세,경상
2013092600100656,2013년 9월 26일 23시,목요일,광주광역시 북구 우산동,경상사고,0,0,1,0,차대사람 - 보도통행중,보행자보호의무위반,건조,맑음,단일로 - 기타,승용,남,19세,상해없음,보행자,남,43세,경상
2013092700100015,2013년 9월 27일 00시,금요일,광주광역시 북구 양산동,경상사고,0,0,1,0,차대차 - 측면직각충돌,신호위반,건조,맑음,교차로 - 교차로안,승용,남,24세,상해없음,승용,남,20세,경상
2013092700100043,2013년 9월 27일 02시,금요일,광주광역시 동구 학동,경상사고,0,0,1,0,차대차 - 측면직각충돌,교차로운행방법위반,건조,맑음,교차로 - 교차로안,승용,남,24세,상해없음,승용,남,40세,상해없음
2013092700100051,2013년 9월 27일 04시,금요일,광주광역시 광산구 도천동,사망사고,1,0,0,0,차량단독 - 도로외이탈 - 추락,안전운전불이행,건조,맑음,단일로 - 기타,승용,남,36세,사망,,,,
2013092700100120,2013년 9월 27일 07시,금요일,광주광역시 광산구 송정동,중상사고,0,1,0,0,차대차 - 기타,신호위반,건조,맑음,단일로 - 기타,승용,남,52세,상해없음,자전거,여,58세,중상
2013092700100121,2013년 9월 27일 07시,금요일,광주광역시 광산구 신가동,부상신고사고,0,0,0,1,차대사람 - 기타,안전운전불이행,습기,비,기타 - 기타,기타불명,기타불명,기타불명,기타불명,보행자,남,56세,부상신고
2013092700100158,2013년 9월 27일 08시,금요일,광주광역시 동구 계림동,중상사고,0,1,0,0,차대차 - 측면직각충돌,중앙선침범,건조,맑음,교차로 - 교차로안,자전거,여,46세,중상,승용,여,41세,상해없음
2013092700100159,2013년 9월 27일 08시,금요일,광주광역시 서구 벽진동,경상사고,0,0,2,0,차대차 - 측면직각충돌,차로위반,건조,맑음,단일로 - 기타,승용,남,62세,상해없음,승용,남,28세,경상
2013092700100196,2013년 9월 27일 09시,금요일,광주광역시 광산구 운수동,경상사고,0,0,1,0,차대차 - 추돌 - 주정차중,안전운전불이행,건조,맑음,단일로 - 기타,특수,남,55세,상해없음,화물,남,49세,경상
2013092700100220,2013년 9월 27일 10시,금요일,광주광역시 서구 치평동,경상사고,0,0,3,0,차대차 - 기타,안전거리미확보,건조,맑음,단일로 - 기타,승용,여,29세,상해없음,승용,여,47세,경상
2013092700100221,2013년 9월 27일 10시,금요일,광주광역시 북구 용봉동,경상사고,0,0,1,0,차대차 - 기타,기타,건조,맑음,단일로 - 기타,승용,남,50세,상해없음,승합,남,59세,상해없음
2013092700100274,2013년 9월 27일 12시,금요일,광주광역시 북구 삼각동,경상사고,0,0,1,0,차대차 - 기타,안전거리미확보,건조,맑음,단일로 - 기타,승용,여,38세,상해없음,승합,남,37세,상해없음
2013092700100311,2013년 9월 27일 13시,금요일,광주광역시 동구 산수동,경상사고,0,0,3,0,차대차 - 측면직각충돌,차로위반,건조,맑음,단일로 - 기타,승용,여,53세,상해없음,화물,남,45세,경상
2013092700100337,2013년 9월 27일 14시,금요일,광주광역시 남구 칠석동,경상사고,0,0,3,0,차대차 - 측면직각충돌,교차로운행방법위반,건조,맑음,교차로 - 교차로안,승용,여,53세,경상,화물,남,32세,경상
2013092700100338,2013년 9월 27일 14시,금요일,광주광역시 북구 운암동,경상사고,0,0,1,0,차대차 - 기타,중앙선침범,건조,맑음,단일로 - 기타,승용,기타불명,기타불명,기타불명,원동기,남,18세,경상
2013092700100339,2013년 9월 27일 14시,금요일,광주광역시 광산구 운수동,경상사고,0,0,2,0,차대차 - 추돌 - 진행중,안전운전불이행,건조,맑음,단일로 - 터널,승용,남,24세,상해없음,화물,남,48세,경상
2013092700100382,2013년 9월 27일 15시,금요일,광주광역시 서구 동천동,경상사고,0,0,1,0,차대차 - 추돌 - 주정차중,안전운전불이행,건조,맑음,교차로 - 교차로부근,승용,남,37세,상해없음,승용,남,46세,경상
2013092700100415,2013년 9월 27일 16시,금요일,광주광역시 서구 유촌동,경상사고,0,0,4,0,차대차 - 측면직각충돌,안전운전불이행,건조,맑음,단일로 - 기타,승용,남,26세,경상,승용,남,31세,경상
2013092700100456,2013년 9월 27일 17시,금요일,광주광역시 서구 유촌동,경상사고,0,0,2,0,차대차 - 추돌 - 진행중,안전운전불이행,건조,맑음,단일로 - 기타,승용,남,48세,상해없음,승용,여,51세,경상
2013092700100457,2013년 9월 27일 17시,금요일,광주광역시 서구 광천동,경상사고,0,0,1,0,차대차 - 추돌 - 주정차중,안전거리미확보,건조,맑음,단일로 - 기타,승용,남,48세,상해없음,승용,남,52세,경상
2013092700100458,2013년 9월 27일 17시,금요일,광주광역시 북구 각화동,경상사고,0,0,1,0,차대차 - 측면직각충돌,안전운전불이행,건조,맑음,교차로 - 교차로부근,승용,남,55세,상해없음,자전거,남,9세,경상
2013092700100459,2013년 9월 27일 17시,금요일,광주광역시 광산구 송정동,경상사고,0,0,2,0,차대차 - 추돌 - 진행중,안전운전불이행,건조,맑음,교차로 - 교차로부근,승합,남,24세,상해없음,원동기,남,17세,경상
2013092700100520,2013년 9월 27일 18시,금요일,광주광역시 남구 봉선동,경상사고,0,0,2,0,차대차 - 측면직각충돌,교차로운행방법위반,건조,맑음,교차로 - 교차로안,승용,남,57세,상해없음,승용,여,59세,경상
2013092700100521,2013년 9월 27일 18시,금요일,광주광역시 광산구 쌍암동,부상신고사고,0,0,0,1,차대차 - 측면직각충돌,안전운전불이행,건조,맑음,교차로 - 교차로안,기타불명,기타불명,기타불명,기타불명,자전거,여,19세,부상신고
2013092700100607,2013년 9월 27일 20시,금요일,광주광역시 서구 치평동,경상사고,0,0,4,0,차대차 - 측면직각충돌,신호위반,건조,맑음,교차로 - 교차로안,승합,남,52세,상해없음,승용,여,40세,경상
2013092700100608,2013년 9월 27일 20시,금요일,광주광역시 서구 치평동,중상사고,0,1,0,0,차대차 - 측면직각충돌,중앙선침범,건조,맑음,교차로 - 교차로부근,승용,남,52세,상해없음,승용,남,28세,중상
2013092700100609,2013년 9월 27일 20시,금요일,광주광역시 서구 동천동,경상사고,0,0,1,0,차대차 - 추돌 - 진행중,안전운전불이행,건조,맑음,교차로 - 교차로부근,승용,남,48세,상해없음,승용,여,40세,상해없음
2013092700100610,2013년 9월 27일 20시,금요일,광주광역시 북구 각화동,경상사고,0,0,1,0,차대차 - 추돌 - 주정차중,안전운전불이행,건조,맑음,교차로 - 교차로부근,화물,남,46세,상해없음,승용,여,41세,경상
2013092700100650,2013년 9월 27일 21시,금요일,광주광역시 동구 지산동,경상사고,0,0,1,0,차대차 - 추돌 - 진행중,안전거리미확보,건조,맑음,단일로 - 기타,이륜,남,16세,경상,승용,여,46세,상해없음
2013092700100688,2013년 9월 27일 22시,금요일,광주광역시 동구 금남로1가,경상사고,0,0,1,0,차대차 - 추돌 - 주정차중,안전운전불이행,건조,맑음,교차로 - 교차로부근,승용,남,49세,상해없음,승용,남,40세,경상
2013092700100710,2013년 9월 27일 23시,금요일,광주광역시 서구 치평동,부상신고사고,0,0,0,1,차대사람 - 길가장자리구역통행중,안전운전불이행,건조,맑음,교차로 - 교차로안,승용,기타불명,기타불명,기타불명,보행자,남,17세,부상신고
2013092800100040,2013년 9월 28일 01시,토요일,광주광역시 서구 벽진동,경상사고,0,0,2,0,차대차 - 측면직각충돌,안전운전불이행,건조,맑음,단일로 - 기타,승용,남,32세,상해없음,승용,남,62세,경상
2013092800100041,2013년 9월 28일 01시,토요일,광주광역시 서구 치평동,경상사고,0,0,1,0,차대사람 - 횡단중,안전운전불이행,건조,맑음,단일로 - 횡단보도상,승용,남,36세,상해없음,보행자,남,36세,경상
2013092800100042,2013년 9월 28일 01시,토요일,광주광역시 남구 월산동,경상사고,0,0,2,0,차대차 - 추돌 - 주정차중,안전운전불이행,건조,맑음,단일로 - 기타,승용,남,38세,상해없음,승용,남,56세,경상
2013092800100065,2013년 9월 28일 02시,토요일,광주광역시 동구 대인동,중상사고,0,1,0,0,차대차 - 측면직각충돌,안전운전불이행,건조,맑음,교차로 - 교차로안,자전거,남,51세,중상,승용,남,44세,상해없음
2013092800100146,2013년 9월 28일 07시,토요일,광주광역시 동구 계림동,경상사고,0,0,2,0,차대차 - 측면직각충돌,중앙선침범,건조,맑음,단일로 - 기타,승용,남,20세,상해없음,승용,남,43세,경상
2013092800100169,2013년 9월 28일 08시,토요일,광주광역시 북구 임동,경상사고,0,0,1,0,차대사람 - 횡단중,보행자보호의무위반,건조,맑음,단일로 - 횡단보도상,승용,남,32세,상해없음,보행자,남,73세,경상
2013092800100222,2013년 9월 28일 10시,토요일,광주광역시 서구 금호동,중상사고,0,1,0,0,차대사람 - 기타,중앙선침범,건조,맑음,단일로 - 기타,승용,남,46세,상해없음,보행자,여,71세,중상
2013092800100247,2013년 9월 28일 11시,토요일,광주광역시 남구 송하동,경상사고,0,0,1,0,차대차 - 기타,교차로운행방법위반,건조,맑음,교차로 - 교차로안,승용,남,48세,상해없음,원동기,남,17세,경상
2013092800100291,2013년 9월 28일 13시,토요일,광주광역시 북구 운암동,경상사고,0,0,3,0,차대차 - 추돌 - 진행중,안전거리미확보,건조,맑음,교차로 - 교차로안,승합,남,64세,상해없음,승용,여,36세,경상
2013092800100318,2013년 9월 28일 14시,토요일,광주광역시 광산구 월계동,경상사고,0,0,2,0,차대차 - 추돌 - 주정차중,안전운전불이행,건조,맑음,단일로 - 기타,승용,남,21세,상해없음,승용,남,45세,경상
2013092800100378,2013년 9월 28일 16시,토요일,광주광역시 남구 구동,경상사고,0,0,1,0,차대사람 - 횡단중,보행자보호의무위반,건조,맑음,단일로 - 횡단보도상,승용,남,55세,상해없음,보행자,여,53세,경상
2013092800100379,2013년 9월 28일 16시,토요일,광주광역시 광산구 월곡동,경상사고,0,0,1,0,차대사람 - 횡단중,안전운전불이행,건조,맑음,단일로 - 기타,승용,남,53세,상해없음,보행자,남,11세,경상
2013092800100421,2013년 9월 28일 17시,토요일,광주광역시 서구 화정동,경상사고,0,0,1,0,차대차 - 측면직각충돌,안전운전불이행,건조,맑음,단일로 - 기타,승용,남,77세,상해없음,승합,남,33세,기타불명
2013092800100476,2013년 9월 28일 18시,토요일,광주광역시 서구 쌍촌동,중상사고,0,1,0,0,차대사람 - 기타,안전운전불이행,건조,맑음,단일로 - 기타,화물,남,46세,상해없음,보행자,여,70세,중상
2013092800100477,2013년 9월 28일 18시,토요일,광주광역시 광산구 수완동,경상사고,0,0,2,0,차대차 - 측면직각충돌,신호위반,건조,맑음,교차로 - 교차로안,승용,여,54세,상해없음,승용,남,37세,경상
2013092800100478,2013년 9월 28일 18시,토요일,광주광역시 광산구 수완동,경상사고,0,0,2,0,차대차 - 추돌 - 진행중,안전운전불이행,건조,맑음,교차로 - 교차로부근,승용,남,58세,상해없음,승용,여,48세,경상
2013092800100536,2013년 9월 28일 19시,토요일,광주광역시 광산구 수완동,경상사고,0,0,1,0,차대차 - 기타,안전운전불이행,건조,맑음,교차로 - 교차로안,승용,기타불명,기타불명,기타불명,자전거,여,12세,경상
2013092800100571,2013년 9월 28일 20시,토요일,광주광역시 남구 진월동,중상사고,0,1,0,0,차량단독 - 전도전복,안전운전불이행,건조,흐림,교차로 - 교차로안,원동기,남,16세,상해없음,,,,
2013092800100572,2013년 9월 28일 20시,토요일,광주광역시 광산구 수완동,경상사고,0,0,1,0,차대차 - 측면직각충돌,신호위반,건조,맑음,교차로 - 교차로안,승용,남,58세,상해없음,승용,남,32세,경상
2013092800100573,2013년 9월 28일 20시,토요일,광주광역시 광산구 흑석동,경상사고,0,0,1,0,차대사람 - 보도통행중,기타,건조,맑음,교차로 - 교차로부근,원동기,남,17세,상해없음,보행자,남,7세,경상
2013092800100668,2013년 9월 28일 22시,토요일,광주광역시 동구 충장로4가,경상사고,0,0,3,0,차대차 - 측면직각충돌,안전거리미확보,습기,기타,단일로 - 기타,승용,남,19세,경상,승용,남,60세,경상
2013092800100669,2013년 9월 28일 22시,토요일,광주광역시 북구 용봉동,경상사고,0,0,1,0,차대차 - 기타,교차로운행방법위반,건조,맑음,교차로 - 교차로안,승용,남,48세,상해없음,승용,여,23세,경상
2013092800100703,2013년 9월 28일 23시,토요일,광주광역시 동구 광산동,경상사고,0,0,1,0,차대사람 - 기타,안전운전불이행,건조,기타,단일로 - 기타,승용,남,52세,상해없음,보행자,남,25세,경상