사고번호,사고일시,요일,시군구,사고내용,사망자수,중상자수,경상자수,부상신고자수,사고유형,법규위반,노면상태,기상상태,도로형태,가해운전자 차종,가해운전자 성별,가해운전자 연령,가해운전자 상해정도,피해운전자 차종,피해운전자 성별,피해운전자 연령,피해운전자 상해정도
2013092800100704,2013년 9월 28일 23시,토요일,광주광역시 남구 행암동,경상사고,0,0,2,0,차대차 - 추돌 - 주정차중,안전운전불이행,건조,맑음,교차로 - 교차로부근,승용,남,58세,경상,승용,여,62세,경상
2013092900100035,2013년 9월 29일 00시,일요일,광주광역시 서구 금호동,경상사고,0,0,1,0,차대차 - 측면직각충돌,신호위반,건조,맑음,교차로 - 교차로안,승용,남,29세,상해없음,승용,남,51세,경상
2013092900100036,2013년 9월 29일 00시,일요일,광주광역시 서구 유촌동,경상사고,0,0,4,0,차대차 - 기타,중앙선침범,건조,맑음,단일로 - 기타,승용,여,27세,상해없음,승용,남,44세,경상
2013092900100154,2013년 9월 29일 05시,일요일,광주광역시 북구 신안동,경상사고,0,0,4,0,차대차 - 측면직각충돌,안전운전불이행,건조,맑음,교차로 - 교차로안,승용,남,21세,경상,화물,남,20세,경상
2013092900100166,2013년 9월 29일 06시,일요일,광주광역시 광산구 우산동,중상사고,0,1,0,0,차량단독 - 공작물충돌,안전운전불이행,건조,맑음,단일로 - 기타,승용,남,28세,중상,,,,
2013092900100247,2013년 9월 29일 11시,일요일,광주광역시 북구 용봉동,경상사고,0,0,3,0,차대차 - 추돌 - 진행중,안전거리미확보,건조,맑음,단일로 - 기타,승용,남,59세,상해없음,승용,남,65세,경상
2013092900100268,2013년 9월 29일 12시,일요일,광주광역시 광산구 장덕동,경상사고,0,0,1,0,차대차 - 측면직각충돌,안전운전불이행,습기,비,단일로 - 횡단보도상,승용,기타불명,기타불명,기타불명,자전거,남,11세,경상
2013092900100269,2013년 9월 29일 12시,일요일,광주광역시 광산구 도산동,경상사고,0,0,1,0,차대사람 - 길가장자리구역통행중,안전운전불이행,건조,맑음,단일로 - 기타,승용,남,42세,상해없음,보행자,여,52세,경상
2013092900100292,2013년 9월 29일 13시,일요일,광주광역시 남구 봉선동,경상사고,0,0,1,0,차대사람 - 기타,안전운전불이행,습기,흐림,단일로 - 횡단보도상,승용,남,22세,상해없음,보행자,여,21세,경상
2013092900100293,2013년 9월 29일 13시,일요일,광주광역시 북구 각화동,경상사고,0,0,1,0,차대사람 - 횡단중,보행자보호의무위반,건조,맑음,단일로 - 횡단보도상,원동기,남,62세,상해없음,보행자,남,5세,경상
2013092900100327,2013년 9월 29일 14시,일요일,광주광역시 서구 금호동,경상사고,0,0,1,0,차대차 - 기타,기타,습기,비,단일로 - 기타,승용,남,24세,상해없음,원동기,남,49세,경상
2013092900100446,2013년 9월 29일 18시,일요일,광주광역시 남구 진월동,경상사고,0,0,1,0,차대차 - 기타,안전거리미확보,건조,맑음,단일로 - 기타,승용,남,61세,상해없음,승용,남,61세,경상
2013092900100526,2013년 9월 29일 20시,일요일,광주광역시 북구 운암동,경상사고,0,0,1,0,차대차 - 기타,안전거리미확보,습기,비,단일로 - 기타,승용,남,43세,상해없음,원동기,남,46세,경상
2013092900100547,2013년 9월 29일 21시,일요일,광주광역시 북구 문흥동,경상사고,0,0,2,0,차대차 - 측면직각충돌,안전운전불이행,습기,비,단일로 - 기타,승용,남,22세,상해없음,승용,남,59세,상해없음
2013092900100548,2013년 9월 29일 21시,일요일,광주광역시 광산구 옥동,사망사고,1,4,0,0,차대차 - 측면직각충돌,교차로운행방법위반,건조,맑음,교차로 - 교차로안,승용,남,24세,중상,승용,여,54세,중상
2013092900100549,2013년 9월 29일 21시,일요일,광주광역시 광산구 쌍암동,경상사고,0,0,1,0,차대사람 - 횡단중,중앙선침범,건조,맑음,교차로 - 교차로안,승용,남,58세,기타불명,보행자,여,19세,경상
2013092900100577,2013년 9월 29일 22시,일요일,광주광역시 광산구 신가동,경상사고,0,0,1,0,차대사람 - 횡단중,신호위반,습기,흐림,교차로 - 교차로안,이륜,남,30세,상해없음,보행자,남,47세,경상
2013092900100598,2013년 9월 29일 23시,일요일,광주광역시 서구 금호동,경상사고,0,0,1,0,차대차 - 기타,안전운전불이행,습기,비,교차로 - 교차로안,승용,여,44세,상해없음,원동기,남,17세,경상
2013093000100023,2013년 9월 30일 01시,월요일,광주광역시 북구 신안동,경상사고,0,0,1,0,차대차 - 추돌 - 진행중,안전운전불이행,습기,비,단일로 - 기타,기타불명,기타불명,기타불명,기타불명,자전거,남,29세,경상
2013093000100035,2013년 9월 30일 05시,월요일,광주광역시 서구 화정동,경상사고,0,0,1,0,차대차 - 측면직각충돌,안전운전불이행,건조,맑음,단일로 - 기타,승용,남,42세,상해없음,승용,남,36세,상해없음
2013093000100050,2013년 9월 30일 06시,월요일,광주광역시 서구 금호동,경상사고,0,0,1,0,차대차 - 기타,차로위반,건조,맑음,기타 - 기타,승용,남,51세,상해없음,자전거,남,74세,경상
2013093000100070,2013년 9월 30일 07시,월요일,광주광역시 동구 산수동,경상사고,0,0,1,0,차대차 - 기타,신호위반,건조,맑음,단일로 - 기타,승용,남,44세,상해없음,이륜,남,56세,경상
2013093000100283,2013년 9월 30일 14시,월요일,광주광역시 광산구 도산동,중상사고,0,1,0,0,차대차 - 기타,직진우회전진행방해,건조,맑음,교차로 - 교차로안,승용,남,41세,상해없음,자전거,남,71세,중상
2013093000100344,2013년 9월 30일 16시,월요일,광주광역시 북구 두암동,경상사고,0,0,1,0,차대사람 - 기타,안전운전불이행,건조,맑음,단일로 - 기타,승용,여,56세,상해없음,보행자,여,17세,경상
2013093000100345,2013년 9월 30일 16시,월요일,광주광역시 광산구 월계동,경상사고,0,0,1,0,차대차 - 추돌 - 진행중,안전운전불이행,건조,맑음,단일로 - 횡단보도부근,승용,남,53세,상해없음,승용,여,49세,경상
2013093000100381,2013년 9월 30일 17시,월요일,광주광역시 동구 동명동,경상사고,0,0,1,0,차대사람 - 길가장자리구역통행중,안전운전불이행,건조,맑음,단일로 - 기타,승용,기타불명,기타불명,기타불명,보행자,여,16세,경상
2013093000100382,2013년 9월 30일 17시,월요일,광주광역시 남구 백운동,경상사고,0,0,6,0,차대차 - 측면직각충돌,교차로운행방법위반,건조,맑음,교차로 - 교차로안,승용,남,51세,상해없음,승용,남,31세,상해없음
2013093000100424,2013년 9월 30일 18시,월요일,광주광역시 남구 방림동,경상사고,0,0,1,0,차대차 - 측면직각충돌,안전운전불이행,건조,맑음,교차로 - 교차로안,승용,남,34세,상해없음,자전거,남,62세,경상
2013093000100425,2013년 9월 30일 18시,월요일,광주광역시 북구 각화동,중상사고,0,1,0,0,차대사람 - 횡단중,보행자보호의무위반,건조,맑음,단일로 - 횡단보도상,화물,남,42세,상해없음,보행자,여,26세,중상
2013093000100426,2013년 9월 30일 18시,월요일,광주광역시 북구 운암동,중상사고,0,1,0,0,차대사람 - 보도통행중,기타,건조,맑음,단일로 - 기타,원동기,남,28세,상해없음,보행자,남,59세,중상
2013093000100506,2013년 9월 30일 20시,월요일,광주광역시 북구 연제동,경상사고,0,0,3,0,차대차 - 측면직각충돌,신호위반,건조,맑음,교차로 - 교차로안,승합,남,53세,상해없음,승용,남,31세,경상
2013093000100528,2013년 9월 30일 21시,월요일,광주광역시 남구 도금동,사망사고,1,0,0,0,차대사람 - 길가장자리구역통행중,안전운전불이행,건조,맑음,기타 - 기타,승용,남,32세,상해없음,보행자,여,58세,사망
2013093000100546,2013년 9월 30일 22시,월요일,광주광역시 북구 매곡동,경상사고,0,0,1,0,차대차 - 기타,안전운전불이행,건조,맑음,단일로 - 기타,승용,남,52세,상해없음,화물,남,50세,경상
2013093000100547,2013년 9월 30일 22시,월요일,광주광역시 북구 운암동,중상사고,0,1,0,0,차대사람 - 기타,안전운전불이행,건조,맑음,교차로 - 교차로안,승합,남,47세,상해없음,보행자,여,48세,중상
2013093000100577,2013년 9월 30일 23시,월요일,광주광역시 서구 쌍촌동,경상사고,0,0,2,0,차대차 - 추돌 - 진행중,안전운전불이행,건조,흐림,단일로 - 기타,승용,남,48세,상해없음,승용,남,62세,경상
2013093000100578,2013년 9월 30일 23시,월요일,광주광역시 북구 용봉동,경상사고,0,0,1,0,차대차 - 기타,안전운전불이행,건조,맑음,기타 - 기타,승용,여,15세,상해없음,이륜,남,24세,경상
2013100100100035,2013년 10월 1일 02시,화요일,광주광역시 북구 용봉동,경상사고,0,0,2,0,차대차 - 추돌 - 주정차중,안전운전불이행,건조,맑음,단일로 - 기타,승용,남,44세,상해없음,승용,남,63세,경상
2013100100100118,2013년 10월 1일 07시,화요일,광주광역시 북구 운암동,경상사고,0,0,1,0,차대차 - 기타,안전운전불이행,건조,맑음,단일로 - 기타,승용,남,55세,상해없음,승용,남,40세,경상
2013100100100186,2013년 10월 1일 09시,화요일,광주광역시 남구 송하동,경상사고,0,0,2,0,차대차 - 추돌 - 주정차중,안전운전불이행,건조,맑음,교차로 - 교차로부근,승용,남,37세,경상,승용,여,61세,경상
2013100100100210,2013년 10월 1일 10시,화요일,광주광역시 북구 장등동,중상사고,0,1,2,0,차대차 - 측면직각충돌,안전운전불이행,건조,맑음,단일로 - 기타,승용,남,65세,중상,승용,남,68세,경상
2013100100100235,2013년 10월 1일 11시,화요일,광주광역시 서구 치평동,부상신고사고,0,0,0,1,차대차 - 측면직각충돌,안전운전불이행,건조,맑음,단일로 - 기타,자전거,남,52세,부상신고,승용,남,56세,상해없음
2013100100100236,2013년 10월 1일 11시,화요일,광주광역시 남구 양과동,중상사고,0,1,3,0,차대차 - 측면직각충돌,신호위반,건조,맑음,교차로 - 교차로안,승용,여,36세,경상,승합,남,49세,경상
2013100100100263,2013년 10월 1일 12시,화요일,광주광역시 동구 월남동,중상사고,0,1,0,0,차대사람 - 기타,안전운전불이행,건조,맑음,단일로 - 기타,화물,남,29세,상해없음,보행자,남,65세,중상
2013100100100264,2013년 10월 1일 12시,화요일,광주광역시 서구 매월동,경상사고,0,0,1,0,차대차 - 기타,안전운전불이행,건조,맑음,기타 - 기타,승용,남,75세,상해없음,승용,여,46세,경상
2013100100100265,2013년 10월 1일 12시,화요일,광주광역시 북구 우산동,중상사고,0,1,0,0,차대차 - 기타,교차로운행방법위반,건조,맑음,교차로 - 교차로안,원동기,남,38세,중상,승용,남,57세,상해없음
2013100100100359,2013년 10월 1일 15시,화요일,광주광역시 남구 주월동,경상사고,0,0,3,0,차대차 - 측면직각충돌,안전운전불이행,건조,맑음,단일로 - 기타,승용,남,42세,경상,승용,여,22세,경상
2013100100100386,2013년 10월 1일 16시,화요일,광주광역시 서구 화정동,경상사고,0,0,2,0,차대사람 - 보도통행중,신호위반,건조,흐림,교차로 - 교차로안,자전거,남,14세,기타불명,보행자,여,14세,경상
2013100100100469,2013년 10월 1일 18시,화요일,광주광역시 서구 유촌동,경상사고,0,0,1,0,차대사람 - 차도통행중,안전운전불이행,습기,비,단일로 - 기타,승용,여,46세,상해없음,보행자,남,32세,경상
2013100100100470,2013년 10월 1일 18시,화요일,광주광역시 서구 화정동,경상사고,0,0,1,0,차대사람 - 기타,안전운전불이행,습기,비,단일로 - 기타,기타불명,기타불명,기타불명,기타불명,보행자,여,15세,경상
2013100100100471,2013년 10월 1일 18시,화요일,광주광역시 북구 운암동,경상사고,0,0,1,0,차대사람 - 기타,안전운전불이행,건조,흐림,단일로 - 기타,이륜,남,62세,상해없음,보행자,여,71세,경상
2013100100100472,2013년 10월 1일 18시,화요일,광주광역시 북구 각화동,중상사고,0,1,0,0,차대사람 - 횡단중,안전운전불이행,습기,비,단일로 - 횡단보도상,승용,남,61세,상해없음,보행자,여,67세,중상
2013100100100514,2013년 10월 1일 19시,화요일,광주광역시 광산구 안청동,부상신고사고,0,0,0,1,차대차 - 측면직각충돌,안전운전불이행,습기,비,교차로 - 교차로안,화물,남,35세,상해없음,승용,남,44세,부상신고
2013100100100550,2013년 10월 1일 20시,화요일,광주광역시 북구 우산동,경상사고,0,0,1,0,차대차 - 추돌 - 주정차중,안전운전불이행,건조,맑음,교차로 - 교차로부근,승용,남,54세,상해없음,승용,여,48세,상해없음
2013100100100551,2013년 10월 1일 20시,화요일,광주광역시 북구 용봉동,경상사고,0,0,2,0,차대차 - 측면직각충돌,신호위반,습기,맑음,교차로 - 교차로안,승용,남,54세,상해없음,승용,남,47세,상해없음
2013100100100552,2013년 10월 1일 20시,화요일,광주광역시 광산구 하남동,중상사고,0,1,0,0,차대차 - 측면직각충돌,차로위반,습기,비,단일로 - 기타,화물,남,34세,상해없음,승용,남,22세,중상
2013100100100553,2013년 10월 1일 20시,화요일,광주광역시 광산구 소촌동,중상사고,0,1,0,0,차대사람 - 횡단중,안전운전불이행,습기,비,교차로 - 교차로안,승용,남,23세,상해없음,보행자,여,69세,중상
2013100100100582,2013년 10월 1일 21시,화요일,광주광역시 동구 대인동,중상사고,0,1,1,0,차대차 - 정면충돌,신호위반,습기,비,교차로 - 교차로안,승용,여,44세,상해없음,승용,여,51세,경상
2013100100100583,2013년 10월 1일 21시,화요일,광주광역시 서구 풍암동,경상사고,0,0,1,0,차대차 - 측면직각충돌,안전거리미확보,습기,비,단일로 - 기타,승용,남,42세,상해없음,승용,남,30세,경상
2013100100100584,2013년 10월 1일 21시,화요일,광주광역시 서구 화정동,경상사고,0,0,2,0,차대차 - 기타,안전거리미확보,습기,비,교차로 - 교차로안,승용,남,28세,상해없음,승용,남,43세,경상
2013100100100606,2013년 10월 1일 22시,화요일,광주광역시 서구 치평동,경상사고,0,0,1,0,차대사람 - 횡단중,안전운전불이행,습기,비,단일로 - 기타,승용,남,66세,상해없음,보행자,여,30세,경상
2013100100100607,2013년 10월 1일 22시,화요일,광주광역시 광산구 송정동,경상사고,0,0,1,0,차대차 - 기타,안전운전불이행,습기,비,교차로 - 교차로부근,승용,남,44세,상해없음,승용,남,30세,경상
2013100100100626,2013년 10월 1일 23시,화요일,광주광역시 동구 동명동,경상사고,0,0,1,0,차대차 - 추돌 - 주정차중,안전운전불이행,건조,맑음,교차로 - 교차로부근,승용,남,54세,상해없음,승용,남,35세,경상
2013100200100020,2013년 10월 2일 00시,수요일,광주광역시 광산구 송정동,경상사고,0,0,2,0,차대차 - 추돌 - 주정차중,안전운전불이행,건조,맑음,교차로 - 교차로부근,승용,남,53세,상해없음,승용,남,48세,상해없음
2013100200100030,2013년 10월 2일 01시,수요일,광주광역시 북구 용봉동,경상사고,0,0,1,0,차대차 - 추돌 - 진행중,안전운전불이행,습기,비,교차로 - 교차로부근,승용,남,42세,상해없음,승용,남,26세,경상
2013100200100042,2013년 10월 2일 03시,수요일,광주광역시 동구 수기동,경상사고,0,0,3,0,차대차 - 측면직각충돌,신호위반,습기,비,교차로 - 교차로안,승용,여,48세,상해없음,승용,남,19세,경상
2013100200100047,2013년 10월 2일 04시,수요일,광주광역시 북구 중흥동,경상사고,0,0,1,0,차대사람 - 차도통행중,안전운전불이행,습기,비,교차로 - 교차로안,승용,남,32세,상해없음,보행자,남,31세,경상
2013100200100067,2013년 10월 2일 06시,수요일,광주광역시 광산구 월계동,경상사고,0,0,1,0,차대차 - 기타,신호위반,건조,맑음,교차로 - 교차로부근,승용,여,55세,상해없음,자전거,여,59세,경상
2013100200100093,2013년 10월 2일 07시,수요일,광주광역시 남구 주월동,경상사고,0,0,2,0,차대사람 - 횡단중,신호위반,건조,맑음,교차로 - 교차로부근,자전거,남,75세,경상,보행자,여,19세,경상
2013100200100094,2013년 10월 2일 07시,수요일,광주광역시 광산구 안청동,경상사고,0,0,1,0,차대차 - 추돌 - 주정차중,안전운전불이행,습기,흐림,단일로 - 기타,화물,남,34세,상해없음,승용,남,42세,경상
2013100200100111,2013년 10월 2일 08시,수요일,광주광역시 서구 치평동,경상사고,0,0,3,0,차대차 - 추돌 - 진행중,안전거리미확보,건조,기타,단일로 - 기타,승용,남,57세,상해없음,승용,여,51세,경상
2013100200100112,2013년 10월 2일 08시,수요일,광주광역시 남구 백운동,중상사고,0,1,1,0,차대차 - 기타,교차로운행방법위반,건조,맑음,교차로 - 교차로안,승용,여,52세,상해없음,원동기,남,29세,중상
2013100200100113,2013년 10월 2일 08시,수요일,광주광역시 북구 용전동,경상사고,0,0,2,0,차대차 - 기타,신호위반,습기,흐림,교차로 - 교차로안,승용,여,23세,상해없음,승용,남,42세,경상
2013100200100144,2013년 10월 2일 09시,수요일,광주광역시 서구 화정동,경상사고,0,0,2,0,차대차 - 추돌 - 진행중,안전거리미확보,건조,맑음,단일로 - 기타,승합,남,57세,상해없음,승용,남,43세,경상
2013100200100168,2013년 10월 2일 10시,수요일,광주광역시 남구 월산동,중상사고,0,1,0,0,차대사람 - 횡단중,보행자보호의무위반,건조,흐림,단일로 - 기타,승용,남,67세,상해없음,보행자,남,77세,중상
2013100200100197,2013년 10월 2일 11시,수요일,광주광역시 서구 풍암동,경상사고,0,0,2,0,차대차 - 측면직각충돌,안전거리미확보,건조,맑음,교차로 - 교차로안,화물,남,46세,경상,승합,남,58세,경상
2013100200100198,2013년 10월 2일 11시,수요일,광주광역시 북구 풍향동,경상사고,0,0,1,0,차대차 - 추돌 - 진행중,안전거리미확보,건조,맑음,교차로 - 교차로안,승합,남,56세,상해없음,승용,남,48세,경상
2013100200100218,2013년 10월 2일 12시,수요일,광주광역시 서구 화정동,경상사고,0,0,1,0,차대차 - 기타,불법유턴,건조,맑음,단일로 - 기타,승합,남,63세,상해없음,승용,남,31세,경상
2013100200100219,2013년 10월 2일 12시,수요일,광주광역시 남구 송하동,경상사고,0,0,1,0,차대차 - 측면직각충돌,신호위반,건조,맑음,교차로 - 교차로안,자전거,남,18세,경상,승합,남,54세,상해없음
2013100200100284,2013년 10월 2일 14시,수요일,광주광역시 남구 지석동,중상사고,0,1,0,0,차대사람 - 기타,안전운전불이행,건조,맑음,교차로 - 교차로안,승합,남,61세,상해없음,보행자,남,8세,중상
2013100200100285,2013년 10월 2일 14시,수요일,광주광역시 북구 임동,경상사고,0,0,1,0,차대사람 - 횡단중,보행자보호의무위반,건조,맑음,단일로 - 기타,승용,남,51세,상해없음,보행자,남,7세,경상
2013100200100317,2013년 10월 2일 15시,수요일,광주광역시 광산구 운수동,경상사고,0,0,2,0,차대차 - 추돌 - 진행중,안전운전불이행,건조,맑음,교차로 - 교차로안,승용,남,48세,상해없음,승용,남,29세,경상
2013100200100448,2013년 10월 2일 18시,수요일,광주광역시 서구 화정동,경상사고,0,0,1,0,차대사람 - 횡단중,안전운전불이행,건조,맑음,단일로 - 기타,원동기,남,16세,상해없음,보행자,여,14세,경상
2013100200100449,2013년 10월 2일 18시,수요일,광주광역시 서구 농성동,경상사고,0,0,3,0,차대차 - 추돌 - 주정차중,안전운전불이행,건조,맑음,단일로 - 기타,승용,남,55세,상해없음,승용,남,23세,경상
2013100200100450,2013년 10월 2일 18시,수요일,광주광역시 남구 진월동,경상사고,0,0,1,0,차대차 - 측면직각충돌,안전거리미확보,건조,맑음,교차로 - 교차로부근,승용,남,53세,상해없음,승용,남,45세,경상
2013100200100451,2013년 10월 2일 18시,수요일,광주광역시 남구 주월동,경상사고,0,0,2,0,차대차 - 추돌 - 진행중,차로위반,건조,맑음,단일로 - 기타,이륜,남,22세,경상,승용,남,36세,경상
2013100200100452,2013년 10월 2일 18시,수요일,광주광역시 북구 신안동,경상사고,0,0,2,0,차대차 - 측면직각충돌,안전운전불이행,건조,맑음,교차로 - 교차로안,승용,남,25세,상해없음,승용,여,33세,경상
2013100200100453,2013년 10월 2일 18시,수요일,광주광역시 북구 북동,중상사고,0,1,0,0,차대사람 - 기타,안전운전불이행,건조,맑음,단일로 - 기타,승합,남,58세,상해없음,보행자,여,68세,중상
2013100200100454,2013년 10월 2일 18시,수요일,광주광역시 광산구 신가동,경상사고,0,0,1,0,차대차 - 기타,보행자보호의무위반,건조,맑음,기타 - 기타,승용,남,70세,상해없음,자전거,남,8세,경상
2013100200100504,2013년 10월 2일 19시,수요일,광주광역시 서구 치평동,경상사고,0,0,1,0,차대차 - 측면직각충돌,신호위반,건조,맑음,교차로 - 교차로안,승용,남,26세,상해없음,승용,남,46세,경상
2013100200100505,2013년 10월 2일 19시,수요일,광주광역시 광산구 신창동,경상사고,0,0,1,0,차대사람 - 횡단중,보행자보호의무위반,건조,맑음,교차로 - 교차로부근,승용,남,42세,상해없음,보행자,남,3세,경상
2013100200100506,2013년 10월 2일 19시,수요일,광주광역시 광산구 신가동,경상사고,0,0,2,0,차대차 - 추돌 - 진행중,안전거리미확보,건조,맑음,단일로 - 기타,승용,남,27세,상해없음,승용,남,38세,경상
2013100200100539,2013년 10월 2일 20시,수요일,광주광역시 북구 두암동,경상사고,0,0,1,0,차대차 - 추돌 - 진행중,안전운전불이행,건조,맑음,교차로 - 교차로부근,화물,남,64세,상해없음,승용,여,57세,경상
2013100200100566,2013년 10월 2일 21시,수요일,광주광역시 서구 매월동,경상사고,0,0,4,0,차대차 - 추돌 - 주정차중,안전거리미확보,건조,맑음,단일로 - 기타,승용,남,55세,상해없음,승용,남,30세,경상
2013100200100602,2013년 10월 2일 22시,수요일,광주광역시 북구 풍향동,경상사고,0,0,1,0,차대차 - 측면직각충돌,안전거리미확보,건조,맑음,교차로 - 교차로부근,승용,여,38세,상해없음,승용,여,26세,경상
2013100300100024,2013년 10월 3일 00시,목요일,광주광역시 북구 신안동,경상사고,0,0,1,0,차대사람 - 횡단중,보행자보호의무위반,건조,맑음,단일로 - 횡단보도상,승용,남,49세,상해없음,보행자,남,23세,경상
2013100300100050,2013년 10월 3일 01시,목요일,광주광역시 광산구 장덕동,경상사고,0,0,1,0,차대차 - 추돌 - 진행중,안전운전불이행,건조,맑음,단일로 - 기타,승합,남,31세,상해없음,자전거,남,52세,경상
2013100300100069,2013년 10월 3일 02시,목요일,광주광역시 남구 진월동,부상신고사고,0,0,0,2,차대사람 - 기타,교차로운행방법위반,건조,맑음,교차로 - 교차로부근,승용,남,36세,상해없음,보행자,남,21세,부상신고
2013100300100087,2013년 10월 3일 03시,목요일,광주광역시 동구 금남로5가,경상사고,0,0,1,0,차대차 - 추돌 - 진행중,안전거리미확보,건조,기타,교차로 - 교차로부근,승용,남,52세,상해없음,승용,남,21세,경상
2013100300100119,2013년 10월 3일 05시,목요일,광주광역시 서구 유촌동,중상사고,0,1,0,0,차대차 - 추돌 - 주정차중,안전운전불이행,건조,맑음,교차로 - 교차로부근,승용,남,33세,상해없음,승용,남,46세,중상
2013100300100149,2013년 10월 3일 07시,목요일,광주광역시 동구 산수동,경상사고,0,0,2,0,차대차 - 측면직각충돌,불법유턴,건조,맑음,교차로 - 교차로부근,승용,남,29세,경상,승용,여,45세,경상
2013100300100150,2013년 10월 3일 07시,목요일,광주광역시 남구 승촌동,중상사고,0,1,1,0,차대차 - 측면직각충돌,안전운전불이행,건조,맑음,단일로 - 기타,자전거,남,33세,경상,자전거,여,54세,중상
2013100300100192,2013년 10월 3일 09시,목요일,광주광역시 서구 동천동,경상사고,0,0,1,0,차대차 - 추돌 - 주정차중,안전거리미확보,건조,맑음,단일로 - 교량,화물,남,35세,상해없음,승용,남,46세,경상
2013100300100266,2013년 10월 3일 12시,목요일,광주광역시 북구 오치동,경상사고,0,0,1,0,차대차 - 기타,안전거리미확보,건조,맑음,단일로 - 기타,승용,여,52세,상해없음,이륜,남,40세,경상
2013100300100285,2013년 10월 3일 13시,목요일,광주광역시 남구 월산동,중상사고,0,1,0,0,차대차 - 기타,안전운전불이행,건조,맑음,교차로 - 교차로부근,승용,남,25세,상해없음,이륜,남,44세,중상
2013100300100315,2013년 10월 3일 14시,목요일,광주광역시 서구 풍암동,경상사고,0,0,1,0,차대차 - 측면직각충돌,안전운전불이행,건조,맑음,교차로 - 교차로부근,승용,남,48세,상해없음,자전거,남,14세,경상
2013100300100349,2013년 10월 3일 15시,목요일,광주광역시 광산구 지평동,경상사고,0,0,3,0,차대차 - 추돌 - 진행중,안전운전불이행,건조,맑음,단일로 - 기타,승용,여,35세,상해없음,승용,남,26세,경상
2013100300100400,2013년 10월 3일 16시,목요일,광주광역시 북구 중흥동,중상사고,0,1,1,0,차대사람 - 차도통행중,안전운전불이행,건조,맑음,교차로 - 교차로부근,승용,남,51세,상해없음,보행자,여,68세,중상
2013100300100433,2013년 10월 3일 17시,목요일,광주광역시 서구 화정동,경상사고,0,0,1,0,차대차 - 기타,안전운전불이행,건조,맑음,단일로 - 기타,승용,남,30세,상해없음,자전거,남,66세,경상
2013100300100475,2013년 10월 3일 18시,목요일,광주광역시 서구 매월동,경상사고,0,0,1,0,차대차 - 측면직각충돌,안전운전불이행,건조,맑음,교차로 - 교차로안,기타불명,기타불명,기타불명,기타불명,승용,남,38세,경상
2013100300100476,2013년 10월 3일 18시,목요일,광주광역시 광산구 소촌동,중상사고,0,1,6,0,차대차 - 측면직각충돌,중앙선침범,건조,맑음,교차로 - 교차로부근,승용,남,28세,경상,승용,남,26세,경상
2013100300100516,2013년 10월 3일 19시,목요일,광주광역시 북구 두암동,경상사고,0,0,1,0,차대사람 - 횡단중,안전운전불이행,건조,맑음,단일로 - 기타,승용,여,36세,상해없음,보행자,여,79세,경상
2013100300100545,2013년 10월 3일 20시,목요일,광주광역시 동구 대인동,경상사고,0,0,1,0,차대사람 - 기타,안전운전불이행,건조,맑음,단일로 - 기타,승용,여,48세,상해없음,보행자,여,19세,경상
2013100300100546,2013년 10월 3일 20시,목요일,광주광역시 서구 화정동,경상사고,0,0,1,0,차대차 - 추돌 - 진행중,안전운전불이행,건조,맑음,단일로 - 기타,승용,여,29세,상해없음,승용,남,41세,경상
2013100300100547,2013년 10월 3일 20시,목요일,광주광역시 서구 치평동,부상신고사고,0,0,0,1,차대차 - 기타,안전운전불이행,건조,맑음,단일로 - 기타,승용,기타불명,기타불명,기타불명,이륜,남,16세,부상신고
2013100300100548,2013년 10월 3일 20시,목요일,광주광역시 남구 방림동,경상사고,0,0,2,0,차량단독 - 기타,기타,건조,맑음,단일로 - 기타,승용,남,54세,상해없음,,,,
2013100300100581,2013년 10월 3일 21시,목요일,광주광역시 북구 운암동,경상사고,0,0,1,0,차대차 - 기타,안전운전불이행,건조,맑음,단일로 - 기타,화물,남,24세,상해없음,원동기,남,31세,경상
2013100300100599,2013년 10월 3일 22시,목요일,광주광역시 광산구 월곡동,경상사고,0,0,2,0,차대차 - 추돌 - 주정차중,안전운전불이행,건조,맑음,교차로 - 교차로부근,승용,남,47세,상해없음,승용,남,56세,경상
2013100400100019,2013년 10월 4일 00시,금요일,광주광역시 광산구 수완동,경상사고,0,0,2,0,차대차 - 기타,안전운전불이행,건조,맑음,단일로 - 기타,승용,남,29세,상해없음,승용,남,45세,상해없음
2013100400100105,2013년 10월 4일 07시,금요일,광주광역시 광산구 월계동,중상사고,0,1,0,0,차대사람 - 차도통행중,안전운전불이행,건조,맑음,단일로 - 기타,승용,여,45세,상해없음,보행자,여,21세,중상
2013100400100128,2013년 10월 4일 08시,금요일,광주광역시 북구 동림동,경상사고,0,0,2,0,차대차 - 추돌 - 진행중,안전거리미확보,건조,맑음,단일로 - 기타,승용,여,48세,상해없음,승용,여,53세,경상
2013100400100129,2013년 10월 4일 08시,금요일,광주광역시 광산구 월곡동,경상사고,0,0,1,0,차대차 - 추돌 - 진행중,신호위반,건조,맑음,교차로 - 교차로안,승용,남,33세,상해없음,승용,남,50세,경상
2013100400100219,2013년 10월 4일 11시,금요일,광주광역시 북구 동림동,경상사고,0,0,1,0,차대차 - 측면직각충돌,차로위반,건조,맑음,단일로 - 기타,화물,남,51세,상해없음,승용,남,47세,경상