사고번호,사고일시,요일,시군구,사고내용,사망자수,중상자수,경상자수,부상신고자수,사고유형,법규위반,노면상태,기상상태,도로형태,가해운전자 차종,가해운전자 성별,가해운전자 연령,가해운전자 상해정도,피해운전자 차종,피해운전자 성별,피해운전자 연령,피해운전자 상해정도
2013101400100527,2013년 10월 14일 18시,월요일,광주광역시 광산구 신가동,경상사고,0,0,1,0,차대차 - 기타,신호위반,건조,맑음,교차로 - 교차로안,이륜,남,36세,경상,승용,남,59세,상해없음
2013101400100573,2013년 10월 14일 19시,월요일,광주광역시 광산구 하남동,경상사고,0,0,1,0,차대차 - 측면직각충돌,안전운전불이행,건조,맑음,단일로 - 기타,승용,남,30세,상해없음,자전거,남,31세,경상
2013101400100666,2013년 10월 14일 22시,월요일,광주광역시 북구 오치동,경상사고,0,0,1,0,차대차 - 추돌 - 진행중,안전거리미확보,건조,맑음,교차로 - 교차로안,승용,남,43세,상해없음,승용,남,39세,경상
2013101400100667,2013년 10월 14일 22시,월요일,광주광역시 북구 풍향동,경상사고,0,0,1,0,차대사람 - 기타,기타,건조,맑음,단일로 - 기타,승합,남,52세,상해없음,보행자,여,56세,경상
2013101400100689,2013년 10월 14일 23시,월요일,광주광역시 서구 내방동,경상사고,0,0,2,0,차대차 - 측면직각충돌,안전운전불이행,건조,맑음,교차로 - 교차로안,승용,남,65세,상해없음,승용,여,50세,경상
2013101400100690,2013년 10월 14일 23시,월요일,광주광역시 서구 치평동,경상사고,0,0,1,0,차대차 - 측면직각충돌,신호위반,건조,맑음,교차로 - 교차로안,승용,남,66세,상해없음,승용,남,21세,상해없음
2013101400100691,2013년 10월 14일 23시,월요일,광주광역시 광산구 우산동,경상사고,0,0,3,0,차대차 - 추돌 - 진행중,안전운전불이행,건조,맑음,단일로 - 기타,승용,남,28세,상해없음,승용,여,43세,경상
2013101500100019,2013년 10월 15일 00시,화요일,광주광역시 동구 산수동,경상사고,0,0,1,0,차량단독 - 공작물충돌,안전운전불이행,건조,맑음,단일로 - 기타,승용,남,41세,경상,,,,
2013101500100028,2013년 10월 15일 01시,화요일,광주광역시 서구 광천동,중상사고,0,1,0,0,차대차 - 측면직각충돌,안전운전불이행,건조,맑음,교차로 - 교차로부근,승용,남,44세,상해없음,이륜,남,16세,중상
2013101500100033,2013년 10월 15일 02시,화요일,광주광역시 북구 망월동,경상사고,0,0,1,0,차량단독 - 전도전복,안전운전불이행,건조,맑음,단일로 - 기타,승용,남,43세,경상,,,,
2013101500100034,2013년 10월 15일 02시,화요일,광주광역시 광산구 쌍암동,경상사고,0,0,2,0,차대차 - 추돌 - 진행중,안전운전불이행,건조,맑음,단일로 - 기타,승용,기타불명,기타불명,기타불명,승용,남,52세,상해없음
2013101500100045,2013년 10월 15일 04시,화요일,광주광역시 동구 학동,경상사고,0,0,2,1,차대차 - 추돌 - 진행중,교차로운행방법위반,건조,맑음,교차로 - 교차로안,승용,여,21세,상해없음,승용,남,36세,경상
2013101500100068,2013년 10월 15일 06시,화요일,광주광역시 북구 양산동,중상사고,0,1,0,0,차대차 - 기타,교차로운행방법위반,건조,맑음,교차로 - 교차로안,승용,남,44세,상해없음,자전거,남,50세,중상
2013101500100216,2013년 10월 15일 12시,화요일,광주광역시 북구 신안동,경상사고,0,0,1,0,차대차 - 추돌 - 주정차중,기타,건조,맑음,기타 - 기타,화물,남,53세,상해없음,승용,남,32세,상해없음
2013101500100330,2013년 10월 15일 16시,화요일,광주광역시 광산구 월계동,경상사고,0,0,1,0,차대사람 - 기타,안전운전불이행,건조,맑음,단일로 - 기타,승용,여,28세,상해없음,보행자,남,20세,경상
2013101500100424,2013년 10월 15일 18시,화요일,광주광역시 남구 송하동,경상사고,0,0,3,0,차대차 - 측면직각충돌,신호위반,건조,맑음,교차로 - 교차로부근,승용,여,38세,상해없음,승용,남,32세,경상
2013101500100425,2013년 10월 15일 18시,화요일,광주광역시 북구 각화동,경상사고,0,0,3,0,차대차 - 추돌 - 진행중,안전운전불이행,건조,맑음,단일로 - 기타,화물,남,29세,상해없음,승용,남,34세,경상
2013101500100426,2013년 10월 15일 18시,화요일,광주광역시 북구 유동,경상사고,0,0,4,0,차대차 - 측면직각충돌,안전거리미확보,건조,맑음,단일로 - 기타,승용,여,62세,경상,승용,남,22세,경상
2013101500100427,2013년 10월 15일 18시,화요일,광주광역시 광산구 장덕동,경상사고,0,0,1,0,차대차 - 추돌 - 주정차중,안전운전불이행,건조,맑음,교차로 - 교차로부근,승용,여,47세,상해없음,승용,여,28세,경상
2013101500100510,2013년 10월 15일 20시,화요일,광주광역시 서구 화정동,경상사고,0,0,2,0,차대차 - 추돌 - 주정차중,안전운전불이행,건조,맑음,단일로 - 기타,승용,남,34세,상해없음,승용,남,42세,경상
2013101500100565,2013년 10월 15일 22시,화요일,광주광역시 서구 쌍촌동,경상사고,0,0,2,0,차대차 - 측면직각충돌,중앙선침범,건조,흐림,단일로 - 기타,승용,여,47세,상해없음,승용,남,30세,경상
2013101500100566,2013년 10월 15일 22시,화요일,광주광역시 북구 용봉동,중상사고,0,2,0,0,차대사람 - 횡단중,안전운전불이행,건조,맑음,단일로 - 기타,승용,남,46세,상해없음,보행자,여,48세,중상
2013101500100567,2013년 10월 15일 22시,화요일,광주광역시 북구 중흥동,경상사고,0,0,1,0,차대차 - 측면직각충돌,교차로운행방법위반,건조,맑음,교차로 - 교차로부근,승용,남,55세,상해없음,승용,남,41세,경상
2013101500100568,2013년 10월 15일 22시,화요일,광주광역시 북구 동림동,경상사고,0,0,1,0,차대차 - 측면직각충돌,교차로운행방법위반,건조,맑음,단일로 - 기타,자전거,남,75세,경상,승용,남,34세,상해없음
2013101500100589,2013년 10월 15일 23시,화요일,광주광역시 서구 치평동,경상사고,0,0,1,0,차대차 - 추돌 - 주정차중,안전운전불이행,건조,맑음,단일로 - 기타,승용,남,53세,상해없음,승용,남,53세,경상
2013101600100029,2013년 10월 16일 01시,수요일,광주광역시 동구 불로동,중상사고,0,1,0,0,차대사람 - 기타,안전운전불이행,건조,맑음,단일로 - 기타,승용,남,58세,상해없음,보행자,남,26세,중상
2013101600100030,2013년 10월 16일 01시,수요일,광주광역시 북구 일곡동,경상사고,0,0,2,0,차대차 - 기타,중앙선침범,건조,맑음,단일로 - 기타,승용,남,29세,상해없음,승용,남,54세,경상
2013101600100040,2013년 10월 16일 02시,수요일,광주광역시 광산구 우산동,경상사고,0,0,2,0,차대차 - 기타,직진우회전진행방해,건조,맑음,교차로 - 교차로안,화물,남,47세,상해없음,승용,남,44세,경상
2013101600100122,2013년 10월 16일 07시,수요일,광주광역시 서구 치평동,경상사고,0,0,2,0,차대차 - 측면직각충돌,교차로운행방법위반,건조,맑음,교차로 - 교차로안,승용,남,67세,상해없음,승용,남,39세,경상
2013101600100248,2013년 10월 16일 10시,수요일,광주광역시 북구 동림동,경상사고,0,0,2,0,차대차 - 추돌 - 진행중,안전운전불이행,건조,맑음,단일로 - 기타,승용,남,57세,상해없음,승용,남,48세,경상
2013101600100249,2013년 10월 16일 10시,수요일,광주광역시 광산구 오선동,경상사고,0,0,1,0,차대차 - 기타,안전운전불이행,건조,맑음,교차로 - 교차로안,화물,남,45세,상해없음,승용,남,22세,경상
2013101600100286,2013년 10월 16일 11시,수요일,광주광역시 광산구 수완동,경상사고,0,0,1,0,차대차 - 기타,차로위반,건조,맑음,단일로 - 기타,승용,남,55세,상해없음,승용,남,27세,경상
2013101600100476,2013년 10월 16일 17시,수요일,광주광역시 북구 운암동,중상사고,0,1,9,0,차대차 - 측면직각충돌,안전거리미확보,건조,맑음,단일로 - 기타,승용,여,56세,상해없음,승용,남,53세,경상
2013101600100477,2013년 10월 16일 17시,수요일,광주광역시 광산구 소촌동,경상사고,0,0,2,0,차대사람 - 기타,교차로운행방법위반,건조,맑음,교차로 - 교차로안,승용,남,46세,상해없음,보행자,남,36세,경상
2013101600100526,2013년 10월 16일 18시,수요일,광주광역시 서구 광천동,경상사고,0,0,1,0,차대차 - 측면직각충돌,안전거리미확보,건조,맑음,단일로 - 기타,승용,남,61세,상해없음,승용,남,27세,상해없음
2013101600100527,2013년 10월 16일 18시,수요일,광주광역시 남구 봉선동,중상사고,0,1,0,0,차대차 - 기타,안전운전불이행,건조,맑음,교차로 - 교차로부근,승용,남,52세,상해없음,자전거,남,24세,중상
2013101600100562,2013년 10월 16일 19시,수요일,광주광역시 서구 양동,부상신고사고,0,0,0,1,차대사람 - 기타,안전운전불이행,건조,맑음,단일로 - 기타,화물,남,61세,상해없음,보행자,남,65세,부상신고
2013101600100563,2013년 10월 16일 19시,수요일,광주광역시 남구 주월동,경상사고,0,0,1,0,차대사람 - 길가장자리구역통행중,안전운전불이행,건조,맑음,단일로 - 기타,승용,여,30세,상해없음,보행자,남,15세,경상
2013101600100564,2013년 10월 16일 19시,수요일,광주광역시 광산구 우산동,경상사고,0,0,1,0,차대사람 - 기타,안전운전불이행,건조,맑음,단일로 - 기타,승용,남,62세,상해없음,보행자,여,75세,경상
2013101700100019,2013년 10월 17일 00시,목요일,광주광역시 광산구 수완동,경상사고,0,0,1,0,차대차 - 추돌 - 주정차중,안전운전불이행,건조,맑음,교차로 - 교차로부근,승용,남,40세,상해없음,승용,남,37세,상해없음
2013101700100020,2013년 10월 17일 00시,목요일,광주광역시 광산구 월계동,중상사고,0,1,0,0,차대차 - 측면직각충돌,신호위반,건조,맑음,교차로 - 교차로안,승용,남,40세,상해없음,승용,남,47세,중상
2013101700100048,2013년 10월 17일 03시,목요일,광주광역시 서구 쌍촌동,경상사고,0,0,2,0,차대차 - 기타,안전거리미확보,건조,맑음,교차로 - 교차로부근,승용,남,37세,상해없음,승용,남,47세,경상
2013101700100082,2013년 10월 17일 06시,목요일,광주광역시 서구 쌍촌동,경상사고,0,0,1,0,차대차 - 측면직각충돌,안전운전불이행,건조,맑음,단일로 - 기타,승용,남,52세,상해없음,자전거,남,45세,경상
2013101700100111,2013년 10월 17일 07시,목요일,광주광역시 북구 임동,경상사고,0,0,5,0,차대차 - 추돌 - 진행중,중앙선침범,건조,맑음,단일로 - 기타,승합,남,51세,상해없음,승용,남,37세,경상
2013101700100112,2013년 10월 17일 07시,목요일,광주광역시 광산구 월전동,경상사고,0,0,1,0,차대차 - 추돌 - 진행중,신호위반,건조,맑음,교차로 - 교차로안,화물,남,40세,상해없음,승용,남,38세,경상
2013101700100147,2013년 10월 17일 08시,목요일,광주광역시 북구 연제동,경상사고,0,0,1,0,차대차 - 기타,중앙선침범,건조,맑음,단일로 - 기타,자전거,여,38세,경상,화물,남,68세,상해없음
2013101700100148,2013년 10월 17일 08시,목요일,광주광역시 광산구 장덕동,경상사고,0,0,2,0,차대차 - 측면직각충돌,교차로운행방법위반,건조,맑음,교차로 - 교차로안,승용,여,42세,경상,승용,남,30세,경상
2013101700100292,2013년 10월 17일 14시,목요일,광주광역시 북구 신안동,경상사고,0,0,1,0,차대차 - 측면직각충돌,기타,건조,맑음,단일로 - 기타,승용,남,75세,상해없음,자전거,여,58세,경상
2013101700100318,2013년 10월 17일 15시,목요일,광주광역시 남구 양림동,중상사고,0,1,0,0,차대차 - 측면직각충돌,안전운전불이행,건조,맑음,교차로 - 교차로안,승용,여,31세,상해없음,이륜,남,76세,중상
2013101700100383,2013년 10월 17일 17시,목요일,광주광역시 광산구 우산동,경상사고,0,0,4,0,차대차 - 기타,안전거리미확보,건조,맑음,단일로 - 기타,승용,여,51세,상해없음,승용,남,35세,상해없음
2013101700100478,2013년 10월 17일 20시,목요일,광주광역시 북구 용봉동,경상사고,0,0,1,0,차대차 - 측면직각충돌,안전거리미확보,건조,맑음,단일로 - 기타,승용,남,32세,상해없음,승용,남,58세,경상
2013101700100517,2013년 10월 17일 21시,목요일,광주광역시 동구 호남동,중상사고,0,1,0,0,차대차 - 측면직각충돌,안전거리미확보,건조,맑음,교차로 - 교차로부근,화물,남,63세,상해없음,원동기,남,38세,중상
2013101700100544,2013년 10월 17일 22시,목요일,광주광역시 서구 치평동,경상사고,0,0,1,0,차대차 - 측면직각충돌,안전운전불이행,건조,맑음,교차로 - 교차로부근,승용,남,53세,상해없음,승용,남,41세,경상
2013101700100566,2013년 10월 17일 23시,목요일,광주광역시 광산구 운수동,경상사고,0,0,2,0,차대차 - 추돌 - 진행중,안전운전불이행,건조,맑음,교차로 - 교차로부근,승용,남,41세,상해없음,화물,남,56세,경상
2013101800100116,2013년 10월 18일 07시,금요일,광주광역시 북구 삼각동,사망사고,1,0,0,0,차대차 - 측면직각충돌,안전운전불이행,건조,맑음,단일로 - 기타,승용,남,50세,상해없음,자전거,남,74세,사망
2013101800100165,2013년 10월 18일 08시,금요일,광주광역시 북구 두암동,중상사고,0,1,0,0,차대차 - 측면직각충돌,안전운전불이행,건조,맑음,교차로 - 교차로안,승용,여,48세,상해없음,이륜,남,18세,중상
2013101800100166,2013년 10월 18일 08시,금요일,광주광역시 북구 일곡동,경상사고,0,0,2,0,차대차 - 측면직각충돌,안전운전불이행,건조,맑음,단일로 - 기타,화물,여,53세,상해없음,승용,여,35세,경상
2013101800100167,2013년 10월 18일 08시,금요일,광주광역시 광산구 신창동,경상사고,0,0,1,0,차대차 - 기타,차로위반,건조,맑음,교차로 - 교차로안,승용,여,59세,상해없음,승용,남,46세,경상
2013101800100194,2013년 10월 18일 09시,금요일,광주광역시 서구 풍암동,경상사고,0,0,3,0,차대차 - 측면직각충돌,안전운전불이행,건조,맑음,교차로 - 교차로안,승용,남,45세,상해없음,승용,남,29세,경상
2013101800100227,2013년 10월 18일 10시,금요일,광주광역시 서구 쌍촌동,중상사고,0,1,0,0,차대사람 - 횡단중,안전운전불이행,건조,맑음,단일로 - 기타,승용,여,44세,상해없음,보행자,여,72세,중상
2013101800100279,2013년 10월 18일 12시,금요일,광주광역시 북구 두암동,중상사고,0,1,0,0,차대사람 - 횡단중,안전운전불이행,건조,맑음,교차로 - 교차로부근,승용,남,49세,상해없음,보행자,남,66세,중상
2013101800100280,2013년 10월 18일 12시,금요일,광주광역시 북구 대촌동,경상사고,0,0,1,0,차대차 - 정면충돌,안전운전불이행,건조,맑음,단일로 - 기타,자전거,남,30세,경상,승용,여,31세,상해없음
2013101800100281,2013년 10월 18일 12시,금요일,광주광역시 북구 임동,중상사고,0,1,0,0,차대차 - 기타,안전운전불이행,건조,맑음,단일로 - 기타,승용,남,25세,상해없음,승용,남,42세,중상
2013101800100310,2013년 10월 18일 13시,금요일,광주광역시 북구 중흥동,중상사고,0,1,0,0,차대사람 - 횡단중,안전운전불이행,건조,맑음,단일로 - 기타,승용,남,45세,상해없음,보행자,남,42세,중상
2013101800100345,2013년 10월 18일 14시,금요일,광주광역시 서구 치평동,경상사고,0,0,3,0,차대차 - 기타,안전운전불이행,건조,맑음,교차로 - 교차로부근,승용,남,77세,경상,승용,남,55세,경상
2013101800100346,2013년 10월 18일 14시,금요일,광주광역시 북구 양산동,경상사고,0,0,3,0,차대차 - 추돌 - 진행중,안전거리미확보,건조,맑음,단일로 - 기타,승용,여,49세,경상,승용,여,41세,경상
2013101800100381,2013년 10월 18일 15시,금요일,광주광역시 서구 풍암동,중상사고,0,1,0,0,차대사람 - 횡단중,안전운전불이행,건조,맑음,단일로 - 기타,승용,여,71세,상해없음,보행자,여,11세,중상
2013101800100382,2013년 10월 18일 15시,금요일,광주광역시 북구 동림동,경상사고,0,0,1,0,차대차 - 추돌 - 진행중,안전거리미확보,건조,맑음,단일로 - 기타,화물,남,57세,상해없음,화물,남,35세,경상
2013101800100383,2013년 10월 18일 15시,금요일,광주광역시 북구 문흥동,중상사고,0,1,0,0,차대차 - 측면직각충돌,교차로운행방법위반,건조,맑음,교차로 - 교차로안,승용,여,35세,상해없음,승용,여,55세,중상
2013101800100384,2013년 10월 18일 15시,금요일,광주광역시 북구 동림동,경상사고,0,0,1,0,차대차 - 기타,신호위반,건조,맑음,교차로 - 교차로안,자전거,남,19세,경상,승용,남,72세,상해없음
2013101800100419,2013년 10월 18일 16시,금요일,광주광역시 서구 화정동,경상사고,0,0,1,0,차대차 - 측면직각충돌,차로위반,건조,맑음,단일로 - 기타,이륜,남,47세,상해없음,승용,남,26세,경상
2013101800100420,2013년 10월 18일 16시,금요일,광주광역시 광산구 우산동,경상사고,0,0,1,0,차대차 - 측면직각충돌,교차로운행방법위반,건조,맑음,교차로 - 교차로안,승용,여,57세,상해없음,승용,여,21세,경상
2013101800100469,2013년 10월 18일 17시,금요일,광주광역시 동구 금남로1가,중상사고,0,1,0,0,차량단독 - 기타,기타,건조,맑음,단일로 - 기타,승합,남,51세,상해없음,,,,
2013101800100538,2013년 10월 18일 18시,금요일,광주광역시 북구 동림동,중상사고,0,1,4,0,차대차 - 추돌 - 진행중,안전운전불이행,건조,맑음,단일로 - 기타,화물,남,51세,상해없음,승용,남,42세,중상
2013101800100539,2013년 10월 18일 18시,금요일,광주광역시 광산구 소촌동,경상사고,0,0,1,0,차대차 - 기타,안전거리미확보,건조,맑음,교차로 - 교차로부근,승용,남,33세,상해없음,원동기,남,20세,경상
2013101800100586,2013년 10월 18일 19시,금요일,광주광역시 서구 화정동,경상사고,0,0,2,0,차대차 - 기타,교차로운행방법위반,건조,맑음,교차로 - 교차로안,이륜,남,25세,경상,승용,남,54세,경상
2013101800100635,2013년 10월 18일 20시,금요일,광주광역시 서구 동천동,경상사고,0,0,1,0,차대사람 - 기타,불법유턴,건조,맑음,기타 - 기타,승용,남,46세,기타불명,보행자,남,44세,경상
2013101800100636,2013년 10월 18일 20시,금요일,광주광역시 북구 용봉동,중상사고,0,1,0,0,차대사람 - 횡단중,보행자보호의무위반,건조,맑음,교차로 - 교차로부근,화물,남,49세,상해없음,보행자,남,65세,중상
2013101800100637,2013년 10월 18일 20시,금요일,광주광역시 북구 동림동,중상사고,0,1,3,0,차대차 - 기타,안전운전불이행,건조,맑음,단일로 - 기타,승용,남,27세,상해없음,승용,남,29세,경상
2013101800100638,2013년 10월 18일 20시,금요일,광주광역시 북구 운암동,경상사고,0,0,1,0,차대사람 - 기타,안전운전불이행,건조,맑음,단일로 - 기타,자전거,남,21세,상해없음,보행자,여,23세,경상
2013101800100639,2013년 10월 18일 20시,금요일,광주광역시 북구 용봉동,경상사고,0,0,1,0,차대차 - 추돌 - 주정차중,안전운전불이행,건조,맑음,교차로 - 교차로안,승용,남,56세,상해없음,승용,여,40세,경상
2013101800100640,2013년 10월 18일 20시,금요일,광주광역시 광산구 삼거동,경상사고,0,0,2,0,차대차 - 측면직각충돌,기타,건조,맑음,교차로 - 교차로안,승합,남,67세,상해없음,화물,남,53세,경상
2013101800100641,2013년 10월 18일 20시,금요일,광주광역시 광산구 안청동,경상사고,0,0,1,0,차대사람 - 기타,안전운전불이행,건조,맑음,단일로 - 기타,승용,남,58세,상해없음,보행자,여,47세,경상
2013101800100679,2013년 10월 18일 21시,금요일,광주광역시 남구 월산동,경상사고,0,0,2,0,차대차 - 기타,안전운전불이행,건조,맑음,교차로 - 교차로부근,승용,남,51세,상해없음,승용,여,55세,경상
2013101800100732,2013년 10월 18일 23시,금요일,광주광역시 서구 쌍촌동,경상사고,0,0,1,0,차대차 - 측면직각충돌,안전운전불이행,건조,맑음,단일로 - 기타,승용,여,38세,상해없음,승용,남,53세,상해없음
2013101800100733,2013년 10월 18일 23시,금요일,광주광역시 서구 풍암동,경상사고,0,0,1,0,차대차 - 측면직각충돌,안전운전불이행,건조,맑음,단일로 - 기타,승용,남,37세,상해없음,승용,남,47세,경상
2013101800100734,2013년 10월 18일 23시,금요일,광주광역시 광산구 월곡동,경상사고,0,0,1,0,차대차 - 기타,중앙선침범,건조,맑음,단일로 - 기타,승용,남,24세,상해없음,이륜,남,20세,경상
2013101900100049,2013년 10월 19일 01시,토요일,광주광역시 서구 치평동,경상사고,0,0,1,0,차대차 - 기타,안전운전불이행,건조,맑음,단일로 - 기타,승용,남,44세,상해없음,승용,남,49세,경상
2013101900100110,2013년 10월 19일 05시,토요일,광주광역시 광산구 월계동,경상사고,0,0,2,0,차대차 - 추돌 - 진행중,안전거리미확보,건조,맑음,단일로 - 기타,승용,남,27세,상해없음,승용,남,40세,경상
2013101900100129,2013년 10월 19일 06시,토요일,광주광역시 남구 월산동,경상사고,0,0,1,0,차대차 - 기타,안전운전불이행,건조,맑음,단일로 - 기타,승용,남,29세,상해없음,승용,남,56세,경상
2013101900100186,2013년 10월 19일 09시,토요일,광주광역시 북구 신안동,부상신고사고,0,0,0,1,차대사람 - 길가장자리구역통행중,안전운전불이행,건조,맑음,단일로 - 기타,기타불명,기타불명,기타불명,기타불명,보행자,남,41세,부상신고
2013101900100211,2013년 10월 19일 10시,토요일,광주광역시 동구 충장로4가,경상사고,0,0,1,0,차대사람 - 기타,안전운전불이행,건조,맑음,단일로 - 기타,승합,남,25세,상해없음,보행자,남,23세,경상
2013101900100212,2013년 10월 19일 10시,토요일,광주광역시 광산구 월전동,경상사고,0,0,2,0,차대차 - 추돌 - 진행중,차로위반,건조,맑음,단일로 - 기타,승용,남,29세,상해없음,승용,남,53세,경상
2013101900100256,2013년 10월 19일 12시,토요일,광주광역시 서구 치평동,경상사고,0,0,1,0,차대차 - 측면직각충돌,중앙선침범,건조,맑음,단일로 - 기타,승용,남,42세,상해없음,승용,남,31세,경상
2013101900100257,2013년 10월 19일 12시,토요일,광주광역시 남구 봉선동,경상사고,0,0,3,0,차대차 - 측면직각충돌,교차로운행방법위반,건조,맑음,교차로 - 교차로안,승용,남,64세,경상,승용,여,40세,경상
2013101900100258,2013년 10월 19일 12시,토요일,광주광역시 북구 양산동,경상사고,0,0,1,0,차대사람 - 기타,보행자보호의무위반,건조,맑음,단일로 - 횡단보도상,화물,남,48세,상해없음,보행자,남,6세,경상
2013101900100303,2013년 10월 19일 13시,토요일,광주광역시 북구 두암동,중상사고,0,1,0,0,차량단독 - 기타,기타,건조,맑음,단일로 - 기타,승합,남,53세,상해없음,,,,
2013101900100331,2013년 10월 19일 14시,토요일,광주광역시 서구 화정동,경상사고,0,0,1,0,차대차 - 측면직각충돌,안전운전불이행,건조,맑음,단일로 - 기타,승용,여,54세,상해없음,화물,남,26세,경상
2013101900100332,2013년 10월 19일 14시,토요일,광주광역시 광산구 소촌동,경상사고,0,0,1,0,차대차 - 기타,중앙선침범,건조,맑음,미분류 - 미분류,자전거,여,17세,경상,승용,남,33세,상해없음
2013101900100396,2013년 10월 19일 16시,토요일,광주광역시 북구 두암동,경상사고,0,0,4,0,차대차 - 추돌 - 진행중,교차로운행방법위반,건조,맑음,교차로 - 교차로안,승합,남,75세,상해없음,승용,남,34세,경상
2013101900100483,2013년 10월 19일 18시,토요일,광주광역시 동구 동명동,중상사고,0,1,0,0,차대사람 - 길가장자리구역통행중,안전운전불이행,건조,맑음,단일로 - 기타,승용,남,55세,상해없음,보행자,여,82세,중상
2013101900100484,2013년 10월 19일 18시,토요일,광주광역시 동구 소태동,경상사고,0,0,2,0,차대차 - 추돌 - 주정차중,안전거리미확보,건조,맑음,단일로 - 기타,승용,여,30세,상해없음,승용,남,42세,경상
2013101900100485,2013년 10월 19일 18시,토요일,광주광역시 북구 오치동,부상신고사고,0,0,0,1,차대차 - 측면직각충돌,교차로운행방법위반,건조,맑음,교차로 - 교차로안,화물,남,55세,상해없음,화물,남,53세,부상신고
2013101900100520,2013년 10월 19일 19시,토요일,광주광역시 북구 신안동,경상사고,0,0,1,0,차대차 - 추돌 - 주정차중,안전운전불이행,건조,맑음,단일로 - 기타,승용,남,73세,상해없음,승용,남,39세,경상
2013101900100521,2013년 10월 19일 19시,토요일,광주광역시 광산구 월곡동,경상사고,0,0,1,0,차대차 - 측면직각충돌,안전운전불이행,건조,맑음,단일로 - 기타,원동기,남,18세,경상,승용,남,35세,상해없음
2013101900100559,2013년 10월 19일 20시,토요일,광주광역시 남구 진월동,경상사고,0,0,2,0,차대차 - 기타,안전거리미확보,건조,맑음,단일로 - 기타,승용,남,50세,상해없음,승용,남,44세,경상
2013101900100560,2013년 10월 19일 20시,토요일,광주광역시 북구 신안동,경상사고,0,0,1,0,차대차 - 측면직각충돌,안전거리미확보,건조,맑음,단일로 - 기타,승용,남,19세,상해없음,이륜,남,22세,경상
2013101900100561,2013년 10월 19일 20시,토요일,광주광역시 광산구 신촌동,사망사고,1,0,0,0,차대사람 - 횡단중,안전운전불이행,건조,맑음,단일로 - 기타,화물,남,58세,상해없음,보행자,여,71세,사망
2013101900100562,2013년 10월 19일 20시,토요일,광주광역시 광산구 신가동,경상사고,0,0,1,0,차대차 - 기타,안전운전불이행,건조,맑음,교차로 - 교차로부근,승용,여,43세,상해없음,승용,남,31세,경상
2013101900100593,2013년 10월 19일 21시,토요일,광주광역시 북구 신안동,경상사고,0,0,3,0,차대차 - 측면직각충돌,안전운전불이행,건조,맑음,단일로 - 기타,승용,남,28세,상해없음,승용,남,51세,경상
2013101900100594,2013년 10월 19일 21시,토요일,광주광역시 광산구 수완동,경상사고,0,0,1,0,차대차 - 측면직각충돌,안전운전불이행,건조,맑음,교차로 - 교차로부근,승용,남,48세,상해없음,자전거,남,37세,경상
2013101900100622,2013년 10월 19일 22시,토요일,광주광역시 남구 백운동,경상사고,0,0,1,0,차대차 - 측면직각충돌,교차로운행방법위반,건조,맑음,교차로 - 교차로안,승용,남,46세,상해없음,승용,여,55세,상해없음
2013101900100623,2013년 10월 19일 22시,토요일,광주광역시 북구 용봉동,경상사고,0,0,1,0,차대사람 - 횡단중,안전운전불이행,건조,맑음,교차로 - 교차로부근,승용,남,19세,상해없음,보행자,남,59세,경상
2013102000100024,2013년 10월 20일 00시,일요일,광주광역시 서구 쌍촌동,경상사고,0,0,1,0,차대차 - 측면직각충돌,교차로운행방법위반,건조,흐림,단일로 - 기타,승용,남,65세,상해없음,이륜,남,25세,경상
2013102000100056,2013년 10월 20일 02시,일요일,광주광역시 서구 동천동,경상사고,0,0,6,0,차대차 - 측면직각충돌,교차로운행방법위반,건조,맑음,교차로 - 교차로안,승용,남,48세,상해없음,승용,여,21세,경상
2013102000100057,2013년 10월 20일 02시,일요일,광주광역시 광산구 우산동,경상사고,0,0,1,0,차대차 - 측면직각충돌,중앙선침범,건조,맑음,단일로 - 기타,승용,남,34세,상해없음,승용,남,54세,경상
2013102000100058,2013년 10월 20일 02시,일요일,광주광역시 광산구 송정동,사망사고,1,2,0,0,차량단독 - 공작물충돌,안전운전불이행,건조,맑음,단일로 - 기타,승용,남,25세,사망,,,,
2013102000100135,2013년 10월 20일 08시,일요일,광주광역시 북구 두암동,중상사고,0,1,0,0,차대차 - 측면직각충돌,교차로운행방법위반,건조,맑음,교차로 - 교차로안,승용,여,63세,상해없음,승용,여,31세,중상
2013102000100158,2013년 10월 20일 09시,일요일,광주광역시 광산구 산정동,경상사고,0,0,1,1,차대차 - 측면직각충돌,교차로운행방법위반,건조,맑음,교차로 - 교차로안,화물,남,61세,부상신고,승합,남,49세,상해없음
2013102000100184,2013년 10월 20일 10시,일요일,광주광역시 동구 호남동,경상사고,0,0,1,0,차대차 - 기타,안전운전불이행,건조,맑음,교차로 - 교차로안,승용,여,43세,상해없음,승용,여,38세,경상
2013102000100264,2013년 10월 20일 13시,일요일,광주광역시 동구 학동,경상사고,0,0,1,0,차대차 - 측면직각충돌,신호위반,건조,맑음,교차로 - 교차로안,승용,남,56세,상해없음,승합,남,53세,경상