사고번호,사고일시,요일,시군구,사고내용,사망자수,중상자수,경상자수,부상신고자수,사고유형,법규위반,노면상태,기상상태,도로형태,가해운전자 차종,가해운전자 성별,가해운전자 연령,가해운전자 상해정도,피해운전자 차종,피해운전자 성별,피해운전자 연령,피해운전자 상해정도
2013103000100351,2013년 10월 30일 14시,수요일,광주광역시 서구 농성동,중상사고,0,1,0,0,차대사람 - 횡단중,안전운전불이행,건조,맑음,단일로 - 기타,원동기,남,54세,상해없음,보행자,여,79세,중상
2013103000100414,2013년 10월 30일 16시,수요일,광주광역시 광산구 신가동,경상사고,0,0,2,0,차대차 - 측면직각충돌,중앙선침범,건조,맑음,교차로 - 교차로부근,승용,남,30세,상해없음,승용,여,37세,경상
2013103000100439,2013년 10월 30일 17시,수요일,광주광역시 남구 월산동,중상사고,0,1,0,0,차대차 - 기타,안전거리미확보,건조,맑음,교차로 - 교차로부근,승용,여,29세,상해없음,원동기,남,57세,중상
2013103000100440,2013년 10월 30일 17시,수요일,광주광역시 광산구 장덕동,경상사고,0,0,1,0,차대차 - 측면직각충돌,신호위반,건조,맑음,교차로 - 교차로안,승용,남,49세,상해없음,승합,여,46세,경상
2013103000100441,2013년 10월 30일 17시,수요일,광주광역시 광산구 우산동,경상사고,0,0,2,0,차대차 - 추돌 - 진행중,안전운전불이행,건조,맑음,단일로 - 기타,승용,여,38세,상해없음,승용,남,33세,경상
2013103000100493,2013년 10월 30일 18시,수요일,광주광역시 서구 화정동,경상사고,0,0,1,0,차대차 - 추돌 - 진행중,안전운전불이행,건조,맑음,단일로 - 기타,승용,남,75세,상해없음,승용,여,66세,경상
2013103000100494,2013년 10월 30일 18시,수요일,광주광역시 남구 양과동,중상사고,0,1,2,0,차대차 - 기타,안전거리미확보,건조,맑음,단일로 - 기타,화물,남,57세,중상,승용,남,53세,상해없음
2013103000100495,2013년 10월 30일 18시,수요일,광주광역시 남구 방림동,경상사고,0,0,2,0,차대차 - 추돌 - 주정차중,안전운전불이행,건조,맑음,교차로 - 교차로부근,승용,남,69세,상해없음,승용,여,21세,경상
2013103000100541,2013년 10월 30일 19시,수요일,광주광역시 서구 치평동,경상사고,0,0,1,0,차대차 - 측면직각충돌,중앙선침범,건조,맑음,단일로 - 기타,승용,남,28세,상해없음,승용,여,39세,경상
2013103000100567,2013년 10월 30일 20시,수요일,광주광역시 광산구 신가동,경상사고,0,0,2,0,차대차 - 측면직각충돌,중앙선침범,건조,맑음,단일로 - 기타,승용,남,47세,경상,승용,여,41세,경상
2013103000100610,2013년 10월 30일 21시,수요일,광주광역시 광산구 신가동,경상사고,0,0,1,0,차대차 - 측면직각충돌,안전운전불이행,건조,맑음,단일로 - 교량,승용,기타불명,기타불명,기타불명,승용,남,54세,상해없음
2013103100100020,2013년 10월 31일 00시,목요일,광주광역시 광산구 신창동,경상사고,0,0,1,0,차대차 - 정면충돌,중앙선침범,건조,맑음,단일로 - 기타,승용,남,36세,상해없음,승용,남,60세,경상
2013103100100038,2013년 10월 31일 01시,목요일,광주광역시 북구 오치동,중상사고,0,1,2,0,차대차 - 측면직각충돌,신호위반,건조,맑음,교차로 - 교차로안,승용,여,70세,중상,승용,남,52세,경상
2013103100100060,2013년 10월 31일 03시,목요일,광주광역시 광산구 하남동,경상사고,0,0,1,0,차대차 - 측면직각충돌,교차로운행방법위반,건조,맑음,교차로 - 교차로안,화물,남,27세,상해없음,화물,남,31세,경상
2013103100100183,2013년 10월 31일 09시,목요일,광주광역시 서구 매월동,중상사고,0,1,1,0,차대차 - 정면충돌,교차로운행방법위반,건조,맑음,교차로 - 교차로안,화물,남,34세,경상,화물,남,40세,중상
2013103100100184,2013년 10월 31일 09시,목요일,광주광역시 북구 운암동,경상사고,0,0,2,0,차대차 - 기타,신호위반,건조,맑음,교차로 - 교차로안,승용,여,40세,상해없음,승용,남,27세,경상
2013103100100185,2013년 10월 31일 09시,목요일,광주광역시 광산구 소촌동,중상사고,0,1,2,0,차대차 - 기타,안전거리미확보,건조,맑음,단일로 - 기타,승합,남,61세,상해없음,승용,남,24세,경상
2013103100100186,2013년 10월 31일 09시,목요일,광주광역시 광산구 송정동,중상사고,0,1,0,0,차대차 - 측면직각충돌,교차로운행방법위반,건조,맑음,교차로 - 교차로안,승합,남,73세,상해없음,자전거,남,65세,중상
2013103100100217,2013년 10월 31일 10시,목요일,광주광역시 서구 동천동,경상사고,0,0,5,0,차대차 - 추돌 - 진행중,안전운전불이행,건조,맑음,단일로 - 기타,승용,여,54세,경상,승용,남,24세,경상
2013103100100311,2013년 10월 31일 14시,목요일,광주광역시 광산구 월계동,경상사고,0,0,1,0,차대차 - 측면직각충돌,교차로운행방법위반,건조,맑음,교차로 - 교차로부근,승용,여,69세,상해없음,승용,남,38세,경상
2013103100100350,2013년 10월 31일 15시,목요일,광주광역시 북구 중흥동,경상사고,0,0,1,0,차대차 - 기타,신호위반,건조,맑음,교차로 - 교차로안,승용,남,70세,상해없음,승용,남,51세,경상
2013103100100351,2013년 10월 31일 15시,목요일,광주광역시 북구 용봉동,경상사고,0,0,1,0,차대사람 - 횡단중,안전운전불이행,건조,맑음,단일로 - 기타,승용,남,46세,상해없음,보행자,남,8세,경상
2013103100100352,2013년 10월 31일 15시,목요일,광주광역시 광산구 도산동,경상사고,0,0,2,0,차대차 - 기타,안전거리미확보,건조,맑음,단일로 - 기타,승용,남,26세,상해없음,승용,남,63세,경상
2013103100100397,2013년 10월 31일 16시,목요일,광주광역시 서구 쌍촌동,경상사고,0,0,1,0,차대사람 - 횡단중,보행자보호의무위반,건조,맑음,단일로 - 횡단보도상,기타불명,기타불명,기타불명,기타불명,보행자,남,14세,경상
2013103100100491,2013년 10월 31일 18시,목요일,광주광역시 서구 마륵동,경상사고,0,0,1,0,차대사람 - 횡단중,신호위반,건조,맑음,단일로 - 기타,승용,남,49세,상해없음,보행자,여,28세,경상
2013103100100521,2013년 10월 31일 19시,목요일,광주광역시 남구 백운동,중상사고,0,1,0,0,차대사람 - 횡단중,신호위반,건조,맑음,단일로 - 횡단보도상,화물,남,53세,상해없음,보행자,여,50세,중상
2013103100100522,2013년 10월 31일 19시,목요일,광주광역시 북구 양산동,경상사고,0,0,2,0,차대차 - 기타,중앙선침범,건조,맑음,단일로 - 기타,화물,남,38세,상해없음,승용,여,55세,경상
2013103100100523,2013년 10월 31일 19시,목요일,광주광역시 광산구 운남동,경상사고,0,0,1,0,차대차 - 측면직각충돌,신호위반,건조,맑음,교차로 - 교차로안,승용,여,70세,상해없음,승용,여,53세,경상
2013103100100559,2013년 10월 31일 20시,목요일,광주광역시 서구 유촌동,경상사고,0,0,1,0,차대차 - 측면직각충돌,신호위반,건조,맑음,교차로 - 교차로안,승용,남,27세,상해없음,이륜,남,53세,경상
2013103100100560,2013년 10월 31일 20시,목요일,광주광역시 서구 치평동,경상사고,0,0,3,0,차대차 - 기타,안전거리미확보,건조,맑음,단일로 - 기타,승용,여,24세,기타불명,승용,여,33세,경상
2013103100100561,2013년 10월 31일 20시,목요일,광주광역시 남구 진월동,중상사고,0,1,0,0,차대사람 - 기타,안전운전불이행,건조,맑음,교차로 - 교차로부근,승용,남,46세,상해없음,보행자,남,45세,중상
2013103100100562,2013년 10월 31일 20시,목요일,광주광역시 광산구 소촌동,경상사고,0,0,1,0,차대차 - 측면직각충돌,안전거리미확보,건조,맑음,단일로 - 기타,승용,남,59세,상해없음,화물,남,51세,경상
2013103100100590,2013년 10월 31일 21시,목요일,광주광역시 광산구 신가동,경상사고,0,0,1,0,차대사람 - 횡단중,신호위반,건조,맑음,교차로 - 교차로부근,승용,여,34세,상해없음,보행자,여,18세,경상
2013103100100591,2013년 10월 31일 21시,목요일,광주광역시 광산구 도산동,중상사고,0,1,0,0,차대차 - 추돌 - 진행중,안전운전불이행,건조,맑음,단일로 - 기타,원동기,남,16세,상해없음,승합,남,67세,상해없음
2013110100100022,2013년 11월 1일 00시,금요일,광주광역시 북구 신안동,경상사고,0,0,5,0,차대차 - 측면직각충돌,안전거리미확보,건조,맑음,단일로 - 기타,승용,남,24세,경상,승용,남,45세,경상
2013110100100023,2013년 11월 1일 00시,금요일,광주광역시 북구 매곡동,경상사고,0,0,1,0,차대사람 - 횡단중,안전운전불이행,건조,맑음,교차로 - 교차로안,승용,남,58세,상해없음,보행자,남,56세,경상
2013110100100066,2013년 11월 1일 04시,금요일,광주광역시 서구 쌍촌동,중상사고,0,2,0,0,차대차 - 측면직각충돌,안전운전불이행,건조,맑음,교차로 - 교차로안,원동기,남,28세,상해없음,원동기,남,21세,중상
2013110100100067,2013년 11월 1일 04시,금요일,광주광역시 서구 화정동,중상사고,0,1,0,0,차대사람 - 기타,안전운전불이행,건조,맑음,단일로 - 기타,승용,여,45세,상해없음,보행자,남,26세,중상
2013110100100165,2013년 11월 1일 08시,금요일,광주광역시 남구 주월동,중상사고,0,1,0,0,차대사람 - 차도통행중,안전운전불이행,건조,맑음,교차로 - 교차로부근,화물,남,43세,상해없음,보행자,남,15세,중상
2013110100100166,2013년 11월 1일 08시,금요일,광주광역시 광산구 도천동,경상사고,0,0,1,0,차대차 - 추돌 - 진행중,안전거리미확보,건조,맑음,단일로 - 기타,승합,남,36세,기타불명,승용,남,27세,경상
2013110100100167,2013년 11월 1일 08시,금요일,광주광역시 광산구 하산동,중상사고,0,1,1,0,차대차 - 정면충돌,안전운전불이행,건조,맑음,단일로 - 기타,화물,남,54세,상해없음,이륜,남,71세,중상
2013110100100210,2013년 11월 1일 09시,금요일,광주광역시 서구 광천동,경상사고,0,0,1,0,차량단독 - 기타,안전운전불이행,건조,맑음,단일로 - 기타,승합,남,61세,상해없음,,,,
2013110100100228,2013년 11월 1일 10시,금요일,광주광역시 서구 금호동,중상사고,0,1,0,0,차대사람 - 기타,보행자보호의무위반,건조,맑음,교차로 - 교차로부근,승용,남,61세,상해없음,보행자,남,76세,중상
2013110100100247,2013년 11월 1일 11시,금요일,광주광역시 북구 두암동,중상사고,0,1,0,0,차대사람 - 기타,안전운전불이행,건조,맑음,단일로 - 기타,승합,남,48세,상해없음,보행자,여,88세,중상
2013110100100281,2013년 11월 1일 12시,금요일,광주광역시 서구 금호동,경상사고,0,0,5,0,차대차 - 측면직각충돌,차로위반,건조,맑음,교차로 - 교차로부근,승합,남,58세,기타불명,승용,여,53세,경상
2013110100100376,2013년 11월 1일 15시,금요일,광주광역시 북구 유동,경상사고,0,0,1,0,차대차 - 기타,안전거리미확보,건조,맑음,단일로 - 기타,승용,여,43세,상해없음,원동기,남,34세,경상
2013110100100377,2013년 11월 1일 15시,금요일,광주광역시 광산구 장덕동,경상사고,0,0,2,0,차대차 - 추돌 - 진행중,안전거리미확보,건조,맑음,단일로 - 기타,승용,남,31세,상해없음,승용,여,54세,경상
2013110100100405,2013년 11월 1일 16시,금요일,광주광역시 남구 월산동,경상사고,0,0,2,0,차대차 - 기타,안전운전불이행,건조,맑음,교차로 - 교차로안,승용,여,46세,상해없음,승용,여,31세,경상
2013110100100443,2013년 11월 1일 17시,금요일,광주광역시 서구 광천동,경상사고,0,0,1,0,차대차 - 측면직각충돌,차로위반,건조,맑음,단일로 - 기타,승용,남,25세,상해없음,승용,여,40세,경상
2013110100100444,2013년 11월 1일 17시,금요일,광주광역시 북구 각화동,경상사고,0,0,2,0,차대차 - 추돌 - 주정차중,안전운전불이행,건조,맑음,단일로 - 기타,승용,남,71세,상해없음,승용,남,39세,경상
2013110100100512,2013년 11월 1일 18시,금요일,광주광역시 북구 신안동,경상사고,0,0,1,0,차대차 - 기타,안전운전불이행,건조,맑음,단일로 - 기타,승합,남,52세,상해없음,승용,남,48세,경상
2013110100100556,2013년 11월 1일 19시,금요일,광주광역시 서구 양동,경상사고,0,0,1,0,차대차 - 측면직각충돌,교차로운행방법위반,건조,맑음,교차로 - 교차로안,승용,남,60세,상해없음,승용,여,54세,경상
2013110100100557,2013년 11월 1일 19시,금요일,광주광역시 서구 유촌동,경상사고,0,0,2,0,차대차 - 기타,교차로운행방법위반,건조,맑음,교차로 - 교차로안,승용,여,23세,경상,승용,남,42세,기타불명
2013110100100558,2013년 11월 1일 19시,금요일,광주광역시 남구 진월동,경상사고,0,0,3,0,차대차 - 측면직각충돌,차로위반,건조,맑음,기타 - 기타,승합,남,52세,상해없음,승용,남,33세,경상
2013110100100559,2013년 11월 1일 19시,금요일,광주광역시 북구 신안동,경상사고,0,0,3,0,차대차 - 측면직각충돌,안전운전불이행,건조,맑음,단일로 - 기타,승용,남,29세,경상,승용,남,50세,경상
2013110100100589,2013년 11월 1일 20시,금요일,광주광역시 남구 월산동,경상사고,0,0,1,0,차대차 - 추돌 - 주정차중,안전운전불이행,건조,맑음,교차로 - 교차로부근,승용,남,59세,상해없음,승용,여,28세,경상
2013110100100590,2013년 11월 1일 20시,금요일,광주광역시 광산구 도산동,경상사고,0,0,1,0,차대차 - 기타,중앙선침범,건조,맑음,단일로 - 기타,기타불명,기타불명,기타불명,기타불명,자전거,남,44세,경상
2013110100100623,2013년 11월 1일 21시,금요일,광주광역시 동구 소태동,경상사고,0,0,4,0,차대차 - 추돌 - 주정차중,안전운전불이행,건조,맑음,기타 - 기타,화물,남,59세,상해없음,승용,남,39세,경상
2013110100100667,2013년 11월 1일 23시,금요일,광주광역시 서구 내방동,경상사고,0,0,1,0,차대차 - 측면직각충돌,신호위반,건조,맑음,교차로 - 교차로안,승용,남,43세,상해없음,승용,여,40세,경상
2013110200100024,2013년 11월 2일 00시,토요일,광주광역시 북구 양산동,경상사고,0,0,1,0,차대사람 - 기타,안전운전불이행,건조,맑음,단일로 - 기타,승용,남,53세,상해없음,보행자,여,39세,경상
2013110200100043,2013년 11월 2일 01시,토요일,광주광역시 서구 치평동,경상사고,0,0,3,0,차대차 - 측면직각충돌,교차로운행방법위반,건조,맑음,교차로 - 교차로안,승용,남,48세,상해없음,승용,남,27세,경상
2013110200100074,2013년 11월 2일 03시,토요일,광주광역시 남구 진월동,사망사고,1,0,0,0,차대사람 - 차도통행중,안전운전불이행,건조,맑음,교차로 - 교차로부근,승용,남,32세,상해없음,보행자,남,84세,사망
2013110200100121,2013년 11월 2일 07시,토요일,광주광역시 광산구 도천동,경상사고,0,0,1,0,차대차 - 기타,교차로운행방법위반,건조,맑음,교차로 - 교차로안,화물,남,46세,상해없음,원동기,남,36세,경상
2013110200100171,2013년 11월 2일 09시,토요일,광주광역시 서구 치평동,경상사고,0,0,1,0,차대차 - 측면직각충돌,교차로운행방법위반,건조,맑음,교차로 - 교차로안,승용,남,48세,상해없음,승용,여,33세,경상
2013110200100277,2013년 11월 2일 12시,토요일,광주광역시 서구 양동,경상사고,0,0,2,0,차대차 - 추돌 - 주정차중,안전운전불이행,건조,맑음,교차로 - 교차로부근,승용,남,42세,상해없음,승용,남,29세,경상
2013110200100441,2013년 11월 2일 16시,토요일,광주광역시 북구 오치동,경상사고,0,0,1,0,차대사람 - 기타,안전운전불이행,건조,맑음,단일로 - 기타,화물,남,23세,상해없음,보행자,남,14세,경상
2013110200100442,2013년 11월 2일 16시,토요일,광주광역시 광산구 신창동,중상사고,0,1,0,0,차대차 - 측면직각충돌,직진우회전진행방해,건조,맑음,교차로 - 교차로안,승용,여,52세,상해없음,원동기,남,32세,중상
2013110200100485,2013년 11월 2일 17시,토요일,광주광역시 서구 화정동,경상사고,0,0,1,0,차대사람 - 기타,안전운전불이행,건조,맑음,단일로 - 기타,승용,기타불명,기타불명,기타불명,보행자,남,11세,경상
2013110200100486,2013년 11월 2일 17시,토요일,광주광역시 남구 송하동,경상사고,0,0,3,0,차대차 - 추돌 - 주정차중,안전운전불이행,건조,맑음,단일로 - 기타,승용,남,52세,경상,승용,여,33세,경상
2013110200100487,2013년 11월 2일 17시,토요일,광주광역시 광산구 복룡동,경상사고,0,0,2,1,차대차 - 추돌 - 진행중,안전운전불이행,건조,맑음,단일로 - 기타,화물,남,45세,부상신고,승용,남,49세,경상
2013110200100556,2013년 11월 2일 18시,토요일,광주광역시 동구 용산동,경상사고,0,0,4,0,차대차 - 추돌 - 진행중,안전운전불이행,건조,맑음,단일로 - 기타,화물,남,43세,상해없음,승용,남,42세,경상
2013110200100557,2013년 11월 2일 18시,토요일,광주광역시 동구 대인동,중상사고,0,1,0,0,차대사람 - 횡단중,안전운전불이행,건조,맑음,단일로 - 기타,승용,남,28세,상해없음,보행자,여,62세,중상
2013110200100558,2013년 11월 2일 18시,토요일,광주광역시 동구 계림동,경상사고,0,0,3,0,차대차 - 기타,안전거리미확보,건조,맑음,기타 - 기타,승용,여,61세,상해없음,승용,여,52세,경상
2013110200100559,2013년 11월 2일 18시,토요일,광주광역시 서구 농성동,사망사고,1,0,0,0,차대차 - 추돌 - 주정차중,안전운전불이행,건조,맑음,단일로 - 기타,승용,남,44세,사망,승용,남,31세,기타불명
2013110200100560,2013년 11월 2일 18시,토요일,광주광역시 북구 오치동,부상신고사고,0,0,0,1,차대차 - 기타,안전운전불이행,건조,맑음,단일로 - 기타,이륜,남,24세,부상신고,승용,여,57세,상해없음
2013110200100561,2013년 11월 2일 18시,토요일,광주광역시 광산구 신가동,경상사고,0,0,1,0,차대차 - 추돌 - 주정차중,안전거리미확보,건조,맑음,단일로 - 기타,승용,남,32세,상해없음,승용,여,42세,경상
2013110200100619,2013년 11월 2일 19시,토요일,광주광역시 남구 주월동,중상사고,0,1,0,0,차대사람 - 길가장자리구역통행중,안전운전불이행,건조,맑음,교차로 - 교차로안,승용,남,43세,상해없음,보행자,남,63세,중상
2013110200100654,2013년 11월 2일 20시,토요일,광주광역시 남구 월산동,부상신고사고,0,0,0,1,차대사람 - 횡단중,안전운전불이행,건조,맑음,단일로 - 기타,기타불명,기타불명,기타불명,기타불명,보행자,여,69세,부상신고
2013110200100753,2013년 11월 2일 23시,토요일,광주광역시 북구 두암동,경상사고,0,0,1,0,차대차 - 추돌 - 진행중,안전운전불이행,건조,맑음,단일로 - 기타,승용,남,42세,상해없음,승용,남,31세,경상
2013110200100754,2013년 11월 2일 23시,토요일,광주광역시 북구 오룡동,경상사고,0,0,1,0,차대차 - 기타,안전운전불이행,건조,맑음,단일로 - 기타,승용,남,25세,상해없음,승용,남,59세,경상
2013110300100032,2013년 11월 3일 00시,일요일,광주광역시 서구 금호동,중상사고,0,1,1,0,차대차 - 기타,신호위반,건조,맑음,교차로 - 교차로안,승용,남,44세,경상,이륜,남,18세,중상
2013110300100051,2013년 11월 3일 01시,일요일,광주광역시 북구 운암동,경상사고,0,0,3,0,차대차 - 기타,안전운전불이행,건조,맑음,단일로 - 기타,승용,남,24세,상해없음,승용,남,59세,경상
2013110300100111,2013년 11월 3일 06시,일요일,광주광역시 동구 계림동,경상사고,0,0,2,0,차대차 - 추돌 - 주정차중,안전운전불이행,건조,맑음,단일로 - 기타,승용,여,34세,경상,승합,남,47세,경상
2013110300100184,2013년 11월 3일 11시,일요일,광주광역시 동구 충장로4가,경상사고,0,0,4,0,차대차 - 측면직각충돌,신호위반,건조,맑음,교차로 - 교차로안,승합,남,46세,상해없음,승용,남,33세,경상
2013110300100185,2013년 11월 3일 11시,일요일,광주광역시 광산구 운남동,경상사고,0,0,1,0,차대차 - 추돌 - 주정차중,안전운전불이행,건조,맑음,단일로 - 기타,승용,남,31세,상해없음,승용,남,49세,경상
2013110300100241,2013년 11월 3일 13시,일요일,광주광역시 북구 문흥동,경상사고,0,0,1,0,차대차 - 측면직각충돌,안전운전불이행,건조,맑음,단일로 - 횡단보도상,승용,여,48세,상해없음,자전거,여,9세,경상
2013110300100270,2013년 11월 3일 14시,일요일,광주광역시 남구 주월동,경상사고,0,0,1,0,차대사람 - 횡단중,보행자보호의무위반,건조,맑음,단일로 - 횡단보도상,승용,남,50세,상해없음,보행자,여,72세,경상
2013110300100271,2013년 11월 3일 14시,일요일,광주광역시 북구 운암동,중상사고,0,1,9,0,차대차 - 기타,안전운전불이행,건조,맑음,단일로 - 기타,승용,여,68세,경상,승용,남,19세,경상
2013110300100294,2013년 11월 3일 15시,일요일,광주광역시 광산구 월계동,경상사고,0,0,2,0,차대차 - 측면직각충돌,안전운전불이행,건조,맑음,기타 - 기타,승용,여,20세,상해없음,승용,남,37세,경상
2013110300100317,2013년 11월 3일 16시,일요일,광주광역시 서구 금호동,경상사고,0,0,1,0,차대차 - 추돌 - 진행중,안전운전불이행,건조,맑음,단일로 - 기타,승용,남,23세,상해없음,화물,남,43세,경상
2013110300100318,2013년 11월 3일 16시,일요일,광주광역시 남구 월산동,경상사고,0,0,2,2,차대차 - 추돌 - 진행중,안전거리미확보,건조,맑음,교차로 - 교차로부근,승용,남,33세,부상신고,승용,남,33세,경상
2013110300100393,2013년 11월 3일 18시,일요일,광주광역시 광산구 산정동,경상사고,0,0,1,0,차대차 - 측면직각충돌,안전거리미확보,건조,맑음,교차로 - 교차로안,승용,여,48세,상해없음,승용,남,42세,경상
2013110300100394,2013년 11월 3일 18시,일요일,광주광역시 광산구 하산동,경상사고,0,0,5,0,차대차 - 측면직각충돌,안전운전불이행,건조,맑음,교차로 - 교차로안,화물,남,52세,상해없음,승합,남,53세,경상
2013110300100424,2013년 11월 3일 19시,일요일,광주광역시 북구 운암동,경상사고,0,0,1,0,차대차 - 기타,안전운전불이행,건조,맑음,단일로 - 기타,기타불명,기타불명,기타불명,기타불명,원동기,남,43세,경상
2013110300100455,2013년 11월 3일 20시,일요일,광주광역시 서구 광천동,경상사고,0,0,2,0,차대차 - 기타,안전운전불이행,건조,맑음,단일로 - 기타,승용,남,32세,상해없음,승용,남,58세,경상
2013110300100514,2013년 11월 3일 23시,일요일,광주광역시 광산구 신촌동,경상사고,0,0,1,0,차대차 - 추돌 - 진행중,안전운전불이행,건조,맑음,단일로 - 기타,승용,남,51세,상해없음,승용,여,24세,경상
2013110400100028,2013년 11월 4일 02시,월요일,광주광역시 서구 쌍촌동,경상사고,0,0,3,0,차대차 - 기타,교차로운행방법위반,건조,맑음,교차로 - 교차로안,승용,남,47세,상해없음,승용,남,32세,경상
2013110400100039,2013년 11월 4일 04시,월요일,광주광역시 서구 농성동,중상사고,0,1,0,0,차대사람 - 횡단중,안전운전불이행,건조,맑음,교차로 - 교차로부근,승용,남,51세,상해없음,보행자,남,75세,중상
2013110400100094,2013년 11월 4일 07시,월요일,광주광역시 광산구 송정동,중상사고,0,1,0,0,차대사람 - 기타,안전운전불이행,건조,맑음,단일로 - 기타,승용,남,60세,상해없음,보행자,여,15세,중상
2013110400100143,2013년 11월 4일 08시,월요일,광주광역시 남구 노대동,경상사고,0,0,2,0,차대차 - 기타,기타,건조,맑음,교차로 - 교차로안,승용,여,46세,상해없음,승용,남,57세,경상
2013110400100184,2013년 11월 4일 09시,월요일,광주광역시 서구 농성동,경상사고,0,0,1,0,차대차 - 측면직각충돌,차로위반,건조,맑음,단일로 - 기타,승합,남,51세,상해없음,승용,남,33세,경상
2013110400100211,2013년 11월 4일 10시,월요일,광주광역시 광산구 쌍암동,경상사고,0,0,1,0,차대사람 - 횡단중,보행자보호의무위반,건조,맑음,교차로 - 교차로안,승용,남,48세,상해없음,보행자,여,42세,경상
2013110400100315,2013년 11월 4일 14시,월요일,광주광역시 남구 봉선동,중상사고,0,1,0,0,차대사람 - 기타,안전운전불이행,건조,맑음,단일로 - 기타,승합,여,47세,상해없음,보행자,여,12세,중상
2013110400100316,2013년 11월 4일 14시,월요일,광주광역시 북구 신안동,경상사고,0,0,1,0,차대차 - 측면직각충돌,신호위반,건조,맑음,교차로 - 교차로안,원동기,남,88세,경상,화물,남,57세,상해없음
2013110400100317,2013년 11월 4일 14시,월요일,광주광역시 북구 동림동,경상사고,0,0,5,0,차대차 - 추돌 - 주정차중,안전운전불이행,건조,맑음,단일로 - 기타,승용,남,74세,상해없음,승용,남,41세,경상
2013110400100370,2013년 11월 4일 16시,월요일,광주광역시 광산구 우산동,경상사고,0,0,1,0,차대차 - 추돌 - 진행중,안전운전불이행,건조,맑음,교차로 - 교차로안,승용,여,41세,상해없음,승용,여,27세,경상
2013110400100414,2013년 11월 4일 17시,월요일,광주광역시 서구 화정동,중상사고,0,1,0,0,차대차 - 측면직각충돌,안전거리미확보,건조,흐림,단일로 - 기타,승용,남,70세,상해없음,원동기,남,59세,중상
2013110400100470,2013년 11월 4일 18시,월요일,광주광역시 서구 화정동,경상사고,0,0,1,0,차대사람 - 횡단중,신호위반,건조,맑음,단일로 - 횡단보도상,화물,남,41세,상해없음,보행자,여,11세,경상
2013110400100546,2013년 11월 4일 20시,월요일,광주광역시 남구 주월동,경상사고,0,0,1,0,차대차 - 추돌 - 진행중,안전거리미확보,건조,맑음,단일로 - 기타,승용,남,45세,상해없음,승용,남,47세,경상
2013110400100601,2013년 11월 4일 22시,월요일,광주광역시 북구 임동,경상사고,0,0,1,0,차대차 - 추돌 - 주정차중,안전운전불이행,건조,맑음,단일로 - 기타,화물,남,50세,상해없음,승용,남,46세,경상
2013110500100016,2013년 11월 5일 00시,화요일,광주광역시 북구 운암동,경상사고,0,0,1,0,차대차 - 기타,안전운전불이행,건조,맑음,교차로 - 교차로부근,승용,여,49세,상해없음,승용,남,36세,상해없음
2013110500100017,2013년 11월 5일 00시,화요일,광주광역시 북구 오룡동,중상사고,0,1,1,0,차량단독 - 공작물충돌,안전운전불이행,건조,맑음,교차로 - 교차로안,승용,남,26세,상해없음,,,,
2013110500100038,2013년 11월 5일 02시,화요일,광주광역시 광산구 월계동,경상사고,0,0,1,0,차대차 - 측면직각충돌,교차로운행방법위반,건조,맑음,교차로 - 교차로안,승용,남,34세,상해없음,승용,여,53세,경상
2013110500100042,2013년 11월 5일 03시,화요일,광주광역시 광산구 월곡동,중상사고,0,1,0,0,차대사람 - 횡단중,안전운전불이행,건조,맑음,교차로 - 교차로부근,승합,남,56세,상해없음,보행자,남,56세,중상
2013110500100116,2013년 11월 5일 07시,화요일,광주광역시 광산구 장덕동,경상사고,0,0,1,0,차대차 - 기타,안전거리미확보,건조,맑음,단일로 - 기타,기타불명,기타불명,기타불명,기타불명,승용,남,23세,경상
2013110500100216,2013년 11월 5일 10시,화요일,광주광역시 북구 두암동,부상신고사고,0,0,0,1,차대사람 - 보도통행중,기타,건조,맑음,단일로 - 기타,승용,기타불명,기타불명,기타불명,보행자,여,20세,부상신고
2013110500100242,2013년 11월 5일 11시,화요일,광주광역시 서구 풍암동,경상사고,0,0,2,0,차대차 - 추돌 - 주정차중,안전운전불이행,건조,맑음,단일로 - 기타,승용,남,65세,상해없음,승용,남,29세,경상
2013110500100270,2013년 11월 5일 12시,화요일,광주광역시 서구 내방동,중상사고,0,1,0,0,차대차 - 기타,안전운전불이행,건조,맑음,기타 - 기타,화물,남,32세,상해없음,자전거,남,74세,중상
2013110500100326,2013년 11월 5일 14시,화요일,광주광역시 광산구 비아동,경상사고,0,0,1,0,차대차 - 추돌 - 진행중,신호위반,건조,맑음,교차로 - 교차로안,승합,남,67세,상해없음,승용,남,27세,경상
2013110500100356,2013년 11월 5일 15시,화요일,광주광역시 서구 풍암동,경상사고,0,0,1,0,차대차 - 기타,안전거리미확보,건조,맑음,기타 - 기타,승용,여,55세,상해없음,승용,여,31세,경상
2013110500100395,2013년 11월 5일 16시,화요일,광주광역시 북구 용봉동,경상사고,0,0,1,0,차대사람 - 횡단중,안전운전불이행,건조,맑음,단일로 - 기타,승용,여,31세,상해없음,보행자,여,9세,경상