사고번호,사고일시,요일,시군구,사고내용,사망자수,중상자수,경상자수,부상신고자수,사고유형,법규위반,노면상태,기상상태,도로형태,가해운전자 차종,가해운전자 성별,가해운전자 연령,가해운전자 상해정도,피해운전자 차종,피해운전자 성별,피해운전자 연령,피해운전자 상해정도
2013111000100418,2013년 11월 10일 16시,일요일,광주광역시 서구 화정동,사망사고,1,0,0,0,차대사람 - 횡단중,신호위반,건조,맑음,단일로 - 기타,승용,남,41세,상해없음,보행자,여,66세,사망
2013111000100450,2013년 11월 10일 17시,일요일,광주광역시 광산구 월계동,경상사고,0,0,1,0,차대차 - 추돌 - 진행중,기타,건조,맑음,단일로 - 기타,화물,남,31세,경상,기타불명,기타불명,기타불명,기타불명
2013111000100451,2013년 11월 10일 17시,일요일,광주광역시 광산구 월곡동,중상사고,0,1,0,0,차대차 - 측면직각충돌,안전운전불이행,건조,맑음,교차로 - 교차로안,이륜,남,55세,중상,화물,남,51세,상해없음
2013111000100501,2013년 11월 10일 18시,일요일,광주광역시 서구 농성동,경상사고,0,0,1,0,차대사람 - 차도통행중,안전운전불이행,건조,맑음,단일로 - 기타,승용,남,58세,상해없음,보행자,남,33세,경상
2013111000100502,2013년 11월 10일 18시,일요일,광주광역시 남구 방림동,경상사고,0,0,1,0,차대차 - 측면직각충돌,차로위반,건조,맑음,단일로 - 기타,승용,남,55세,상해없음,이륜,남,32세,경상
2013111000100503,2013년 11월 10일 18시,일요일,광주광역시 광산구 신창동,경상사고,0,0,1,0,차대사람 - 기타,안전운전불이행,건조,맑음,기타 - 기타,승용,남,46세,상해없음,보행자,여,64세,경상
2013111000100504,2013년 11월 10일 18시,일요일,광주광역시 광산구 신창동,중상사고,0,2,0,0,차대차 - 추돌 - 주정차중,안전운전불이행,건조,맑음,교차로 - 교차로부근,승용,남,32세,상해없음,승용,남,68세,상해없음
2013111000100602,2013년 11월 10일 21시,일요일,광주광역시 서구 유촌동,경상사고,0,0,2,0,차대차 - 기타,교차로운행방법위반,건조,맑음,교차로 - 교차로안,승용,남,24세,상해없음,승용,남,52세,상해없음
2013111000100627,2013년 11월 10일 22시,일요일,광주광역시 북구 신용동,경상사고,0,0,1,0,차량단독 - 공작물충돌,안전운전불이행,건조,맑음,교차로 - 교차로부근,승용,남,33세,경상,,,,
2013111000100640,2013년 11월 10일 23시,일요일,광주광역시 서구 치평동,경상사고,0,0,4,1,차대차 - 기타,교차로운행방법위반,건조,맑음,교차로 - 교차로안,승용,남,22세,부상신고,승용,남,47세,경상
2013111000100641,2013년 11월 10일 23시,일요일,광주광역시 서구 쌍촌동,경상사고,0,0,4,0,차대차 - 추돌 - 주정차중,안전운전불이행,건조,맑음,교차로 - 교차로부근,승용,남,46세,상해없음,승용,여,48세,경상
2013111100100019,2013년 11월 11일 01시,월요일,광주광역시 북구 중흥동,경상사고,0,0,2,0,차대차 - 추돌 - 진행중,교차로운행방법위반,건조,맑음,교차로 - 교차로안,승용,남,22세,상해없음,승용,남,25세,경상
2013111100100145,2013년 11월 11일 08시,월요일,광주광역시 서구 화정동,경상사고,0,0,1,0,차대차 - 측면직각충돌,교차로운행방법위반,건조,맑음,교차로 - 교차로안,승용,여,44세,상해없음,이륜,남,17세,경상
2013111100100176,2013년 11월 11일 09시,월요일,광주광역시 북구 운암동,중상사고,0,1,0,0,차대차 - 측면직각충돌,중앙선침범,건조,맑음,단일로 - 기타,자전거,여,66세,중상,화물,남,37세,상해없음
2013111100100229,2013년 11월 11일 11시,월요일,광주광역시 북구 매곡동,경상사고,0,0,3,0,차대차 - 추돌 - 진행중,안전운전불이행,건조,맑음,교차로 - 교차로부근,화물,남,25세,상해없음,승용,남,49세,경상
2013111100100295,2013년 11월 11일 13시,월요일,광주광역시 북구 본촌동,부상신고사고,0,0,0,1,차대사람 - 횡단중,안전운전불이행,건조,맑음,단일로 - 기타,승용,기타불명,기타불명,기타불명,보행자,남,7세,부상신고
2013111100100369,2013년 11월 11일 15시,월요일,광주광역시 광산구 신창동,경상사고,0,0,2,0,차대차 - 측면직각충돌,중앙선침범,건조,맑음,교차로 - 교차로부근,이륜,남,18세,상해없음,승용,여,30세,경상
2013111100100406,2013년 11월 11일 16시,월요일,광주광역시 서구 풍암동,경상사고,0,0,2,0,차대차 - 측면직각충돌,안전운전불이행,건조,맑음,교차로 - 교차로안,승용,여,21세,경상,승용,남,31세,경상
2013111100100407,2013년 11월 11일 16시,월요일,광주광역시 북구 중흥동,경상사고,0,0,1,0,차대사람 - 횡단중,신호위반,건조,맑음,교차로 - 교차로부근,원동기,남,17세,상해없음,보행자,여,46세,경상
2013111100100408,2013년 11월 11일 16시,월요일,광주광역시 광산구 우산동,중상사고,0,1,0,0,차대차 - 기타,안전운전불이행,건조,맑음,단일로 - 기타,승용,남,22세,상해없음,자전거,남,58세,중상
2013111100100439,2013년 11월 11일 17시,월요일,광주광역시 북구 신용동,경상사고,0,0,2,0,차대차 - 측면직각충돌,안전운전불이행,건조,맑음,교차로 - 교차로부근,화물,남,38세,상해없음,화물,남,30세,경상
2013111100100440,2013년 11월 11일 17시,월요일,광주광역시 북구 신안동,경상사고,0,0,4,0,차대차 - 측면직각충돌,교차로운행방법위반,건조,맑음,교차로 - 교차로안,승용,여,35세,경상,승용,남,33세,경상
2013111100100504,2013년 11월 11일 18시,월요일,광주광역시 서구 화정동,경상사고,0,0,1,0,차대사람 - 기타,기타,건조,맑음,단일로 - 기타,승용,남,45세,상해없음,보행자,남,60세,경상
2013111100100505,2013년 11월 11일 18시,월요일,광주광역시 서구 치평동,경상사고,0,0,1,0,차대차 - 기타,안전운전불이행,건조,맑음,교차로 - 교차로부근,승용,여,47세,기타불명,승용,남,36세,경상
2013111100100506,2013년 11월 11일 18시,월요일,광주광역시 북구 운암동,경상사고,0,0,2,0,차대차 - 측면직각충돌,안전운전불이행,건조,맑음,교차로 - 교차로부근,화물,남,59세,상해없음,승용,남,33세,경상
2013111100100507,2013년 11월 11일 18시,월요일,광주광역시 광산구 운남동,부상신고사고,0,0,0,1,차대차 - 추돌 - 진행중,직진우회전진행방해,건조,맑음,교차로 - 교차로안,이륜,남,40세,부상신고,화물,남,40세,상해없음
2013111100100535,2013년 11월 11일 19시,월요일,광주광역시 서구 동천동,경상사고,0,0,1,0,차대차 - 기타,안전거리미확보,건조,맑음,단일로 - 기타,승용,여,39세,상해없음,이륜,남,19세,경상
2013111100100536,2013년 11월 11일 19시,월요일,광주광역시 광산구 신가동,경상사고,0,0,1,0,차대차 - 측면직각충돌,교차로운행방법위반,건조,맑음,교차로 - 교차로안,승용,남,31세,상해없음,원동기,남,19세,경상
2013111100100555,2013년 11월 11일 20시,월요일,광주광역시 북구 동림동,중상사고,0,1,3,0,차대차 - 추돌 - 주정차중,안전운전불이행,건조,맑음,단일로 - 기타,화물,남,41세,중상,승용,남,54세,경상
2013111100100571,2013년 11월 11일 20시,월요일,광주광역시 광산구 운수동,경상사고,0,0,3,0,차대차 - 추돌 - 주정차중,안전운전불이행,건조,맑음,미분류 - 미분류,화물,남,49세,상해없음,승용,남,51세,경상
2013111100100600,2013년 11월 11일 21시,월요일,광주광역시 북구 중흥동,중상사고,0,1,0,0,차대사람 - 횡단중,안전운전불이행,건조,맑음,단일로 - 기타,승용,남,35세,상해없음,보행자,남,59세,중상
2013111100100628,2013년 11월 11일 22시,월요일,광주광역시 서구 금호동,경상사고,0,0,1,0,차대차 - 측면직각충돌,차로위반,건조,맑음,단일로 - 기타,화물,남,43세,상해없음,화물,남,43세,상해없음
2013111100100658,2013년 11월 11일 23시,월요일,광주광역시 남구 봉선동,경상사고,0,0,1,0,차대차 - 기타,불법유턴,건조,맑음,단일로 - 기타,승용,남,40세,상해없음,원동기,남,18세,경상
2013111200100015,2013년 11월 12일 00시,화요일,광주광역시 동구 서석동,경상사고,0,0,3,0,차대차 - 추돌 - 진행중,안전거리미확보,건조,맑음,단일로 - 기타,승용,남,52세,상해없음,승용,남,52세,경상
2013111200100030,2013년 11월 12일 01시,화요일,광주광역시 광산구 소촌동,경상사고,0,0,1,0,차대차 - 기타,안전운전불이행,건조,맑음,교차로 - 교차로부근,승용,기타불명,33세,기타불명,승용,남,52세,경상
2013111200100087,2013년 11월 12일 06시,화요일,광주광역시 북구 동림동,경상사고,0,0,3,0,차대차 - 추돌 - 주정차중,안전운전불이행,건조,맑음,교차로 - 교차로부근,승용,남,28세,상해없음,승용,남,32세,경상
2013111200100163,2013년 11월 12일 08시,화요일,광주광역시 남구 월산동,중상사고,0,1,0,0,차대사람 - 횡단중,보행자보호의무위반,건조,맑음,단일로 - 기타,승합,남,53세,상해없음,보행자,남,15세,중상
2013111200100164,2013년 11월 12일 08시,화요일,광주광역시 북구 우산동,중상사고,0,1,0,0,차대사람 - 횡단중,안전운전불이행,건조,맑음,단일로 - 기타,승용,여,41세,상해없음,보행자,남,89세,중상
2013111200100192,2013년 11월 12일 09시,화요일,광주광역시 동구 소태동,경상사고,0,0,1,0,차대차 - 추돌 - 진행중,안전운전불이행,건조,맑음,교차로 - 교차로안,승용,남,49세,상해없음,자전거,남,18세,경상
2013111200100193,2013년 11월 12일 09시,화요일,광주광역시 광산구 산월동,경상사고,0,0,1,0,차대사람 - 기타,안전운전불이행,건조,맑음,단일로 - 기타,승용,여,53세,상해없음,보행자,남,4세,경상
2013111200100217,2013년 11월 12일 10시,화요일,광주광역시 서구 덕흥동,경상사고,0,0,4,0,차대차 - 추돌 - 진행중,안전운전불이행,건조,맑음,단일로 - 기타,화물,남,56세,상해없음,화물,남,33세,경상
2013111200100218,2013년 11월 12일 10시,화요일,광주광역시 북구 신안동,경상사고,0,0,1,0,차대차 - 추돌 - 주정차중,안전운전불이행,건조,맑음,단일로 - 기타,화물,남,49세,상해없음,승용,남,30세,경상
2013111200100249,2013년 11월 12일 11시,화요일,광주광역시 북구 삼각동,경상사고,0,0,2,0,차대차 - 측면직각충돌,안전운전불이행,건조,맑음,교차로 - 교차로부근,승용,남,66세,상해없음,승용,여,32세,경상
2013111200100274,2013년 11월 12일 12시,화요일,광주광역시 서구 쌍촌동,경상사고,0,0,1,0,차대차 - 측면직각충돌,안전운전불이행,건조,맑음,교차로 - 교차로부근,승용,남,62세,상해없음,승용,여,47세,경상
2013111200100371,2013년 11월 12일 15시,화요일,광주광역시 동구 서석동,경상사고,0,0,2,0,차대차 - 측면직각충돌,안전거리미확보,건조,맑음,단일로 - 기타,승용,남,72세,상해없음,승용,여,45세,상해없음
2013111200100372,2013년 11월 12일 15시,화요일,광주광역시 광산구 송정동,중상사고,0,1,0,0,차대차 - 정면충돌,안전운전불이행,건조,맑음,단일로 - 기타,기타불명,기타불명,기타불명,기타불명,자전거,여,59세,중상
2013111200100373,2013년 11월 12일 15시,화요일,광주광역시 광산구 수완동,경상사고,0,0,1,0,차대차 - 기타,차로위반,건조,맑음,교차로 - 교차로부근,승합,남,42세,상해없음,승용,여,30세,경상
2013111200100374,2013년 11월 12일 15시,화요일,광주광역시 광산구 하남동,경상사고,0,0,1,0,차대차 - 추돌 - 주정차중,차로위반,건조,맑음,단일로 - 기타,이륜,남,23세,상해없음,승용,여,38세,경상
2013111200100438,2013년 11월 12일 17시,화요일,광주광역시 광산구 수완동,경상사고,0,0,1,0,차대차 - 기타,안전운전불이행,건조,맑음,기타 - 기타,승용,여,33세,상해없음,승용,여,44세,경상
2013111200100486,2013년 11월 12일 18시,화요일,광주광역시 남구 방림동,중상사고,0,1,0,0,차대사람 - 횡단중,안전운전불이행,건조,맑음,교차로 - 교차로안,승용,남,68세,상해없음,보행자,남,55세,중상
2013111200100522,2013년 11월 12일 19시,화요일,광주광역시 서구 풍암동,경상사고,0,0,2,0,차대차 - 추돌 - 진행중,안전운전불이행,건조,맑음,단일로 - 기타,화물,남,34세,상해없음,승용,여,26세,경상
2013111200100523,2013년 11월 12일 19시,화요일,광주광역시 북구 신안동,중상사고,0,1,0,0,차대사람 - 횡단중,안전운전불이행,건조,맑음,단일로 - 기타,화물,남,34세,상해없음,보행자,남,60세,중상
2013111200100524,2013년 11월 12일 19시,화요일,광주광역시 광산구 신촌동,경상사고,0,0,7,0,차대차 - 추돌 - 주정차중,안전운전불이행,건조,맑음,교차로 - 교차로부근,승용,남,41세,경상,승용,남,51세,경상
2013111200100549,2013년 11월 12일 20시,화요일,광주광역시 서구 치평동,경상사고,0,0,1,0,차대차 - 추돌 - 진행중,안전운전불이행,건조,맑음,단일로 - 기타,승용,남,40세,상해없음,승용,남,46세,경상
2013111200100550,2013년 11월 12일 20시,화요일,광주광역시 북구 매곡동,경상사고,0,0,2,0,차대차 - 추돌 - 주정차중,안전운전불이행,건조,맑음,단일로 - 기타,승용,남,39세,상해없음,승용,남,58세,경상
2013111200100620,2013년 11월 12일 22시,화요일,광주광역시 서구 광천동,경상사고,0,0,4,0,차대차 - 측면직각충돌,안전거리미확보,건조,맑음,단일로 - 기타,승용,남,30세,상해없음,화물,남,63세,경상
2013111200100646,2013년 11월 12일 23시,화요일,광주광역시 서구 풍암동,경상사고,0,0,2,0,차대차 - 기타,교차로운행방법위반,건조,맑음,교차로 - 교차로안,승용,여,48세,상해없음,승용,남,40세,경상
2013111200100647,2013년 11월 12일 23시,화요일,광주광역시 서구 내방동,중상사고,0,1,0,0,차대사람 - 횡단중,안전운전불이행,건조,맑음,교차로 - 교차로부근,승용,남,30세,상해없음,보행자,남,30세,중상
2013111200100648,2013년 11월 12일 23시,화요일,광주광역시 서구 쌍촌동,경상사고,0,0,3,0,차대차 - 측면직각충돌,교차로운행방법위반,건조,맑음,교차로 - 교차로안,승용,남,54세,경상,승용,여,51세,경상
2013111200100649,2013년 11월 12일 23시,화요일,광주광역시 북구 양산동,경상사고,0,0,1,0,차대차 - 측면직각충돌,안전운전불이행,건조,맑음,교차로 - 교차로안,승용,남,28세,경상,승용,여,41세,상해없음
2013111300100017,2013년 11월 13일 00시,수요일,광주광역시 동구 황금동,경상사고,0,0,1,0,차대사람 - 기타,안전운전불이행,건조,맑음,교차로 - 교차로안,승용,남,34세,상해없음,보행자,남,30세,경상
2013111300100018,2013년 11월 13일 00시,수요일,광주광역시 서구 화정동,경상사고,0,0,2,0,차대차 - 측면직각충돌,안전운전불이행,건조,맑음,교차로 - 교차로안,승용,남,23세,상해없음,승용,남,29세,경상
2013111300100049,2013년 11월 13일 03시,수요일,광주광역시 남구 주월동,경상사고,0,0,1,0,차대차 - 기타,안전운전불이행,건조,맑음,교차로 - 교차로안,승용,남,21세,상해없음,승용,남,53세,경상
2013111300100066,2013년 11월 13일 05시,수요일,광주광역시 광산구 산월동,중상사고,0,1,0,0,차대차 - 추돌 - 진행중,직진우회전진행방해,건조,맑음,교차로 - 교차로안,승용,남,40세,상해없음,자전거,여,71세,중상
2013111300100083,2013년 11월 13일 06시,수요일,광주광역시 서구 치평동,경상사고,0,0,2,0,차대차 - 추돌 - 진행중,안전거리미확보,건조,맑음,단일로 - 기타,승용,남,60세,상해없음,승용,남,67세,상해없음
2013111300100110,2013년 11월 13일 07시,수요일,광주광역시 북구 임동,경상사고,0,0,1,0,차대차 - 추돌 - 주정차중,안전운전불이행,건조,맑음,교차로 - 교차로부근,승용,남,37세,상해없음,승용,여,35세,경상
2013111300100153,2013년 11월 13일 08시,수요일,광주광역시 서구 쌍촌동,중상사고,0,1,0,0,차대사람 - 횡단중,보행자보호의무위반,건조,맑음,단일로 - 횡단보도상,승용,여,47세,상해없음,보행자,남,13세,중상
2013111300100154,2013년 11월 13일 08시,수요일,광주광역시 서구 유촌동,경상사고,0,0,1,0,차대차 - 측면직각충돌,차로위반,건조,맑음,단일로 - 기타,승용,여,26세,상해없음,승용,남,31세,경상
2013111300100155,2013년 11월 13일 08시,수요일,광주광역시 북구 임동,경상사고,0,0,1,0,차대차 - 측면직각충돌,신호위반,건조,맑음,교차로 - 교차로안,승용,남,42세,상해없음,원동기,남,23세,경상
2013111300100214,2013년 11월 13일 10시,수요일,광주광역시 북구 신안동,경상사고,0,0,1,0,차대사람 - 횡단중,안전운전불이행,건조,맑음,단일로 - 기타,승용,여,33세,상해없음,보행자,여,37세,경상
2013111300100215,2013년 11월 13일 10시,수요일,광주광역시 북구 동림동,경상사고,0,0,1,0,차대차 - 기타,안전운전불이행,건조,맑음,교차로 - 교차로안,승용,여,37세,상해없음,승용,남,40세,경상
2013111300100280,2013년 11월 13일 12시,수요일,광주광역시 서구 쌍촌동,경상사고,0,0,3,0,차대차 - 측면직각충돌,안전운전불이행,건조,맑음,교차로 - 교차로안,승용,남,45세,경상,승용,남,40세,경상
2013111300100313,2013년 11월 13일 13시,수요일,광주광역시 동구 금동,중상사고,0,1,0,0,차대사람 - 기타,안전운전불이행,건조,맑음,기타 - 기타,화물,남,50세,상해없음,보행자,여,87세,중상
2013111300100314,2013년 11월 13일 13시,수요일,광주광역시 남구 백운동,경상사고,0,0,1,0,차대차 - 추돌 - 주정차중,안전운전불이행,건조,맑음,단일로 - 기타,승용,여,53세,상해없음,승용,여,50세,경상
2013111300100342,2013년 11월 13일 14시,수요일,광주광역시 서구 광천동,경상사고,0,0,3,0,차대차 - 추돌 - 주정차중,안전운전불이행,건조,맑음,교차로 - 교차로부근,승용,남,44세,상해없음,승용,여,51세,경상
2013111300100343,2013년 11월 13일 14시,수요일,광주광역시 서구 금호동,경상사고,0,0,2,0,차대차 - 측면직각충돌,교차로운행방법위반,건조,맑음,기타 - 기타,승용,남,38세,상해없음,승용,남,28세,경상
2013111300100344,2013년 11월 13일 14시,수요일,광주광역시 북구 두암동,중상사고,0,1,0,0,차대사람 - 횡단중,안전운전불이행,건조,맑음,단일로 - 기타,승용,남,63세,상해없음,보행자,남,71세,중상
2013111300100345,2013년 11월 13일 14시,수요일,광주광역시 북구 신안동,중상사고,0,1,0,0,차대차 - 기타,안전운전불이행,건조,맑음,단일로 - 기타,승용,남,36세,상해없음,자전거,남,75세,중상
2013111300100417,2013년 11월 13일 16시,수요일,광주광역시 서구 금호동,경상사고,0,0,1,0,차대차 - 측면직각충돌,교차로운행방법위반,건조,맑음,단일로 - 기타,승용,여,36세,상해없음,승용,여,45세,경상
2013111300100418,2013년 11월 13일 16시,수요일,광주광역시 남구 월산동,경상사고,0,0,1,0,차대사람 - 횡단중,안전운전불이행,건조,맑음,단일로 - 기타,승용,남,66세,상해없음,보행자,여,53세,경상
2013111300100419,2013년 11월 13일 16시,수요일,광주광역시 북구 유동,경상사고,0,0,2,0,차대차 - 측면직각충돌,안전거리미확보,건조,맑음,단일로 - 기타,승용,남,48세,상해없음,승합,남,56세,경상
2013111300100420,2013년 11월 13일 16시,수요일,광주광역시 광산구 송정동,중상사고,0,1,0,0,차대차 - 측면직각충돌,안전운전불이행,건조,맑음,단일로 - 기타,이륜,남,78세,중상,승용,남,66세,상해없음
2013111300100456,2013년 11월 13일 17시,수요일,광주광역시 서구 매월동,경상사고,0,0,1,0,차대차 - 기타,안전운전불이행,건조,맑음,교차로 - 교차로부근,승용,남,46세,상해없음,자전거,남,25세,경상
2013111300100457,2013년 11월 13일 17시,수요일,광주광역시 북구 유동,경상사고,0,0,1,0,차대차 - 기타,안전운전불이행,건조,맑음,교차로 - 교차로안,승용,남,53세,상해없음,승용,남,64세,경상
2013111300100521,2013년 11월 13일 18시,수요일,광주광역시 남구 백운동,경상사고,0,0,1,0,차대차 - 측면직각충돌,교차로운행방법위반,건조,맑음,교차로 - 교차로안,승용,여,34세,상해없음,원동기,남,68세,경상
2013111300100522,2013년 11월 13일 18시,수요일,광주광역시 광산구 신가동,경상사고,0,0,1,0,차대차 - 추돌 - 주정차중,안전운전불이행,건조,맑음,단일로 - 기타,승용,여,55세,상해없음,승용,남,46세,경상
2013111300100564,2013년 11월 13일 19시,수요일,광주광역시 남구 송하동,경상사고,0,0,4,0,차대차 - 추돌 - 진행중,안전운전불이행,건조,맑음,기타 - 기타,승용,남,36세,상해없음,승용,여,20세,경상
2013111300100565,2013년 11월 13일 19시,수요일,광주광역시 북구 중흥동,경상사고,0,0,1,0,차대사람 - 횡단중,교차로운행방법위반,건조,맑음,교차로 - 교차로안,이륜,남,19세,상해없음,보행자,여,71세,경상
2013111300100566,2013년 11월 13일 19시,수요일,광주광역시 광산구 신창동,경상사고,0,0,1,0,차대차 - 추돌 - 진행중,안전운전불이행,건조,맑음,단일로 - 기타,승용,여,30세,상해없음,승용,여,30세,경상
2013111300100598,2013년 11월 13일 20시,수요일,광주광역시 북구 북동,경상사고,0,0,1,0,차대차 - 추돌 - 주정차중,안전거리미확보,건조,맑음,교차로 - 교차로부근,승용,남,20세,상해없음,승용,남,26세,경상
2013111300100599,2013년 11월 13일 20시,수요일,광주광역시 광산구 송정동,경상사고,0,0,1,0,차대사람 - 기타,안전운전불이행,건조,맑음,단일로 - 기타,승용,여,49세,상해없음,보행자,남,55세,경상
2013111300100626,2013년 11월 13일 21시,수요일,광주광역시 북구 두암동,경상사고,0,0,1,0,차대차 - 추돌 - 진행중,안전운전불이행,건조,맑음,단일로 - 기타,승용,남,32세,상해없음,원동기,남,17세,경상
2013111300100650,2013년 11월 13일 22시,수요일,광주광역시 서구 광천동,부상신고사고,0,0,0,2,차대차 - 측면직각충돌,안전거리미확보,건조,맑음,단일로 - 기타,승용,남,26세,상해없음,승용,남,51세,상해없음
2013111300100651,2013년 11월 13일 22시,수요일,광주광역시 남구 방림동,중상사고,0,1,1,0,차대차 - 정면충돌,안전운전불이행,건조,맑음,교차로 - 교차로안,승용,남,50세,상해없음,원동기,남,70세,경상
2013111300100652,2013년 11월 13일 22시,수요일,광주광역시 북구 용봉동,부상신고사고,0,0,0,1,차대사람 - 길가장자리구역통행중,안전운전불이행,건조,맑음,교차로 - 교차로부근,승합,남,48세,상해없음,보행자,남,52세,부상신고
2013111300100653,2013년 11월 13일 22시,수요일,광주광역시 북구 각화동,경상사고,0,0,3,0,차대사람 - 기타,안전운전불이행,건조,맑음,교차로 - 교차로안,승합,여,26세,상해없음,보행자,여,56세,경상
2013111300100654,2013년 11월 13일 22시,수요일,광주광역시 광산구 송정동,중상사고,0,1,0,0,차대사람 - 횡단중,안전운전불이행,건조,맑음,단일로 - 기타,화물,남,70세,상해없음,보행자,남,52세,중상
2013111300100687,2013년 11월 13일 23시,수요일,광주광역시 광산구 우산동,경상사고,0,0,1,0,차대차 - 추돌 - 진행중,안전거리미확보,건조,맑음,단일로 - 기타,승용,남,40세,상해없음,승용,남,29세,경상
2013111400100014,2013년 11월 14일 00시,목요일,광주광역시 북구 운암동,경상사고,0,0,3,0,차대차 - 추돌 - 주정차중,안전운전불이행,건조,맑음,교차로 - 교차로부근,승용,남,31세,상해없음,승용,남,27세,경상
2013111400100069,2013년 11월 14일 05시,목요일,광주광역시 동구 소태동,사망사고,1,0,0,0,차대사람 - 기타,신호위반,건조,맑음,기타 - 기타,승용,여,41세,상해없음,보행자,여,70세,사망
2013111400100114,2013년 11월 14일 07시,목요일,광주광역시 광산구 우산동,경상사고,0,0,1,0,차대차 - 기타,안전거리미확보,건조,맑음,단일로 - 교량,승용,남,23세,상해없음,화물,남,58세,경상
2013111400100147,2013년 11월 14일 08시,목요일,광주광역시 서구 화정동,경상사고,0,0,5,0,차대차 - 측면직각충돌,안전운전불이행,건조,맑음,교차로 - 교차로안,승용,여,39세,경상,승용,여,43세,경상
2013111400100148,2013년 11월 14일 08시,목요일,광주광역시 북구 두암동,경상사고,0,0,1,0,차대차 - 추돌 - 주정차중,안전운전불이행,건조,맑음,교차로 - 교차로부근,화물,남,57세,상해없음,승합,남,47세,경상
2013111400100175,2013년 11월 14일 09시,목요일,광주광역시 광산구 신가동,경상사고,0,0,2,0,차대차 - 추돌 - 진행중,안전운전불이행,건조,맑음,단일로 - 기타,화물,남,38세,상해없음,승용,여,35세,경상
2013111400100260,2013년 11월 14일 13시,목요일,광주광역시 광산구 쌍암동,중상사고,0,1,0,0,차대차 - 측면직각충돌,교차로운행방법위반,건조,맑음,교차로 - 교차로안,승용,남,55세,상해없음,이륜,남,18세,중상
2013111400100292,2013년 11월 14일 14시,목요일,광주광역시 북구 우산동,경상사고,0,0,1,0,차대차 - 측면직각충돌,안전운전불이행,건조,맑음,단일로 - 기타,승용,남,54세,상해없음,화물,남,34세,경상
2013111400100293,2013년 11월 14일 14시,목요일,광주광역시 북구 오치동,중상사고,0,1,0,0,차대차 - 기타,안전운전불이행,건조,맑음,교차로 - 교차로안,화물,남,50세,상해없음,승용,남,36세,중상
2013111400100351,2013년 11월 14일 16시,목요일,광주광역시 광산구 월계동,경상사고,0,0,1,0,차대사람 - 기타,안전운전불이행,건조,맑음,기타 - 기타,화물,남,42세,상해없음,보행자,여,76세,경상
2013111400100352,2013년 11월 14일 16시,목요일,광주광역시 광산구 송정동,경상사고,0,0,1,1,차대차 - 측면직각충돌,직진우회전진행방해,습기,흐림,교차로 - 교차로안,승용,여,43세,부상신고,승용,남,60세,경상
2013111400100396,2013년 11월 14일 17시,목요일,광주광역시 서구 치평동,중상사고,0,1,0,0,차대사람 - 횡단중,안전운전불이행,건조,맑음,단일로 - 기타,승용,남,44세,상해없음,보행자,남,23세,중상
2013111400100397,2013년 11월 14일 17시,목요일,광주광역시 북구 문흥동,중상사고,0,1,0,0,차대사람 - 횡단중,안전운전불이행,습기,비,단일로 - 횡단보도상,화물,남,57세,상해없음,보행자,남,41세,중상
2013111400100398,2013년 11월 14일 17시,목요일,광주광역시 광산구 장덕동,중상사고,0,1,2,0,차대차 - 측면직각충돌,신호위반,습기,흐림,교차로 - 교차로안,원동기,남,17세,중상,승용,남,45세,상해없음
2013111400100459,2013년 11월 14일 18시,목요일,광주광역시 북구 오치동,경상사고,0,0,1,0,차대사람 - 차도통행중,안전운전불이행,건조,맑음,단일로 - 기타,승용,남,63세,상해없음,보행자,여,39세,경상
2013111400100490,2013년 11월 14일 19시,목요일,광주광역시 광산구 장덕동,경상사고,0,0,1,0,차대차 - 측면직각충돌,안전거리미확보,건조,맑음,단일로 - 기타,화물,남,48세,상해없음,승용,여,36세,경상
2013111400100531,2013년 11월 14일 20시,목요일,광주광역시 북구 중흥동,중상사고,0,1,0,0,차대사람 - 차도통행중,안전운전불이행,습기,비,교차로 - 교차로안,승합,남,41세,상해없음,보행자,여,31세,중상
2013111400100532,2013년 11월 14일 20시,목요일,광주광역시 북구 각화동,경상사고,0,0,1,0,차대차 - 측면직각충돌,차로위반,건조,맑음,단일로 - 기타,승용,남,62세,상해없음,승용,남,49세,경상
2013111400100576,2013년 11월 14일 21시,목요일,광주광역시 서구 마륵동,중상사고,0,1,0,0,차대차 - 추돌 - 진행중,안전거리미확보,습기,비,단일로 - 기타,승용,남,40세,상해없음,승용,남,61세,상해없음
2013111400100650,2013년 11월 14일 23시,목요일,광주광역시 서구 쌍촌동,부상신고사고,0,0,0,1,차대차 - 기타,안전거리미확보,건조,맑음,단일로 - 기타,승용,남,62세,상해없음,이륜,남,19세,부상신고
2013111400100651,2013년 11월 14일 23시,목요일,광주광역시 북구 두암동,경상사고,0,0,2,0,차대차 - 추돌 - 주정차중,안전운전불이행,건조,맑음,단일로 - 기타,승용,여,47세,상해없음,승용,남,56세,경상
2013111400100652,2013년 11월 14일 23시,목요일,광주광역시 북구 일곡동,경상사고,0,0,2,0,차대차 - 추돌 - 주정차중,안전운전불이행,습기,흐림,단일로 - 기타,승용,남,51세,상해없음,승용,남,27세,경상
2013111500100034,2013년 11월 15일 00시,금요일,광주광역시 서구 치평동,경상사고,0,0,1,0,차대사람 - 기타,보행자보호의무위반,건조,맑음,단일로 - 횡단보도부근,승용,남,46세,상해없음,보행자,여,22세,경상