사고번호,사고일시,요일,시군구,사고내용,사망자수,중상자수,경상자수,부상신고자수,사고유형,법규위반,노면상태,기상상태,도로형태,가해운전자 차종,가해운전자 성별,가해운전자 연령,가해운전자 상해정도,피해운전자 차종,피해운전자 성별,피해운전자 연령,피해운전자 상해정도
2013112900100579,2013년 11월 29일 20시,금요일,광주광역시 광산구 우산동,경상사고,0,0,3,0,차대차 - 추돌 - 주정차중,안전운전불이행,건조,맑음,단일로 - 기타,승용,남,69세,상해없음,승용,남,37세,경상
2013112900100646,2013년 11월 29일 22시,금요일,광주광역시 서구 화정동,부상신고사고,0,0,0,1,차량단독 - 기타,안전운전불이행,건조,맑음,기타 - 기타,승합,남,48세,상해없음,,,,
2013112900100647,2013년 11월 29일 22시,금요일,광주광역시 남구 백운동,경상사고,0,0,2,0,차대차 - 추돌 - 진행중,안전거리미확보,건조,맑음,기타 - 기타,승용,남,34세,상해없음,승용,남,25세,경상
2013112900100648,2013년 11월 29일 22시,금요일,광주광역시 남구 주월동,중상사고,0,1,0,0,차대차 - 정면충돌,신호위반,건조,맑음,교차로 - 교차로안,승용,남,35세,상해없음,승용,남,65세,중상
2013112900100649,2013년 11월 29일 22시,금요일,광주광역시 북구 월출동,경상사고,0,0,1,0,차대차 - 추돌 - 주정차중,안전운전불이행,건조,맑음,교차로 - 교차로부근,기타불명,기타불명,기타불명,기타불명,승용,남,27세,상해없음
2013113000100096,2013년 11월 30일 05시,토요일,광주광역시 광산구 본덕동,중상사고,0,1,2,0,차대차 - 측면직각충돌,안전운전불이행,결빙,안개,단일로 - 기타,승용,남,27세,중상,승용,남,24세,경상
2013113000100115,2013년 11월 30일 06시,토요일,광주광역시 서구 금호동,경상사고,0,0,1,0,차대차 - 측면직각충돌,신호위반,건조,맑음,교차로 - 교차로안,승용,남,58세,상해없음,화물,남,51세,경상
2013113000100167,2013년 11월 30일 09시,토요일,광주광역시 서구 치평동,경상사고,0,0,3,1,차대차 - 정면충돌,교차로운행방법위반,건조,맑음,교차로 - 교차로안,승용,남,29세,부상신고,승용,남,22세,경상
2013113000100168,2013년 11월 30일 09시,토요일,광주광역시 북구 문흥동,중상사고,0,1,0,0,차대사람 - 횡단중,기타,건조,맑음,단일로 - 기타,승용,여,37세,상해없음,보행자,남,10세,중상
2013113000100233,2013년 11월 30일 11시,토요일,광주광역시 서구 농성동,경상사고,0,0,2,0,차대차 - 측면직각충돌,차로위반,건조,맑음,단일로 - 기타,승용,남,58세,상해없음,승용,남,62세,상해없음
2013113000100273,2013년 11월 30일 12시,토요일,광주광역시 서구 풍암동,경상사고,0,0,1,1,차대차 - 측면직각충돌,안전운전불이행,건조,맑음,교차로 - 교차로안,승용,여,32세,부상신고,승합,남,47세,상해없음
2013113000100274,2013년 11월 30일 12시,토요일,광주광역시 광산구 신창동,경상사고,0,0,1,0,차량단독 - 기타,기타,건조,맑음,단일로 - 기타,승합,남,51세,기타불명,,,,
2013113000100367,2013년 11월 30일 15시,토요일,광주광역시 동구 계림동,경상사고,0,0,1,0,차량단독 - 기타,안전운전불이행,건조,맑음,교차로 - 교차로부근,승합,남,45세,상해없음,,,,
2013113000100433,2013년 11월 30일 17시,토요일,광주광역시 서구 광천동,중상사고,0,1,0,0,차대사람 - 횡단중,안전운전불이행,건조,맑음,단일로 - 기타,승용,여,49세,상해없음,보행자,여,75세,중상
2013113000100434,2013년 11월 30일 17시,토요일,광주광역시 서구 양동,경상사고,0,0,1,0,차대차 - 기타,교차로운행방법위반,건조,맑음,교차로 - 교차로안,승합,남,64세,상해없음,승용,여,34세,경상
2013113000100488,2013년 11월 30일 18시,토요일,광주광역시 북구 본촌동,경상사고,0,0,4,0,차대차 - 측면직각충돌,안전거리미확보,건조,맑음,단일로 - 기타,승용,여,39세,경상,승용,남,38세,경상
2013113000100489,2013년 11월 30일 18시,토요일,광주광역시 광산구 우산동,중상사고,0,1,4,3,차대차 - 추돌 - 진행중,안전거리미확보,건조,맑음,단일로 - 교량,화물,남,33세,상해없음,화물,남,33세,상해없음
2013113000100617,2013년 11월 30일 22시,토요일,광주광역시 북구 임동,경상사고,0,0,3,0,차대차 - 측면직각충돌,신호위반,건조,맑음,교차로 - 교차로안,승용,남,52세,상해없음,승용,여,42세,경상
2013113000100650,2013년 11월 30일 23시,토요일,광주광역시 서구 유촌동,경상사고,0,0,2,0,차대차 - 기타,안전운전불이행,건조,맑음,교차로 - 교차로부근,승용,남,40세,기타불명,승용,남,27세,경상
2013113000100651,2013년 11월 30일 23시,토요일,광주광역시 서구 치평동,경상사고,0,0,1,0,차대사람 - 기타,안전운전불이행,건조,맑음,교차로 - 교차로안,승합,여,51세,상해없음,보행자,남,34세,경상
2013113000100652,2013년 11월 30일 23시,토요일,광주광역시 북구 두암동,경상사고,0,0,1,0,차대차 - 측면직각충돌,중앙선침범,건조,맑음,단일로 - 기타,승용,남,41세,경상,승용,남,59세,상해없음
2013120100100062,2013년 12월 1일 02시,일요일,광주광역시 동구 금남로3가,경상사고,0,0,2,0,차대차 - 추돌 - 진행중,안전운전불이행,건조,맑음,교차로 - 교차로부근,승용,남,55세,상해없음,승용,남,62세,상해없음
2013120100100072,2013년 12월 1일 03시,일요일,광주광역시 남구 진월동,중상사고,0,1,3,0,차대차 - 측면직각충돌,신호위반,건조,맑음,교차로 - 교차로안,승용,여,54세,경상,승용,남,36세,경상
2013120100100073,2013년 12월 1일 03시,일요일,광주광역시 북구 문흥동,경상사고,0,0,1,0,차대차 - 기타,안전운전불이행,건조,맑음,교차로 - 교차로부근,승용,여,42세,상해없음,승용,남,43세,경상
2013120100100101,2013년 12월 1일 05시,일요일,광주광역시 남구 월산동,중상사고,0,1,0,0,차대사람 - 보도통행중,보행자보호의무위반,습기,맑음,단일로 - 횡단보도상,승용,남,28세,상해없음,보행자,여,33세,중상
2013120100100122,2013년 12월 1일 07시,일요일,광주광역시 북구 용봉동,경상사고,0,0,1,0,차대사람 - 횡단중,안전운전불이행,건조,맑음,단일로 - 기타,승용,남,20세,상해없음,보행자,남,19세,경상
2013120100100130,2013년 12월 1일 08시,일요일,광주광역시 북구 문흥동,부상신고사고,0,0,0,1,차대사람 - 횡단중,보행자보호의무위반,건조,맑음,단일로 - 기타,승용,기타불명,기타불명,기타불명,보행자,여,27세,부상신고
2013120100100171,2013년 12월 1일 10시,일요일,광주광역시 광산구 산월동,중상사고,0,1,2,0,차대차 - 추돌 - 진행중,안전운전불이행,건조,맑음,단일로 - 기타,승용,여,43세,중상,승용,여,24세,경상
2013120100100172,2013년 12월 1일 10시,일요일,광주광역시 광산구 본덕동,경상사고,0,0,2,0,차대차 - 기타,안전운전불이행,건조,맑음,단일로 - 기타,화물,남,69세,상해없음,승용,여,48세,경상
2013120100100215,2013년 12월 1일 12시,일요일,광주광역시 서구 쌍촌동,경상사고,0,0,2,0,차대차 - 정면충돌,안전운전불이행,건조,맑음,단일로 - 기타,승용,남,54세,상해없음,승용,남,28세,경상
2013120100100216,2013년 12월 1일 12시,일요일,광주광역시 서구 유촌동,경상사고,0,0,2,0,차대차 - 추돌 - 주정차중,안전운전불이행,건조,맑음,단일로 - 기타,승용,남,56세,상해없음,승용,남,47세,경상
2013120100100243,2013년 12월 1일 13시,일요일,광주광역시 북구 동림동,경상사고,0,0,3,0,차대차 - 추돌 - 진행중,안전거리미확보,건조,맑음,단일로 - 기타,승용,남,53세,경상,승용,남,29세,경상
2013120100100308,2013년 12월 1일 16시,일요일,광주광역시 북구 운암동,경상사고,0,0,3,0,차대차 - 추돌 - 진행중,안전거리미확보,건조,맑음,단일로 - 기타,승용,남,49세,경상,승용,남,47세,상해없음
2013120100100337,2013년 12월 1일 17시,일요일,광주광역시 북구 문흥동,경상사고,0,0,1,0,차대사람 - 횡단중,안전운전불이행,건조,맑음,단일로 - 기타,승용,여,62세,상해없음,보행자,여,76세,경상
2013120100100338,2013년 12월 1일 17시,일요일,광주광역시 광산구 하남동,경상사고,0,0,2,0,차대차 - 추돌 - 진행중,안전운전불이행,건조,맑음,단일로 - 기타,승용,남,42세,상해없음,승용,남,62세,경상
2013120100100377,2013년 12월 1일 18시,일요일,광주광역시 서구 쌍촌동,경상사고,0,0,1,0,차대차 - 측면직각충돌,차로위반,건조,맑음,교차로 - 교차로부근,승용,남,55세,상해없음,승합,남,44세,경상
2013120100100406,2013년 12월 1일 19시,일요일,광주광역시 광산구 우산동,중상사고,0,1,3,0,차대차 - 기타,안전거리미확보,건조,맑음,단일로 - 기타,승용,남,32세,상해없음,승용,여,33세,경상
2013120100100407,2013년 12월 1일 19시,일요일,광주광역시 광산구 쌍암동,중상사고,0,1,0,0,차대차 - 측면직각충돌,교차로운행방법위반,건조,맑음,교차로 - 교차로안,승용,남,27세,상해없음,이륜,남,27세,중상
2013120100100457,2013년 12월 1일 21시,일요일,광주광역시 서구 농성동,경상사고,0,0,1,0,차대차 - 추돌 - 진행중,안전운전불이행,건조,맑음,교차로 - 교차로부근,승용,남,54세,상해없음,승용,남,27세,기타불명
2013120100100491,2013년 12월 1일 23시,일요일,광주광역시 북구 용봉동,경상사고,0,0,1,0,차대차 - 추돌 - 주정차중,안전운전불이행,건조,맑음,단일로 - 기타,승용,남,64세,상해없음,승용,남,26세,기타불명
2013120200100007,2013년 12월 2일 00시,월요일,광주광역시 남구 방림동,경상사고,0,0,5,0,차대차 - 기타,안전운전불이행,건조,맑음,단일로 - 기타,승용,남,55세,상해없음,승용,남,30세,상해없음
2013120200100044,2013년 12월 2일 05시,월요일,광주광역시 서구 치평동,경상사고,0,0,2,0,차대차 - 추돌 - 주정차중,안전운전불이행,건조,맑음,교차로 - 교차로부근,승용,남,51세,상해없음,승용,남,44세,경상
2013120200100100,2013년 12월 2일 07시,월요일,광주광역시 북구 용봉동,경상사고,0,0,1,0,차대사람 - 횡단중,신호위반,건조,맑음,단일로 - 횡단보도상,승용,남,41세,기타불명,보행자,남,21세,경상
2013120200100101,2013년 12월 2일 07시,월요일,광주광역시 북구 삼각동,경상사고,0,0,1,0,차대차 - 기타,교차로운행방법위반,건조,맑음,교차로 - 교차로안,승용,남,50세,상해없음,자전거,남,20세,경상
2013120200100102,2013년 12월 2일 07시,월요일,광주광역시 광산구 우산동,경상사고,0,0,1,0,차대차 - 추돌 - 진행중,안전거리미확보,건조,맑음,단일로 - 기타,승용,남,25세,상해없음,승용,남,50세,상해없음
2013120200100135,2013년 12월 2일 08시,월요일,광주광역시 동구 계림동,중상사고,0,1,0,0,차대차 - 측면직각충돌,안전운전불이행,건조,맑음,교차로 - 교차로부근,승용,여,44세,상해없음,자전거,남,56세,중상
2013120200100163,2013년 12월 2일 09시,월요일,광주광역시 광산구 산정동,경상사고,0,0,1,0,차대차 - 측면직각충돌,교차로운행방법위반,건조,맑음,교차로 - 교차로안,승용,남,56세,상해없음,승용,여,38세,경상
2013120200100238,2013년 12월 2일 12시,월요일,광주광역시 동구 계림동,경상사고,0,0,1,0,차대차 - 측면직각충돌,안전운전불이행,건조,맑음,교차로 - 교차로안,화물,남,44세,상해없음,자전거,여,63세,경상
2013120200100239,2013년 12월 2일 12시,월요일,광주광역시 서구 치평동,경상사고,0,0,3,0,차대차 - 기타,신호위반,건조,맑음,교차로 - 교차로안,승합,남,36세,상해없음,승용,남,45세,경상
2013120200100240,2013년 12월 2일 12시,월요일,광주광역시 서구 화정동,경상사고,0,0,1,0,차대사람 - 기타,안전운전불이행,건조,맑음,단일로 - 기타,승용,여,26세,상해없음,보행자,남,75세,경상
2013120200100241,2013년 12월 2일 12시,월요일,광주광역시 서구 풍암동,경상사고,0,0,2,0,차대차 - 기타,안전거리미확보,건조,맑음,단일로 - 기타,화물,남,39세,상해없음,승용,여,29세,경상
2013120200100286,2013년 12월 2일 14시,월요일,광주광역시 광산구 산월동,경상사고,0,0,2,0,차대차 - 추돌 - 진행중,안전거리미확보,건조,맑음,단일로 - 기타,승용,남,51세,상해없음,승용,남,50세,경상
2013120200100287,2013년 12월 2일 14시,월요일,광주광역시 광산구 하남동,경상사고,0,0,3,0,차대차 - 추돌 - 진행중,안전거리미확보,건조,맑음,단일로 - 기타,화물,남,39세,경상,승용,여,43세,경상
2013120200100380,2013년 12월 2일 17시,월요일,광주광역시 북구 중흥동,부상신고사고,0,0,0,1,차대사람 - 횡단중,안전운전불이행,건조,맑음,단일로 - 기타,기타불명,기타불명,기타불명,기타불명,보행자,남,12세,부상신고
2013120200100435,2013년 12월 2일 18시,월요일,광주광역시 서구 쌍촌동,경상사고,0,0,1,0,차대사람 - 횡단중,보행자보호의무위반,건조,맑음,단일로 - 기타,승용,남,53세,상해없음,보행자,남,36세,경상
2013120200100478,2013년 12월 2일 19시,월요일,광주광역시 서구 풍암동,경상사고,0,0,2,0,차대차 - 추돌 - 주정차중,안전운전불이행,건조,맑음,단일로 - 기타,화물,남,55세,상해없음,화물,남,73세,경상
2013120200100479,2013년 12월 2일 19시,월요일,광주광역시 광산구 도산동,중상사고,0,1,0,0,차대차 - 측면직각충돌,안전운전불이행,건조,맑음,교차로 - 교차로안,승용,남,58세,상해없음,자전거,여,60세,중상
2013120200100522,2013년 12월 2일 21시,월요일,광주광역시 남구 월산동,경상사고,0,0,1,0,차대차 - 추돌 - 진행중,안전거리미확보,건조,맑음,단일로 - 기타,승용,여,29세,상해없음,승용,남,41세,경상
2013120200100542,2013년 12월 2일 22시,월요일,광주광역시 북구 오치동,중상사고,0,1,1,0,차대차 - 기타,신호위반,건조,맑음,교차로 - 교차로안,승용,남,26세,상해없음,원동기,남,16세,경상
2013120200100568,2013년 12월 2일 23시,월요일,광주광역시 서구 금호동,경상사고,0,0,3,0,차대차 - 기타,안전운전불이행,건조,맑음,교차로 - 교차로안,승용,남,35세,상해없음,승용,남,36세,경상
2013120200100569,2013년 12월 2일 23시,월요일,광주광역시 북구 운암동,경상사고,0,0,3,0,차대차 - 측면직각충돌,안전운전불이행,건조,맑음,단일로 - 기타,승용,여,27세,상해없음,승용,여,45세,경상
2013120300100007,2013년 12월 3일 00시,화요일,광주광역시 서구 유촌동,경상사고,0,0,2,0,차대차 - 측면직각충돌,안전거리미확보,건조,맑음,교차로 - 교차로부근,승용,남,34세,상해없음,승용,남,32세,경상
2013120300100008,2013년 12월 3일 00시,화요일,광주광역시 북구 신안동,경상사고,0,0,1,0,차대차 - 기타,중앙선침범,건조,맑음,단일로 - 기타,승용,여,25세,상해없음,승용,남,23세,경상
2013120300100023,2013년 12월 3일 02시,화요일,광주광역시 북구 중흥동,중상사고,0,1,1,0,차대차 - 측면직각충돌,신호위반,건조,맑음,교차로 - 교차로안,승용,남,30세,상해없음,승용,남,54세,중상
2013120300100122,2013년 12월 3일 08시,화요일,광주광역시 광산구 비아동,경상사고,0,0,1,0,차대차 - 추돌 - 주정차중,안전운전불이행,건조,맑음,단일로 - 기타,승용,남,35세,상해없음,승용,남,57세,경상
2013120300100178,2013년 12월 3일 10시,화요일,광주광역시 남구 주월동,경상사고,0,0,1,0,차대차 - 측면직각충돌,교차로운행방법위반,건조,맑음,교차로 - 교차로안,화물,남,49세,상해없음,승용,남,26세,경상
2013120300100179,2013년 12월 3일 10시,화요일,광주광역시 북구 삼각동,경상사고,0,0,1,0,차대차 - 기타,안전운전불이행,건조,맑음,단일로 - 기타,승용,여,47세,상해없음,원동기,남,53세,경상
2013120300100202,2013년 12월 3일 11시,화요일,광주광역시 동구 금남로4가,중상사고,0,1,0,0,차대사람 - 횡단중,안전운전불이행,건조,맑음,단일로 - 기타,승용,남,61세,상해없음,보행자,여,70세,중상
2013120300100225,2013년 12월 3일 12시,화요일,광주광역시 서구 동천동,중상사고,0,1,0,0,차대차 - 측면직각충돌,안전운전불이행,건조,맑음,단일로 - 기타,승용,여,49세,상해없음,자전거,남,69세,중상
2013120300100226,2013년 12월 3일 12시,화요일,광주광역시 광산구 신가동,경상사고,0,0,1,0,차대차 - 기타,안전운전불이행,건조,맑음,단일로 - 기타,화물,남,58세,상해없음,승용,남,28세,경상
2013120300100275,2013년 12월 3일 14시,화요일,광주광역시 서구 화정동,경상사고,0,0,1,0,차대사람 - 기타,안전운전불이행,건조,맑음,기타 - 기타,승용,여,49세,상해없음,보행자,여,58세,경상
2013120300100301,2013년 12월 3일 15시,화요일,광주광역시 남구 월산동,경상사고,0,0,2,0,차대차 - 추돌 - 주정차중,안전운전불이행,건조,맑음,단일로 - 기타,승용,여,27세,상해없음,승용,남,68세,경상
2013120300100302,2013년 12월 3일 15시,화요일,광주광역시 남구 월산동,중상사고,0,1,0,0,차대사람 - 횡단중,안전운전불이행,건조,맑음,기타 - 기타,승용,남,32세,상해없음,보행자,여,73세,중상
2013120300100325,2013년 12월 3일 16시,화요일,광주광역시 광산구 장덕동,중상사고,0,1,0,0,차대차 - 기타,안전운전불이행,건조,맑음,단일로 - 기타,화물,남,33세,상해없음,화물,남,36세,중상
2013120300100360,2013년 12월 3일 17시,화요일,광주광역시 서구 쌍촌동,경상사고,0,0,1,0,차대차 - 측면직각충돌,차로위반,건조,흐림,단일로 - 기타,승합,남,69세,상해없음,이륜,남,16세,경상
2013120300100413,2013년 12월 3일 18시,화요일,광주광역시 서구 치평동,경상사고,0,0,1,0,차대차 - 추돌 - 주정차중,안전운전불이행,건조,맑음,교차로 - 교차로안,승용,남,46세,상해없음,승용,남,30세,경상
2013120300100452,2013년 12월 3일 19시,화요일,광주광역시 남구 임암동,중상사고,0,1,0,0,차대차 - 추돌 - 주정차중,안전거리미확보,건조,맑음,교차로 - 교차로부근,이륜,남,51세,중상,승용,여,42세,상해없음
2013120300100453,2013년 12월 3일 19시,화요일,광주광역시 광산구 송정동,경상사고,0,0,1,0,차대차 - 측면직각충돌,안전거리미확보,건조,맑음,단일로 - 기타,승용,남,34세,상해없음,이륜,남,17세,경상
2013120300100474,2013년 12월 3일 20시,화요일,광주광역시 남구 송하동,사망사고,1,0,0,0,차대차 - 측면직각충돌,교차로운행방법위반,건조,맑음,교차로 - 교차로안,이륜,남,16세,사망,승합,남,54세,상해없음
2013120300100475,2013년 12월 3일 20시,화요일,광주광역시 북구 풍향동,경상사고,0,0,1,0,차대차 - 측면직각충돌,교차로운행방법위반,건조,맑음,교차로 - 교차로안,승용,여,48세,상해없음,승용,남,27세,경상
2013120400100013,2013년 12월 4일 00시,수요일,광주광역시 서구 농성동,경상사고,0,0,1,0,차대차 - 측면직각충돌,신호위반,건조,맑음,교차로 - 교차로부근,승용,남,44세,상해없음,자전거,남,51세,경상
2013120400100014,2013년 12월 4일 00시,수요일,광주광역시 서구 쌍촌동,경상사고,0,0,2,0,차대차 - 기타,안전운전불이행,건조,맑음,기타 - 기타,이륜,남,15세,경상,승용,남,28세,경상
2013120400100038,2013년 12월 4일 01시,수요일,광주광역시 남구 봉선동,경상사고,0,0,2,0,차대차 - 추돌 - 진행중,안전운전불이행,건조,맑음,교차로 - 교차로부근,승용,남,33세,상해없음,승용,남,45세,경상
2013120400100112,2013년 12월 4일 07시,수요일,광주광역시 북구 운암동,경상사고,0,0,1,0,차대차 - 기타,안전운전불이행,건조,맑음,단일로 - 기타,승용,남,31세,상해없음,화물,남,50세,경상
2013120400100156,2013년 12월 4일 08시,수요일,광주광역시 북구 동림동,중상사고,0,1,0,0,차대차 - 기타,중앙선침범,건조,맑음,교차로 - 교차로부근,승용,남,47세,상해없음,이륜,남,36세,중상
2013120400100157,2013년 12월 4일 08시,수요일,광주광역시 광산구 월전동,경상사고,0,0,2,0,차대차 - 추돌 - 진행중,안전운전불이행,건조,맑음,단일로 - 기타,승용,남,34세,상해없음,승용,남,42세,경상
2013120400100186,2013년 12월 4일 09시,수요일,광주광역시 광산구 우산동,경상사고,0,0,1,0,차대차 - 기타,안전운전불이행,습기,안개,단일로 - 기타,승용,남,46세,상해없음,승용,여,56세,경상
2013120400100209,2013년 12월 4일 10시,수요일,광주광역시 광산구 운남동,중상사고,0,1,0,0,차대사람 - 횡단중,보행자보호의무위반,건조,맑음,교차로 - 교차로부근,승용,여,34세,상해없음,보행자,여,83세,중상
2013120400100273,2013년 12월 4일 13시,수요일,광주광역시 동구 장동,중상사고,0,1,0,0,차대차 - 측면직각충돌,안전운전불이행,건조,맑음,단일로 - 기타,승용,남,51세,상해없음,원동기,남,21세,중상
2013120400100274,2013년 12월 4일 13시,수요일,광주광역시 북구 신안동,중상사고,0,1,0,0,차대차 - 측면직각충돌,교차로운행방법위반,건조,맑음,단일로 - 기타,승용,남,54세,상해없음,원동기,남,17세,중상
2013120400100275,2013년 12월 4일 13시,수요일,광주광역시 광산구 소촌동,중상사고,0,1,1,0,차대차 - 추돌 - 주정차중,안전운전불이행,건조,맑음,단일로 - 교량,화물,남,41세,상해없음,화물,남,46세,경상
2013120400100276,2013년 12월 4일 13시,수요일,광주광역시 광산구 우산동,경상사고,0,0,3,0,차대차 - 기타,안전거리미확보,건조,맑음,단일로 - 기타,화물,남,37세,상해없음,승용,남,60세,경상
2013120400100302,2013년 12월 4일 14시,수요일,광주광역시 광산구 월전동,경상사고,0,0,3,0,차대차 - 추돌 - 진행중,교차로운행방법위반,건조,맑음,교차로 - 교차로부근,화물,남,33세,상해없음,승용,여,35세,경상
2013120400100345,2013년 12월 4일 16시,수요일,광주광역시 북구 두암동,경상사고,0,0,1,0,차대사람 - 길가장자리구역통행중,안전운전불이행,건조,맑음,단일로 - 기타,승용,남,64세,상해없음,보행자,여,49세,경상
2013120400100430,2013년 12월 4일 18시,수요일,광주광역시 북구 신용동,중상사고,0,1,0,0,차대차 - 측면직각충돌,안전거리미확보,건조,맑음,단일로 - 기타,승용,여,24세,상해없음,원동기,남,23세,중상
2013120400100465,2013년 12월 4일 19시,수요일,광주광역시 동구 금남로5가,경상사고,0,0,1,0,차대사람 - 횡단중,안전운전불이행,건조,맑음,교차로 - 교차로안,승용,남,28세,상해없음,보행자,남,49세,경상
2013120400100466,2013년 12월 4일 19시,수요일,광주광역시 광산구 신가동,경상사고,0,0,2,0,차대차 - 측면직각충돌,신호위반,건조,맑음,교차로 - 교차로안,승용,여,53세,경상,이륜,남,24세,경상
2013120400100490,2013년 12월 4일 20시,수요일,광주광역시 동구 계림동,경상사고,0,0,2,0,차대차 - 측면직각충돌,안전운전불이행,건조,맑음,단일로 - 기타,승용,남,28세,상해없음,승용,남,26세,경상
2013120400100491,2013년 12월 4일 20시,수요일,광주광역시 서구 유촌동,경상사고,0,0,1,0,차대차 - 측면직각충돌,안전운전불이행,건조,맑음,교차로 - 교차로부근,승용,남,45세,기타불명,승용,남,31세,경상
2013120400100558,2013년 12월 4일 23시,수요일,광주광역시 광산구 신촌동,중상사고,0,1,1,0,차대차 - 측면직각충돌,중앙선침범,건조,맑음,단일로 - 기타,화물,남,24세,경상,승용,남,50세,중상
2013120500100029,2013년 12월 5일 01시,목요일,광주광역시 북구 신용동,경상사고,0,0,1,0,차대차 - 측면직각충돌,안전운전불이행,건조,맑음,단일로 - 기타,승용,남,48세,상해없음,승용,남,51세,경상
2013120500100052,2013년 12월 5일 03시,목요일,광주광역시 서구 광천동,경상사고,0,0,2,0,차대차 - 측면직각충돌,교차로운행방법위반,건조,맑음,단일로 - 기타,승용,여,43세,경상,승용,남,23세,경상
2013120500100053,2013년 12월 5일 03시,목요일,광주광역시 광산구 우산동,중상사고,0,1,1,0,차대차 - 측면직각충돌,안전운전불이행,기타,안개,단일로 - 교량,화물,남,39세,경상,승용,남,31세,중상
2013120500100186,2013년 12월 5일 10시,목요일,광주광역시 북구 운암동,중상사고,0,1,2,0,차대차 - 기타,기타,건조,맑음,교차로 - 교차로안,화물,남,57세,중상,승용,남,48세,상해없음
2013120500100187,2013년 12월 5일 10시,목요일,광주광역시 광산구 월곡동,경상사고,0,0,1,1,차대차 - 추돌 - 진행중,기타,건조,맑음,교차로 - 교차로안,원동기,남,54세,부상신고,승용,여,34세,상해없음
2013120500100231,2013년 12월 5일 12시,목요일,광주광역시 광산구 비아동,중상사고,0,1,3,0,차대차 - 기타,불법유턴,건조,맑음,단일로 - 기타,승용,여,47세,상해없음,승용,남,39세,경상
2013120500100251,2013년 12월 5일 13시,목요일,광주광역시 북구 두암동,경상사고,0,0,1,0,차대사람 - 기타,안전운전불이행,건조,맑음,단일로 - 기타,승용,남,48세,상해없음,보행자,여,75세,경상
2013120500100275,2013년 12월 5일 14시,목요일,광주광역시 북구 오치동,경상사고,0,0,1,0,차대사람 - 기타,안전운전불이행,건조,맑음,단일로 - 기타,기타불명,기타불명,기타불명,기타불명,보행자,남,10세,경상
2013120500100276,2013년 12월 5일 14시,목요일,광주광역시 북구 각화동,경상사고,0,0,2,0,차대차 - 기타,안전운전불이행,건조,맑음,기타 - 기타,승용,여,69세,상해없음,승용,여,40세,경상
2013120500100329,2013년 12월 5일 16시,목요일,광주광역시 북구 각화동,경상사고,0,0,1,0,차대차 - 측면직각충돌,차로위반,건조,맑음,단일로 - 기타,화물,남,48세,상해없음,승용,남,62세,경상
2013120500100419,2013년 12월 5일 18시,목요일,광주광역시 동구 서석동,경상사고,0,0,1,0,차대차 - 추돌 - 주정차중,안전운전불이행,건조,맑음,교차로 - 교차로부근,승용,남,28세,상해없음,승용,남,55세,경상
2013120500100420,2013년 12월 5일 18시,목요일,광주광역시 동구 동명동,중상사고,0,1,0,0,차대사람 - 횡단중,안전운전불이행,건조,맑음,기타 - 기타,승용,남,36세,상해없음,보행자,남,70세,중상
2013120500100421,2013년 12월 5일 18시,목요일,광주광역시 서구 치평동,경상사고,0,0,7,0,차대차 - 추돌 - 진행중,안전거리미확보,건조,맑음,교차로 - 교차로부근,승합,남,52세,상해없음,승용,남,60세,상해없음
2013120500100422,2013년 12월 5일 18시,목요일,광주광역시 서구 광천동,경상사고,0,0,1,0,차대차 - 측면직각충돌,안전운전불이행,건조,맑음,단일로 - 기타,화물,남,65세,상해없음,자전거,여,56세,경상
2013120500100471,2013년 12월 5일 19시,목요일,광주광역시 광산구 운남동,중상사고,0,1,0,0,차대사람 - 기타,안전운전불이행,건조,맑음,교차로 - 교차로안,화물,남,31세,상해없음,보행자,여,71세,중상
2013120500100472,2013년 12월 5일 19시,목요일,광주광역시 광산구 우산동,중상사고,0,1,0,0,차대차 - 기타,안전거리미확보,건조,맑음,단일로 - 기타,승합,남,43세,상해없음,승용,남,44세,중상
2013120500100533,2013년 12월 5일 21시,목요일,광주광역시 남구 백운동,경상사고,0,0,1,0,차대차 - 기타,교차로운행방법위반,건조,맑음,교차로 - 교차로안,승용,남,37세,상해없음,원동기,남,39세,경상
2013120500100558,2013년 12월 5일 22시,목요일,광주광역시 서구 화정동,사망사고,1,0,0,0,차대차 - 측면직각충돌,안전거리미확보,건조,맑음,단일로 - 기타,이륜,남,27세,사망,승용,남,36세,상해없음
2013120600100019,2013년 12월 6일 00시,금요일,광주광역시 광산구 월계동,경상사고,0,0,1,0,차대차 - 측면직각충돌,안전운전불이행,건조,맑음,단일로 - 기타,승용,남,30세,상해없음,승용,남,33세,경상
2013120600100041,2013년 12월 6일 02시,금요일,광주광역시 북구 각화동,중상사고,0,1,1,0,차대차 - 측면직각충돌,신호위반,건조,맑음,교차로 - 교차로안,승용,남,31세,중상,승용,남,43세,경상
2013120600100079,2013년 12월 6일 06시,금요일,광주광역시 서구 금호동,경상사고,0,0,1,0,차대차 - 추돌 - 주정차중,안전거리미확보,건조,맑음,교차로 - 교차로부근,승용,남,38세,상해없음,승용,남,40세,경상
2013120600100192,2013년 12월 6일 10시,금요일,광주광역시 북구 운암동,경상사고,0,0,3,0,차대차 - 추돌 - 주정차중,안전운전불이행,건조,맑음,단일로 - 기타,승용,남,53세,상해없음,승용,여,38세,경상