사고번호,사고일시,요일,시군구,사고내용,사망자수,중상자수,경상자수,부상신고자수,사고유형,법규위반,노면상태,기상상태,도로형태,가해운전자 차종,가해운전자 성별,가해운전자 연령,가해운전자 상해정도,피해운전자 차종,피해운전자 성별,피해운전자 연령,피해운전자 상해정도
2013120600100193,2013년 12월 6일 10시,금요일,광주광역시 북구 각화동,중상사고,0,1,2,0,차대차 - 측면직각충돌,신호위반,건조,맑음,교차로 - 교차로안,승용,남,45세,경상,화물,남,41세,중상
2013120600100229,2013년 12월 6일 11시,금요일,광주광역시 북구 중흥동,경상사고,0,0,3,0,차대차 - 측면직각충돌,안전운전불이행,건조,맑음,단일로 - 기타,승용,여,49세,경상,승용,남,45세,경상
2013120600100291,2013년 12월 6일 13시,금요일,광주광역시 북구 중흥동,경상사고,0,0,1,0,차대차 - 측면직각충돌,안전운전불이행,건조,맑음,단일로 - 기타,승용,여,28세,상해없음,승용,남,48세,경상
2013120600100292,2013년 12월 6일 13시,금요일,광주광역시 광산구 하남동,경상사고,0,0,2,0,차대차 - 측면직각충돌,신호위반,건조,맑음,교차로 - 교차로안,승용,남,51세,상해없음,화물,남,35세,경상
2013120600100334,2013년 12월 6일 14시,금요일,광주광역시 동구 산수동,중상사고,0,1,0,0,차대차 - 측면직각충돌,직진우회전진행방해,건조,맑음,교차로 - 교차로안,이륜,남,67세,중상,승용,여,45세,상해없음
2013120600100377,2013년 12월 6일 15시,금요일,광주광역시 서구 농성동,경상사고,0,0,1,0,차대차 - 측면직각충돌,신호위반,건조,맑음,교차로 - 교차로안,승용,남,44세,상해없음,승용,여,58세,경상
2013120600100452,2013년 12월 6일 17시,금요일,광주광역시 남구 주월동,경상사고,0,0,2,0,차대차 - 추돌 - 진행중,안전운전불이행,건조,맑음,단일로 - 기타,승용,여,58세,상해없음,승용,남,31세,경상
2013120600100453,2013년 12월 6일 17시,금요일,광주광역시 북구 중흥동,경상사고,0,0,1,0,차대차 - 기타,기타,건조,맑음,단일로 - 기타,승용,남,53세,상해없음,화물,남,57세,경상
2013120600100508,2013년 12월 6일 18시,금요일,광주광역시 서구 치평동,경상사고,0,0,1,0,차대차 - 기타,안전운전불이행,건조,맑음,교차로 - 교차로안,승용,남,37세,상해없음,승용,남,35세,경상
2013120600100509,2013년 12월 6일 18시,금요일,광주광역시 남구 백운동,경상사고,0,0,1,0,차대차 - 측면직각충돌,교차로운행방법위반,건조,맑음,교차로 - 교차로부근,승용,남,55세,상해없음,승용,여,52세,경상
2013120600100510,2013년 12월 6일 18시,금요일,광주광역시 광산구 운남동,중상사고,0,1,0,0,차대사람 - 기타,안전운전불이행,건조,맑음,단일로 - 기타,승용,여,35세,상해없음,보행자,여,78세,중상
2013120700100031,2013년 12월 7일 00시,토요일,광주광역시 서구 풍암동,경상사고,0,0,1,0,차대차 - 추돌 - 주정차중,안전운전불이행,건조,맑음,교차로 - 교차로부근,승용,남,33세,기타불명,승용,남,37세,경상
2013120700100032,2013년 12월 7일 00시,토요일,광주광역시 북구 두암동,경상사고,0,0,1,0,차대차 - 측면직각충돌,교차로운행방법위반,건조,맑음,교차로 - 교차로안,이륜,남,17세,경상,승용,남,29세,상해없음
2013120700100033,2013년 12월 7일 00시,토요일,광주광역시 광산구 신창동,경상사고,0,0,1,0,차대사람 - 차도통행중,중앙선침범,건조,맑음,단일로 - 기타,승용,여,46세,상해없음,보행자,남,36세,경상
2013120700100034,2013년 12월 7일 00시,토요일,광주광역시 광산구 수완동,경상사고,0,0,1,0,차대차 - 측면직각충돌,안전거리미확보,건조,맑음,교차로 - 교차로부근,승용,남,60세,상해없음,이륜,남,18세,경상
2013120700100103,2013년 12월 7일 05시,토요일,광주광역시 광산구 선암동,사망사고,1,0,0,0,차대사람 - 횡단중,과속,건조,맑음,단일로 - 터널,화물,남,38세,상해없음,보행자,남,66세,사망
2013120700100191,2013년 12월 7일 10시,토요일,광주광역시 서구 양동,경상사고,0,0,1,0,차대사람 - 횡단중,보행자보호의무위반,건조,맑음,기타 - 기타,화물,남,54세,상해없음,보행자,여,70세,경상
2013120700100192,2013년 12월 7일 10시,토요일,광주광역시 광산구 월전동,경상사고,0,0,2,0,차대차 - 추돌 - 진행중,안전운전불이행,건조,맑음,단일로 - 기타,승용,여,48세,상해없음,화물,남,45세,경상
2013120700100218,2013년 12월 7일 11시,토요일,광주광역시 북구 매곡동,경상사고,0,0,1,0,차대차 - 추돌 - 진행중,안전거리미확보,건조,맑음,단일로 - 기타,승용,남,31세,상해없음,승용,남,39세,경상
2013120700100219,2013년 12월 7일 11시,토요일,광주광역시 북구 우산동,부상신고사고,0,0,0,1,차량단독 - 기타,안전운전불이행,건조,맑음,단일로 - 기타,승합,남,58세,상해없음,,,,
2013120700100242,2013년 12월 7일 12시,토요일,광주광역시 동구 계림동,중상사고,0,1,0,0,차대차 - 기타,안전운전불이행,건조,맑음,교차로 - 교차로부근,승용,남,38세,상해없음,자전거,여,33세,중상
2013120700100243,2013년 12월 7일 12시,토요일,광주광역시 서구 광천동,경상사고,0,0,1,0,차대차 - 측면직각충돌,중앙선침범,건조,맑음,단일로 - 기타,승용,남,64세,상해없음,이륜,남,57세,경상
2013120700100244,2013년 12월 7일 12시,토요일,광주광역시 북구 일곡동,중상사고,0,1,0,0,차대차 - 기타,안전운전불이행,건조,맑음,교차로 - 교차로부근,건설기계,남,49세,상해없음,자전거,남,9세,중상
2013120700100245,2013년 12월 7일 12시,토요일,광주광역시 북구 운암동,경상사고,0,0,2,0,차대차 - 추돌 - 진행중,교차로운행방법위반,건조,맑음,교차로 - 교차로부근,승용,남,42세,상해없음,승용,여,61세,경상
2013120700100352,2013년 12월 7일 15시,토요일,광주광역시 서구 농성동,경상사고,0,0,2,0,차대차 - 기타,안전거리미확보,건조,맑음,단일로 - 기타,승용,여,54세,상해없음,승용,여,28세,경상
2013120700100353,2013년 12월 7일 15시,토요일,광주광역시 북구 동림동,중상사고,0,1,0,0,차대차 - 측면직각충돌,안전거리미확보,건조,맑음,단일로 - 기타,화물,남,36세,상해없음,이륜,남,22세,중상
2013120700100377,2013년 12월 7일 16시,토요일,광주광역시 북구 운암동,경상사고,0,0,1,0,차대차 - 추돌 - 진행중,안전운전불이행,건조,맑음,단일로 - 기타,승용,남,66세,상해없음,승용,남,52세,경상
2013120700100452,2013년 12월 7일 18시,토요일,광주광역시 광산구 월계동,중상사고,0,1,0,0,차대차 - 정면충돌,안전운전불이행,건조,맑음,단일로 - 기타,승용,남,46세,상해없음,이륜,남,18세,중상
2013120700100453,2013년 12월 7일 18시,토요일,광주광역시 광산구 산정동,경상사고,0,0,1,0,차대차 - 추돌 - 진행중,신호위반,건조,맑음,교차로 - 교차로안,화물,남,65세,상해없음,승용,여,31세,경상
2013120700100454,2013년 12월 7일 18시,토요일,광주광역시 광산구 산월동,중상사고,0,1,0,0,차대사람 - 횡단중,보행자보호의무위반,건조,맑음,교차로 - 교차로부근,화물,남,51세,상해없음,보행자,여,72세,중상
2013120700100488,2013년 12월 7일 19시,토요일,광주광역시 서구 풍암동,경상사고,0,0,1,0,차대차 - 추돌 - 주정차중,안전운전불이행,건조,맑음,교차로 - 교차로부근,승용,남,50세,상해없음,승용,남,50세,경상
2013120700100516,2013년 12월 7일 20시,토요일,광주광역시 서구 치평동,중상사고,0,1,0,0,차대차 - 측면직각충돌,안전운전불이행,건조,흐림,단일로 - 기타,승용,여,38세,상해없음,이륜,남,18세,중상
2013120700100517,2013년 12월 7일 20시,토요일,광주광역시 서구 치평동,경상사고,0,0,3,0,차대차 - 기타,교차로운행방법위반,건조,맑음,교차로 - 교차로안,승용,남,23세,경상,승용,남,55세,경상
2013120700100518,2013년 12월 7일 20시,토요일,광주광역시 북구 각화동,사망사고,1,0,0,0,차대사람 - 횡단중,안전운전불이행,건조,맑음,단일로 - 기타,승용,남,23세,상해없음,보행자,남,50세,사망
2013120700100538,2013년 12월 7일 21시,토요일,광주광역시 서구 내방동,부상신고사고,0,0,0,1,차대사람 - 기타,보행자보호의무위반,건조,맑음,교차로 - 교차로안,기타불명,기타불명,기타불명,기타불명,보행자,여,52세,부상신고
2013120700100570,2013년 12월 7일 22시,토요일,광주광역시 서구 쌍촌동,경상사고,0,0,1,0,차대사람 - 기타,안전운전불이행,건조,맑음,단일로 - 기타,승용,남,22세,상해없음,보행자,남,50세,경상
2013120700100571,2013년 12월 7일 22시,토요일,광주광역시 남구 봉선동,경상사고,0,0,2,0,차대차 - 추돌 - 진행중,안전운전불이행,건조,맑음,단일로 - 기타,이륜,남,21세,경상,승용,남,24세,경상
2013120700100572,2013년 12월 7일 22시,토요일,광주광역시 광산구 신창동,경상사고,0,0,2,0,차대차 - 추돌 - 진행중,안전운전불이행,건조,맑음,교차로 - 교차로안,승용,여,58세,상해없음,승용,남,61세,경상
2013120700100602,2013년 12월 7일 23시,토요일,광주광역시 남구 봉선동,중상사고,0,1,1,0,차대차 - 측면직각충돌,신호위반,건조,맑음,교차로 - 교차로안,승용,남,51세,상해없음,승용,남,60세,상해없음
2013120800100043,2013년 12월 8일 01시,일요일,광주광역시 북구 오치동,중상사고,0,1,1,0,차대사람 - 횡단중,안전운전불이행,건조,맑음,단일로 - 기타,화물,남,39세,상해없음,보행자,여,53세,중상
2013120800100063,2013년 12월 8일 02시,일요일,광주광역시 서구 치평동,경상사고,0,0,1,0,차대사람 - 기타,안전운전불이행,건조,맑음,단일로 - 기타,승용,여,23세,상해없음,보행자,남,26세,경상
2013120800100092,2013년 12월 8일 04시,일요일,광주광역시 광산구 운남동,경상사고,0,0,1,0,차대차 - 정면충돌,중앙선침범,건조,맑음,교차로 - 교차로부근,승용,남,34세,상해없음,승용,여,35세,경상
2013120800100102,2013년 12월 8일 05시,일요일,광주광역시 서구 치평동,경상사고,0,0,1,0,차대사람 - 기타,안전운전불이행,건조,맑음,단일로 - 기타,승용,남,25세,상해없음,보행자,여,21세,경상
2013120800100103,2013년 12월 8일 05시,일요일,광주광역시 남구 서동,중상사고,0,1,0,0,차대사람 - 기타,안전운전불이행,건조,맑음,단일로 - 기타,승용,여,57세,상해없음,보행자,남,85세,중상
2013120800100121,2013년 12월 8일 06시,일요일,광주광역시 광산구 도천동,경상사고,0,0,1,0,차대차 - 추돌 - 주정차중,안전운전불이행,건조,맑음,교차로 - 교차로부근,화물,남,45세,상해없음,승용,여,44세,경상
2013120800100212,2013년 12월 8일 12시,일요일,광주광역시 서구 화정동,경상사고,0,0,1,0,차대차 - 추돌 - 진행중,안전거리미확보,건조,맑음,단일로 - 기타,승용,남,37세,상해없음,승용,남,40세,경상
2013120800100266,2013년 12월 8일 14시,일요일,광주광역시 광산구 운수동,경상사고,0,0,1,0,차대차 - 추돌 - 진행중,안전운전불이행,건조,맑음,교차로 - 교차로부근,승용,남,37세,상해없음,승용,여,25세,경상
2013120800100293,2013년 12월 8일 15시,일요일,광주광역시 동구 소태동,경상사고,0,0,1,0,차대차 - 추돌 - 진행중,안전거리미확보,건조,맑음,단일로 - 터널,승용,남,46세,상해없음,승용,여,47세,경상
2013120800100294,2013년 12월 8일 15시,일요일,광주광역시 서구 광천동,중상사고,0,3,4,0,차대차 - 추돌 - 진행중,안전운전불이행,건조,맑음,단일로 - 기타,승용,남,49세,경상,승용,남,36세,경상
2013120800100324,2013년 12월 8일 16시,일요일,광주광역시 북구 용봉동,경상사고,0,0,2,0,차대차 - 측면직각충돌,안전거리미확보,건조,맑음,단일로 - 기타,승용,남,67세,경상,승용,남,18세,경상
2013120800100357,2013년 12월 8일 17시,일요일,광주광역시 광산구 우산동,경상사고,0,0,7,0,차대차 - 추돌 - 진행중,안전거리미확보,습기,비,단일로 - 기타,승합,남,44세,경상,승용,남,55세,경상
2013120800100442,2013년 12월 8일 19시,일요일,광주광역시 남구 진월동,경상사고,0,0,1,0,차대차 - 추돌 - 진행중,안전운전불이행,건조,맑음,단일로 - 기타,승용,남,31세,상해없음,이륜,남,18세,경상
2013120800100466,2013년 12월 8일 20시,일요일,광주광역시 남구 송하동,경상사고,0,0,3,0,차대차 - 측면직각충돌,안전운전불이행,건조,맑음,단일로 - 기타,화물,남,57세,상해없음,승용,남,32세,경상
2013120800100502,2013년 12월 8일 22시,일요일,광주광역시 서구 쌍촌동,경상사고,0,0,1,0,차대차 - 기타,안전거리미확보,건조,맑음,교차로 - 교차로안,승용,여,57세,상해없음,승용,여,41세,경상
2013120900100038,2013년 12월 9일 04시,월요일,광주광역시 동구 금남로4가,경상사고,0,0,6,0,차대차 - 측면직각충돌,신호위반,건조,맑음,교차로 - 교차로안,승용,여,18세,경상,승용,여,43세,경상
2013120900100067,2013년 12월 9일 06시,월요일,광주광역시 남구 월산동,중상사고,0,1,0,0,차대차 - 측면직각충돌,안전운전불이행,건조,맑음,교차로 - 교차로안,승용,남,31세,상해없음,이륜,남,54세,중상
2013120900100068,2013년 12월 9일 06시,월요일,광주광역시 남구 월산동,부상신고사고,0,0,0,1,차대차 - 추돌 - 주정차중,안전운전불이행,건조,맑음,단일로 - 기타,원동기,남,21세,부상신고,승용,남,53세,상해없음
2013120900100136,2013년 12월 9일 08시,월요일,광주광역시 남구 백운동,경상사고,0,0,1,0,차대차 - 기타,안전거리미확보,건조,맑음,단일로 - 기타,승합,남,55세,상해없음,승용,남,63세,경상
2013120900100137,2013년 12월 9일 08시,월요일,광주광역시 북구 운암동,경상사고,0,0,4,0,차대차 - 측면직각충돌,중앙선침범,건조,맑음,교차로 - 교차로부근,승용,여,50세,상해없음,승용,남,24세,경상
2013120900100218,2013년 12월 9일 11시,월요일,광주광역시 광산구 수완동,경상사고,0,0,1,0,차대차 - 측면직각충돌,안전거리미확보,건조,맑음,교차로 - 교차로안,농기계,남,49세,상해없음,승용,여,34세,경상
2013120900100243,2013년 12월 9일 12시,월요일,광주광역시 동구 광산동,경상사고,0,0,1,0,차대차 - 측면직각충돌,안전운전불이행,건조,맑음,교차로 - 교차로안,승용,남,71세,상해없음,승용,남,29세,경상
2013120900100244,2013년 12월 9일 12시,월요일,광주광역시 광산구 수완동,경상사고,0,0,2,0,차대차 - 추돌 - 진행중,직진우회전진행방해,습기,비,교차로 - 교차로안,승용,여,71세,경상,승용,남,26세,경상
2013120900100321,2013년 12월 9일 15시,월요일,광주광역시 북구 일곡동,중상사고,0,1,0,0,차대사람 - 기타,안전운전불이행,습기,비,단일로 - 기타,승용,남,58세,상해없음,보행자,남,6세,중상
2013120900100344,2013년 12월 9일 16시,월요일,광주광역시 서구 풍암동,경상사고,0,0,2,0,차대차 - 측면직각충돌,안전운전불이행,습기,흐림,교차로 - 교차로안,승용,여,44세,경상,원동기,남,16세,경상
2013120900100407,2013년 12월 9일 17시,월요일,광주광역시 서구 치평동,경상사고,0,0,5,0,차대차 - 측면직각충돌,교차로운행방법위반,습기,비,교차로 - 교차로안,승용,여,61세,경상,화물,남,53세,경상
2013120900100408,2013년 12월 9일 17시,월요일,광주광역시 서구 동천동,경상사고,0,0,1,0,차대차 - 추돌 - 주정차중,안전운전불이행,건조,맑음,단일로 - 기타,승용,남,59세,상해없음,승용,남,35세,경상
2013120900100474,2013년 12월 9일 18시,월요일,광주광역시 광산구 수완동,경상사고,0,0,2,0,차대차 - 측면직각충돌,안전운전불이행,습기,비,교차로 - 교차로부근,승용,남,29세,경상,자전거,여,40세,경상
2013120900100475,2013년 12월 9일 18시,월요일,광주광역시 광산구 하남동,경상사고,0,0,1,0,차대차 - 측면직각충돌,차로위반,건조,맑음,교차로 - 교차로부근,승용,남,42세,상해없음,화물,남,42세,경상
2013120900100521,2013년 12월 9일 19시,월요일,광주광역시 서구 치평동,경상사고,0,0,1,0,차량단독 - 기타,기타,건조,맑음,단일로 - 기타,승합,남,57세,상해없음,,,,
2013120900100522,2013년 12월 9일 19시,월요일,광주광역시 광산구 신가동,경상사고,0,0,1,0,차대사람 - 차도통행중,안전운전불이행,습기,비,단일로 - 기타,승합,기타불명,기타불명,기타불명,보행자,여,18세,경상
2013120900100556,2013년 12월 9일 20시,월요일,광주광역시 북구 용봉동,경상사고,0,0,1,0,차대사람 - 길가장자리구역통행중,안전운전불이행,건조,맑음,단일로 - 기타,기타불명,기타불명,기타불명,기타불명,보행자,남,50세,경상
2013120900100590,2013년 12월 9일 21시,월요일,광주광역시 광산구 수완동,경상사고,0,0,2,0,차대차 - 측면직각충돌,안전거리미확보,건조,맑음,교차로 - 교차로안,승용,여,27세,상해없음,승용,남,61세,경상
2013120900100645,2013년 12월 9일 23시,월요일,광주광역시 북구 연제동,경상사고,0,0,1,0,차대차 - 추돌 - 주정차중,안전운전불이행,건조,맑음,단일로 - 기타,승용,남,33세,경상,화물,남,51세,상해없음
2013121000100024,2013년 12월 10일 01시,화요일,광주광역시 서구 화정동,경상사고,0,0,1,0,차대사람 - 기타,안전운전불이행,건조,흐림,단일로 - 기타,승용,여,46세,상해없음,보행자,남,22세,경상
2013121000100029,2013년 12월 10일 02시,화요일,광주광역시 북구 용봉동,중상사고,0,1,1,0,차대차 - 측면직각충돌,중앙선침범,건조,맑음,단일로 - 기타,승용,남,41세,상해없음,승용,남,60세,경상
2013121000100035,2013년 12월 10일 03시,화요일,광주광역시 동구 호남동,경상사고,0,0,1,0,차대차 - 측면직각충돌,신호위반,건조,흐림,교차로 - 교차로안,승용,남,22세,상해없음,승용,남,63세,경상
2013121000100106,2013년 12월 10일 08시,화요일,광주광역시 광산구 장덕동,경상사고,0,0,1,0,차대차 - 추돌 - 진행중,안전운전불이행,건조,맑음,교차로 - 교차로부근,화물,남,23세,상해없음,승용,남,58세,경상
2013121000100126,2013년 12월 10일 09시,화요일,광주광역시 북구 용두동,경상사고,0,0,1,0,차대차 - 기타,안전운전불이행,건조,맑음,기타 - 기타,승용,여,45세,상해없음,승용,남,40세,경상
2013121000100163,2013년 12월 10일 11시,화요일,광주광역시 서구 유촌동,경상사고,0,0,5,0,차대차 - 기타,안전운전불이행,건조,맑음,단일로 - 기타,승용,남,21세,기타불명,승합,남,35세,경상
2013121000100164,2013년 12월 10일 11시,화요일,광주광역시 북구 임동,경상사고,0,0,1,0,차대사람 - 횡단중,신호위반,건조,맑음,단일로 - 횡단보도상,승용,남,49세,상해없음,보행자,여,19세,경상
2013121000100186,2013년 12월 10일 12시,화요일,광주광역시 남구 월산동,경상사고,0,0,1,0,차대차 - 기타,안전운전불이행,건조,맑음,단일로 - 기타,승용,여,50세,상해없음,승용,여,57세,경상
2013121000100207,2013년 12월 10일 13시,화요일,광주광역시 남구 월산동,경상사고,0,0,1,0,차대차 - 측면직각충돌,교차로운행방법위반,건조,맑음,교차로 - 교차로안,승용,여,44세,상해없음,자전거,남,67세,경상
2013121000100232,2013년 12월 10일 14시,화요일,광주광역시 서구 매월동,중상사고,0,1,1,0,차대차 - 측면직각충돌,안전거리미확보,건조,맑음,단일로 - 기타,이륜,남,23세,중상,화물,남,27세,경상
2013121000100233,2013년 12월 10일 14시,화요일,광주광역시 서구 치평동,중상사고,0,1,0,0,차대차 - 추돌 - 진행중,안전운전불이행,건조,맑음,교차로 - 교차로안,승용,여,49세,상해없음,자전거,남,76세,중상
2013121000100277,2013년 12월 10일 16시,화요일,광주광역시 남구 주월동,경상사고,0,0,1,0,차대차 - 추돌 - 진행중,안전운전불이행,건조,맑음,단일로 - 기타,승용,남,54세,상해없음,승용,여,48세,경상
2013121000100313,2013년 12월 10일 17시,화요일,광주광역시 북구 우산동,경상사고,0,0,1,0,차대사람 - 횡단중,신호위반,건조,맑음,교차로 - 교차로안,화물,남,61세,상해없음,보행자,여,28세,경상
2013121000100314,2013년 12월 10일 17시,화요일,광주광역시 광산구 신가동,중상사고,0,1,1,0,차대차 - 기타,안전운전불이행,건조,맑음,교차로 - 교차로안,승용,여,55세,경상,승용,남,56세,상해없음
2013121000100356,2013년 12월 10일 18시,화요일,광주광역시 서구 광천동,경상사고,0,0,2,0,차대차 - 기타,안전운전불이행,건조,맑음,단일로 - 기타,승용,남,51세,상해없음,승용,남,41세,경상
2013121000100357,2013년 12월 10일 18시,화요일,광주광역시 북구 신안동,경상사고,0,0,2,0,차대차 - 추돌 - 주정차중,안전거리미확보,건조,맑음,단일로 - 기타,승용,남,58세,상해없음,승용,남,40세,경상
2013121000100392,2013년 12월 10일 19시,화요일,광주광역시 북구 운암동,경상사고,0,0,1,0,차대사람 - 기타,안전운전불이행,건조,맑음,단일로 - 기타,승합,남,53세,상해없음,보행자,남,47세,경상
2013121000100393,2013년 12월 10일 19시,화요일,광주광역시 북구 중흥동,중상사고,0,1,0,0,차대차 - 측면직각충돌,신호위반,건조,맑음,교차로 - 교차로안,승용,남,37세,상해없음,승용,여,54세,중상
2013121000100424,2013년 12월 10일 20시,화요일,광주광역시 서구 풍암동,경상사고,0,0,1,0,차대차 - 측면직각충돌,안전운전불이행,건조,맑음,단일로 - 기타,승합,남,31세,상해없음,승용,남,56세,경상
2013121000100425,2013년 12월 10일 20시,화요일,광주광역시 광산구 월계동,경상사고,0,0,1,0,차대차 - 측면직각충돌,안전운전불이행,건조,맑음,교차로 - 교차로부근,승용,남,50세,상해없음,이륜,여,20세,경상
2013121000100460,2013년 12월 10일 21시,화요일,광주광역시 남구 진월동,경상사고,0,0,1,0,차대차 - 기타,안전운전불이행,건조,맑음,단일로 - 기타,승용,남,45세,상해없음,승용,남,43세,상해없음
2013121000100483,2013년 12월 10일 22시,화요일,광주광역시 서구 풍암동,경상사고,0,0,1,0,차대차 - 기타,교차로운행방법위반,건조,맑음,교차로 - 교차로안,승용,남,21세,상해없음,원동기,남,52세,경상
2013121000100484,2013년 12월 10일 22시,화요일,광주광역시 서구 금호동,경상사고,0,0,1,0,차대차 - 기타,안전운전불이행,건조,맑음,단일로 - 기타,승용,남,31세,상해없음,승용,남,35세,경상
2013121000100511,2013년 12월 10일 23시,화요일,광주광역시 남구 월산동,경상사고,0,0,1,0,차대차 - 측면직각충돌,교차로운행방법위반,건조,맑음,교차로 - 교차로안,승용,남,52세,상해없음,이륜,남,52세,경상
2013121100100019,2013년 12월 11일 00시,수요일,광주광역시 북구 중흥동,중상사고,0,1,2,0,차대차 - 추돌 - 진행중,안전운전불이행,건조,맑음,교차로 - 교차로부근,승합,남,54세,상해없음,승용,남,61세,중상
2013121100100050,2013년 12월 11일 03시,수요일,광주광역시 광산구 소촌동,사망사고,1,1,1,0,차대차 - 정면충돌,중앙선침범,습기,비,단일로 - 기타,승용,남,40세,사망,승합,남,47세,경상
2013121100100066,2013년 12월 11일 05시,수요일,광주광역시 북구 오치동,중상사고,0,1,0,0,차대차 - 추돌 - 주정차중,안전운전불이행,습기,비,단일로 - 기타,승용,남,24세,중상,화물,남,46세,상해없음
2013121100100067,2013년 12월 11일 05시,수요일,광주광역시 광산구 우산동,경상사고,0,0,1,0,차대차 - 측면직각충돌,교차로운행방법위반,건조,맑음,교차로 - 교차로안,승용,남,37세,상해없음,승용,남,55세,상해없음
2013121100100130,2013년 12월 11일 07시,수요일,광주광역시 서구 광천동,경상사고,0,0,1,0,차대사람 - 기타,안전운전불이행,습기,비,단일로 - 기타,승용,남,49세,상해없음,보행자,여,75세,경상
2013121100100131,2013년 12월 11일 07시,수요일,광주광역시 서구 양동,중상사고,0,1,0,0,차대차 - 정면충돌,신호위반,습기,비,교차로 - 교차로안,이륜,남,30세,중상,승용,남,42세,상해없음
2013121100100132,2013년 12월 11일 07시,수요일,광주광역시 남구 봉선동,중상사고,0,1,0,0,차대사람 - 횡단중,안전운전불이행,습기,비,단일로 - 기타,승합,남,46세,상해없음,보행자,여,65세,중상
2013121100100133,2013년 12월 11일 07시,수요일,광주광역시 북구 용봉동,중상사고,0,1,0,0,차대사람 - 길가장자리구역통행중,보행자보호의무위반,습기,비,교차로 - 교차로안,기타불명,기타불명,기타불명,기타불명,보행자,여,62세,중상
2013121100100218,2013년 12월 11일 09시,수요일,광주광역시 서구 쌍촌동,경상사고,0,0,3,0,차대차 - 추돌 - 진행중,안전거리미확보,건조,흐림,단일로 - 기타,승용,남,48세,상해없음,승용,남,64세,상해없음
2013121100100219,2013년 12월 11일 09시,수요일,광주광역시 광산구 송정동,중상사고,0,1,2,0,차대차 - 추돌 - 진행중,직진우회전진행방해,건조,맑음,교차로 - 교차로안,승용,남,41세,경상,승용,남,31세,중상
2013121100100346,2013년 12월 11일 14시,수요일,광주광역시 남구 진월동,경상사고,0,0,1,0,차대사람 - 기타,안전운전불이행,건조,맑음,단일로 - 기타,승용,남,68세,상해없음,보행자,남,17세,경상
2013121100100374,2013년 12월 11일 15시,수요일,광주광역시 남구 주월동,경상사고,0,0,2,0,차대차 - 추돌 - 진행중,안전거리미확보,건조,맑음,교차로 - 교차로부근,화물,남,31세,상해없음,승용,여,49세,경상
2013121100100375,2013년 12월 11일 15시,수요일,광주광역시 북구 중흥동,경상사고,0,0,2,0,차대차 - 기타,교차로운행방법위반,건조,맑음,교차로 - 교차로안,승용,남,63세,경상,승용,여,48세,경상
2013121100100376,2013년 12월 11일 15시,수요일,광주광역시 광산구 본덕동,중상사고,0,1,1,0,차대차 - 추돌 - 진행중,안전운전불이행,건조,흐림,단일로 - 기타,화물,남,40세,상해없음,화물,남,43세,경상
2013121100100404,2013년 12월 11일 16시,수요일,광주광역시 서구 치평동,경상사고,0,0,2,0,차대차 - 측면직각충돌,신호위반,건조,맑음,교차로 - 교차로안,승용,남,50세,경상,승용,여,35세,경상
2013121100100405,2013년 12월 11일 16시,수요일,광주광역시 북구 용봉동,경상사고,0,0,2,0,차대차 - 측면직각충돌,안전운전불이행,건조,맑음,단일로 - 기타,승용,남,63세,상해없음,승용,남,30세,경상
2013121100100435,2013년 12월 11일 17시,수요일,광주광역시 동구 소태동,경상사고,0,0,2,0,차대차 - 추돌 - 주정차중,안전거리미확보,건조,흐림,교차로 - 교차로안,승용,여,48세,상해없음,승용,남,28세,경상
2013121100100436,2013년 12월 11일 17시,수요일,광주광역시 서구 마륵동,경상사고,0,0,1,0,차대차 - 측면직각충돌,안전운전불이행,건조,흐림,단일로 - 기타,화물,남,37세,상해없음,승용,남,48세,경상
2013121100100437,2013년 12월 11일 17시,수요일,광주광역시 광산구 장덕동,경상사고,0,0,1,0,차대차 - 추돌 - 진행중,안전거리미확보,건조,맑음,단일로 - 기타,화물,남,56세,상해없음,승용,남,40세,경상
2013121100100438,2013년 12월 11일 17시,수요일,광주광역시 광산구 산정동,중상사고,0,1,0,0,차대차 - 기타,중앙선침범,건조,맑음,단일로 - 기타,화물,남,45세,상해없음,승용,남,42세,중상
2013121100100490,2013년 12월 11일 18시,수요일,광주광역시 북구 신안동,경상사고,0,0,2,0,차대차 - 측면직각충돌,안전운전불이행,건조,맑음,단일로 - 기타,승용,여,45세,상해없음,승용,남,29세,경상
2013121100100525,2013년 12월 11일 19시,수요일,광주광역시 서구 쌍촌동,경상사고,0,0,2,0,차대차 - 측면직각충돌,신호위반,건조,흐림,교차로 - 교차로안,이륜,남,18세,경상,승용,여,30세,경상
2013121100100556,2013년 12월 11일 20시,수요일,광주광역시 동구 대인동,경상사고,0,0,1,0,차대차 - 기타,교차로운행방법위반,건조,맑음,교차로 - 교차로부근,승용,여,36세,상해없음,승용,여,42세,경상
2013121100100557,2013년 12월 11일 20시,수요일,광주광역시 북구 각화동,경상사고,0,0,1,0,차대차 - 추돌 - 주정차중,안전운전불이행,건조,맑음,단일로 - 기타,승용,여,42세,상해없음,승용,남,63세,경상