사고번호,사고일시,요일,시군구,사고내용,사망자수,중상자수,경상자수,부상신고자수,사고유형,법규위반,노면상태,기상상태,도로형태,가해운전자 차종,가해운전자 성별,가해운전자 연령,가해운전자 상해정도,피해운전자 차종,피해운전자 성별,피해운전자 연령,피해운전자 상해정도
2013121100100558,2013년 12월 11일 20시,수요일,광주광역시 북구 운암동,중상사고,0,1,0,0,차대사람 - 기타,안전운전불이행,건조,맑음,단일로 - 기타,승용,남,76세,상해없음,보행자,여,36세,중상
2013121100100559,2013년 12월 11일 20시,수요일,광주광역시 북구 운암동,경상사고,0,0,2,0,차대차 - 측면직각충돌,교차로운행방법위반,건조,맑음,교차로 - 교차로안,승용,남,23세,상해없음,승용,남,44세,경상
2013121100100560,2013년 12월 11일 20시,수요일,광주광역시 광산구 송정동,경상사고,0,0,1,0,차대차 - 추돌 - 진행중,직진우회전진행방해,건조,맑음,교차로 - 교차로안,원동기,남,16세,상해없음,승용,남,35세,경상
2013121100100561,2013년 12월 11일 20시,수요일,광주광역시 광산구 신가동,경상사고,0,0,3,0,차대차 - 측면직각충돌,신호위반,건조,맑음,교차로 - 교차로안,원동기,남,17세,경상,승용,남,31세,경상
2013121100100587,2013년 12월 11일 21시,수요일,광주광역시 광산구 신창동,경상사고,0,0,2,0,차대차 - 정면충돌,중앙선침범,건조,맑음,기타 - 기타,승용,남,55세,상해없음,승용,여,39세,경상
2013121100100641,2013년 12월 11일 23시,수요일,광주광역시 남구 방림동,경상사고,0,0,1,0,차대사람 - 횡단중,안전운전불이행,건조,흐림,교차로 - 교차로부근,승용,여,29세,상해없음,보행자,여,55세,경상
2013121100100642,2013년 12월 11일 23시,수요일,광주광역시 북구 신안동,부상신고사고,0,0,0,1,차대차 - 측면직각충돌,안전운전불이행,건조,맑음,단일로 - 기타,이륜,남,17세,부상신고,승용,남,39세,상해없음
2013121200100015,2013년 12월 12일 00시,목요일,광주광역시 북구 신안동,중상사고,0,3,0,0,차대차 - 추돌 - 진행중,안전거리미확보,습기,눈,단일로 - 기타,승용,남,39세,중상,승용,남,58세,중상
2013121200100033,2013년 12월 12일 01시,목요일,광주광역시 북구 동림동,중상사고,0,1,0,0,차대차 - 측면직각충돌,안전운전불이행,건조,맑음,단일로 - 기타,화물,남,49세,상해없음,자전거,남,28세,중상
2013121200100107,2013년 12월 12일 07시,목요일,광주광역시 서구 화정동,경상사고,0,0,1,0,차대사람 - 차도통행중,안전운전불이행,건조,맑음,단일로 - 기타,승용,여,52세,상해없음,보행자,남,13세,경상
2013121200100140,2013년 12월 12일 08시,목요일,광주광역시 광산구 복룡동,경상사고,0,0,1,0,차대차 - 기타,안전운전불이행,건조,맑음,교차로 - 교차로부근,화물,남,29세,상해없음,자전거,남,66세,경상
2013121200100177,2013년 12월 12일 09시,목요일,광주광역시 서구 광천동,경상사고,0,0,1,0,차대차 - 기타,안전운전불이행,건조,맑음,교차로 - 교차로안,승용,남,67세,상해없음,자전거,여,55세,경상
2013121200100195,2013년 12월 12일 10시,목요일,광주광역시 광산구 수완동,경상사고,0,0,2,0,차대차 - 기타,안전운전불이행,건조,흐림,단일로 - 기타,승용,여,22세,상해없음,승합,남,43세,상해없음
2013121200100215,2013년 12월 12일 11시,목요일,광주광역시 광산구 신가동,경상사고,0,0,1,0,차대차 - 기타,안전운전불이행,건조,맑음,교차로 - 교차로부근,승용,여,31세,상해없음,승용,여,48세,경상
2013121200100232,2013년 12월 12일 12시,목요일,광주광역시 동구 궁동,경상사고,0,0,1,0,차대사람 - 기타,안전운전불이행,건조,맑음,단일로 - 기타,승용,남,59세,상해없음,보행자,남,73세,경상
2013121200100233,2013년 12월 12일 12시,목요일,광주광역시 서구 마륵동,중상사고,0,1,1,0,차대차 - 측면직각충돌,안전운전불이행,건조,맑음,단일로 - 기타,화물,남,42세,상해없음,이륜,남,76세,중상
2013121200100309,2013년 12월 12일 15시,목요일,광주광역시 광산구 신창동,중상사고,0,1,2,0,차대차 - 기타,중앙선침범,건조,맑음,교차로 - 교차로부근,승용,여,32세,중상,승용,남,49세,경상
2013121200100338,2013년 12월 12일 16시,목요일,광주광역시 광산구 신가동,경상사고,0,0,3,0,차대차 - 측면직각충돌,안전운전불이행,건조,맑음,단일로 - 기타,승합,여,30세,상해없음,승용,남,46세,경상
2013121200100369,2013년 12월 12일 17시,목요일,광주광역시 광산구 운수동,경상사고,0,0,3,0,차대차 - 추돌 - 진행중,직진우회전진행방해,건조,맑음,교차로 - 교차로안,승용,남,45세,경상,승용,남,41세,경상
2013121200100370,2013년 12월 12일 17시,목요일,광주광역시 광산구 송정동,경상사고,0,0,2,0,차대차 - 측면직각충돌,신호위반,건조,맑음,교차로 - 교차로안,승용,여,27세,상해없음,승합,남,55세,상해없음
2013121200100396,2013년 12월 12일 18시,목요일,광주광역시 북구 운암동,경상사고,0,0,4,0,차대차 - 추돌 - 진행중,안전운전불이행,건조,맑음,단일로 - 기타,승용,여,46세,상해없음,승용,남,66세,경상
2013121200100404,2013년 12월 12일 18시,목요일,광주광역시 광산구 하남동,중상사고,0,1,1,0,차대차 - 추돌 - 진행중,직진우회전진행방해,건조,맑음,교차로 - 교차로안,승용,남,31세,경상,승용,여,36세,중상
2013121200100405,2013년 12월 12일 18시,목요일,광주광역시 광산구 우산동,경상사고,0,0,1,0,차대차 - 추돌 - 진행중,안전운전불이행,건조,맑음,교차로 - 교차로안,승용,남,42세,상해없음,승합,남,54세,경상
2013121200100430,2013년 12월 12일 19시,목요일,광주광역시 서구 양동,경상사고,0,0,2,0,차대차 - 추돌 - 진행중,안전거리미확보,건조,맑음,단일로 - 기타,승용,남,52세,상해없음,승용,남,34세,경상
2013121200100431,2013년 12월 12일 19시,목요일,광주광역시 북구 임동,경상사고,0,0,1,1,차대차 - 측면직각충돌,신호위반,건조,맑음,교차로 - 교차로안,승용,남,41세,상해없음,승용,남,62세,부상신고
2013121200100454,2013년 12월 12일 20시,목요일,광주광역시 광산구 우산동,경상사고,0,0,1,0,차대사람 - 차도통행중,안전운전불이행,건조,흐림,단일로 - 기타,화물,남,37세,상해없음,보행자,여,46세,경상
2013121200100455,2013년 12월 12일 20시,목요일,광주광역시 광산구 월곡동,중상사고,0,1,0,0,차대차 - 추돌 - 진행중,직진우회전진행방해,건조,맑음,교차로 - 교차로안,승용,남,35세,상해없음,원동기,남,37세,중상
2013121200100500,2013년 12월 12일 21시,목요일,광주광역시 서구 농성동,경상사고,0,0,2,0,차대차 - 측면직각충돌,교차로운행방법위반,습기,비,교차로 - 교차로안,승용,남,59세,경상,승용,남,26세,경상
2013121200100501,2013년 12월 12일 21시,목요일,광주광역시 서구 금호동,경상사고,0,0,1,0,차대차 - 기타,안전운전불이행,건조,맑음,교차로 - 교차로안,승용,여,47세,상해없음,승용,남,27세,경상
2013121200100502,2013년 12월 12일 21시,목요일,광주광역시 남구 백운동,경상사고,0,0,1,0,차대사람 - 차도통행중,안전운전불이행,건조,맑음,단일로 - 기타,승용,여,57세,상해없음,보행자,남,14세,경상
2013121200100503,2013년 12월 12일 21시,목요일,광주광역시 남구 월산동,중상사고,0,1,0,0,차대사람 - 횡단중,안전운전불이행,습기,비,교차로 - 교차로부근,승용,남,64세,상해없음,보행자,남,51세,중상
2013121200100504,2013년 12월 12일 21시,목요일,광주광역시 북구 신안동,경상사고,0,0,1,0,차대차 - 기타,안전운전불이행,습기,비,교차로 - 교차로안,승용,여,28세,상해없음,원동기,남,18세,경상
2013121200100534,2013년 12월 12일 22시,목요일,광주광역시 동구 소태동,경상사고,0,0,1,0,차대차 - 추돌 - 진행중,안전거리미확보,습기,비,교차로 - 교차로부근,승용,남,66세,상해없음,승용,여,52세,경상
2013121200100535,2013년 12월 12일 22시,목요일,광주광역시 남구 봉선동,부상신고사고,0,0,0,1,차대차 - 추돌 - 진행중,안전운전불이행,건조,맑음,단일로 - 기타,자전거,남,15세,부상신고,기타불명,기타불명,기타불명,기타불명
2013121200100536,2013년 12월 12일 22시,목요일,광주광역시 광산구 수완동,경상사고,0,0,1,0,차대차 - 추돌 - 주정차중,안전운전불이행,습기,흐림,단일로 - 기타,승용,남,53세,상해없음,승용,여,28세,경상
2013121200100562,2013년 12월 12일 23시,목요일,광주광역시 동구 동명동,경상사고,0,0,1,0,차대차 - 추돌 - 주정차중,안전운전불이행,습기,비,단일로 - 기타,승용,기타불명,기타불명,기타불명,승용,여,39세,경상
2013121200100563,2013년 12월 12일 23시,목요일,광주광역시 서구 치평동,경상사고,0,0,1,0,차대사람 - 횡단중,안전운전불이행,습기,비,단일로 - 기타,승용,남,57세,상해없음,보행자,남,37세,경상
2013121200100564,2013년 12월 12일 23시,목요일,광주광역시 서구 금호동,경상사고,0,0,1,0,차대사람 - 기타,안전운전불이행,습기,비,단일로 - 기타,기타불명,기타불명,기타불명,기타불명,보행자,남,53세,경상
2013121200100565,2013년 12월 12일 23시,목요일,광주광역시 북구 두암동,경상사고,0,0,1,0,차대차 - 기타,신호위반,습기,비,교차로 - 교차로안,승용,남,63세,상해없음,승용,남,58세,경상
2013121300100019,2013년 12월 13일 00시,금요일,광주광역시 북구 용두동,경상사고,0,0,2,0,차대차 - 추돌 - 주정차중,안전운전불이행,건조,맑음,교차로 - 교차로부근,승용,여,42세,상해없음,승용,남,39세,경상
2013121300100020,2013년 12월 13일 00시,금요일,광주광역시 광산구 산정동,경상사고,0,0,2,0,차대차 - 측면직각충돌,안전거리미확보,습기,흐림,단일로 - 기타,승용,남,37세,상해없음,승용,남,60세,경상
2013121300100032,2013년 12월 13일 01시,금요일,광주광역시 서구 금호동,경상사고,0,0,1,0,차대사람 - 횡단중,안전운전불이행,습기,비,단일로 - 기타,승용,남,48세,상해없음,보행자,여,58세,경상
2013121300100049,2013년 12월 13일 03시,금요일,광주광역시 북구 용봉동,중상사고,0,1,4,0,차대차 - 기타,신호위반,건조,맑음,교차로 - 교차로안,승용,남,33세,경상,승용,남,22세,경상
2013121300100063,2013년 12월 13일 05시,금요일,광주광역시 서구 농성동,경상사고,0,0,1,0,차대차 - 정면충돌,신호위반,건조,맑음,교차로 - 교차로안,승용,남,29세,상해없음,화물,남,60세,경상
2013121300100071,2013년 12월 13일 06시,금요일,광주광역시 북구 일곡동,경상사고,0,0,3,1,차대차 - 측면직각충돌,신호위반,건조,맑음,교차로 - 교차로안,승용,남,64세,부상신고,화물,남,40세,경상
2013121300100088,2013년 12월 13일 07시,금요일,광주광역시 서구 쌍촌동,중상사고,0,1,0,0,차대사람 - 차도통행중,안전운전불이행,습기,비,단일로 - 기타,화물,남,35세,상해없음,보행자,남,39세,중상
2013121300100117,2013년 12월 13일 08시,금요일,광주광역시 서구 치평동,경상사고,0,0,3,0,차대차 - 기타,안전거리미확보,건조,흐림,교차로 - 교차로부근,승용,남,20세,상해없음,승용,남,50세,경상
2013121300100144,2013년 12월 13일 09시,금요일,광주광역시 광산구 산월동,경상사고,0,0,7,0,차대차 - 측면직각충돌,신호위반,건조,맑음,교차로 - 교차로안,승용,남,60세,상해없음,승용,여,35세,경상
2013121300100166,2013년 12월 13일 10시,금요일,광주광역시 서구 치평동,경상사고,0,0,1,0,차대차 - 측면직각충돌,차로위반,건조,맑음,단일로 - 기타,승용,여,59세,상해없음,승용,남,27세,경상
2013121300100167,2013년 12월 13일 10시,금요일,광주광역시 남구 봉선동,경상사고,0,0,1,0,차대차 - 추돌 - 주정차중,안전운전불이행,건조,맑음,단일로 - 기타,승용,여,53세,상해없음,승용,남,70세,경상
2013121300100168,2013년 12월 13일 10시,금요일,광주광역시 남구 진월동,경상사고,0,0,2,0,차대차 - 측면직각충돌,교차로운행방법위반,건조,맑음,교차로 - 교차로안,승용,여,42세,상해없음,승용,남,66세,경상
2013121300100169,2013년 12월 13일 10시,금요일,광주광역시 광산구 도산동,경상사고,0,0,1,0,차대사람 - 기타,안전운전불이행,건조,맑음,단일로 - 기타,승용,여,54세,상해없음,보행자,남,40세,경상
2013121300100192,2013년 12월 13일 11시,금요일,광주광역시 광산구 송정동,중상사고,0,1,0,0,차대사람 - 횡단중,안전운전불이행,건조,맑음,단일로 - 기타,승용,남,58세,상해없음,보행자,여,76세,중상
2013121300100237,2013년 12월 13일 13시,금요일,광주광역시 동구 대인동,경상사고,0,0,1,0,차대차 - 측면직각충돌,안전운전불이행,건조,맑음,교차로 - 교차로안,화물,남,65세,상해없음,승용,여,27세,경상
2013121300100238,2013년 12월 13일 13시,금요일,광주광역시 북구 동림동,경상사고,0,0,1,0,차대차 - 기타,안전운전불이행,습기,눈,단일로 - 기타,승용,여,43세,상해없음,승용,남,40세,경상
2013121300100269,2013년 12월 13일 14시,금요일,광주광역시 서구 치평동,경상사고,0,0,2,0,차대차 - 측면직각충돌,교차로운행방법위반,습기,눈,교차로 - 교차로안,승용,남,32세,상해없음,승용,여,46세,경상
2013121300100323,2013년 12월 13일 16시,금요일,광주광역시 서구 광천동,경상사고,0,0,1,0,차대사람 - 길가장자리구역통행중,안전운전불이행,건조,맑음,단일로 - 기타,승용,남,39세,상해없음,보행자,남,15세,경상
2013121300100324,2013년 12월 13일 16시,금요일,광주광역시 북구 두암동,중상사고,0,1,0,0,차대사람 - 횡단중,안전운전불이행,건조,맑음,단일로 - 기타,승용,여,64세,상해없음,보행자,남,49세,중상
2013121300100362,2013년 12월 13일 17시,금요일,광주광역시 동구 동명동,중상사고,0,1,1,0,차대사람 - 횡단중,보행자보호의무위반,건조,맑음,단일로 - 횡단보도상,승용,여,33세,상해없음,보행자,남,78세,중상
2013121300100363,2013년 12월 13일 17시,금요일,광주광역시 서구 치평동,경상사고,0,0,1,0,차대차 - 측면직각충돌,교차로운행방법위반,건조,흐림,단일로 - 기타,승용,남,46세,상해없음,승용,여,61세,경상
2013121300100364,2013년 12월 13일 17시,금요일,광주광역시 남구 진월동,중상사고,0,1,0,0,차대차 - 기타,안전거리미확보,건조,맑음,단일로 - 기타,승용,여,45세,상해없음,승용,남,65세,상해없음
2013121300100365,2013년 12월 13일 17시,금요일,광주광역시 광산구 우산동,경상사고,0,0,1,0,차대차 - 측면직각충돌,교차로운행방법위반,건조,맑음,교차로 - 교차로안,승용,여,43세,상해없음,승용,남,32세,경상
2013121300100404,2013년 12월 13일 18시,금요일,광주광역시 광산구 월곡동,경상사고,0,0,3,0,차대차 - 기타,교차로운행방법위반,건조,맑음,교차로 - 교차로안,승용,남,48세,상해없음,승합,남,31세,상해없음
2013121300100405,2013년 12월 13일 18시,금요일,광주광역시 광산구 월계동,경상사고,0,0,2,0,차대차 - 추돌 - 진행중,안전운전불이행,건조,맑음,교차로 - 교차로부근,승용,남,46세,상해없음,승용,남,58세,경상
2013121300100435,2013년 12월 13일 19시,금요일,광주광역시 서구 서창동,경상사고,0,0,1,0,차대차 - 추돌 - 진행중,안전운전불이행,건조,맑음,교차로 - 교차로안,승용,남,59세,상해없음,승용,여,48세,경상
2013121300100436,2013년 12월 13일 19시,금요일,광주광역시 남구 주월동,경상사고,0,0,1,0,차대사람 - 횡단중,안전운전불이행,건조,맑음,단일로 - 기타,승용,여,43세,상해없음,보행자,여,56세,경상
2013121300100461,2013년 12월 13일 20시,금요일,광주광역시 광산구 월전동,경상사고,0,0,1,0,차대차 - 추돌 - 주정차중,안전운전불이행,건조,맑음,교차로 - 교차로부근,승용,남,49세,상해없음,승합,남,29세,경상
2013121300100514,2013년 12월 13일 22시,금요일,광주광역시 서구 쌍촌동,경상사고,0,0,1,0,차대차 - 측면직각충돌,차로위반,건조,흐림,단일로 - 기타,승용,여,41세,상해없음,승합,남,40세,상해없음
2013121300100515,2013년 12월 13일 22시,금요일,광주광역시 서구 치평동,경상사고,0,0,1,0,차대차 - 추돌 - 주정차중,안전운전불이행,건조,맑음,교차로 - 교차로부근,승용,남,28세,기타불명,승용,남,34세,경상
2013121300100516,2013년 12월 13일 22시,금요일,광주광역시 광산구 쌍암동,중상사고,0,1,0,0,차대차 - 정면충돌,중앙선침범,건조,맑음,교차로 - 교차로부근,승용,남,28세,상해없음,승용,남,31세,중상
2013121300100517,2013년 12월 13일 22시,금요일,광주광역시 광산구 월계동,경상사고,0,0,1,0,차대차 - 측면직각충돌,교차로운행방법위반,건조,맑음,교차로 - 교차로안,승용,남,48세,상해없음,이륜,남,18세,경상
2013121300100518,2013년 12월 13일 22시,금요일,광주광역시 광산구 장덕동,경상사고,0,0,1,0,차대차 - 기타,교차로운행방법위반,건조,맑음,교차로 - 교차로안,이륜,남,17세,경상,승용,남,64세,상해없음
2013121300100546,2013년 12월 13일 23시,금요일,광주광역시 남구 월산동,중상사고,0,1,0,0,차대사람 - 횡단중,안전운전불이행,건조,맑음,단일로 - 기타,승용,남,32세,상해없음,보행자,여,13세,중상
2013121300100547,2013년 12월 13일 23시,금요일,광주광역시 북구 중흥동,경상사고,0,0,1,0,차대차 - 측면직각충돌,안전거리미확보,건조,맑음,단일로 - 기타,승용,남,35세,상해없음,승용,남,61세,상해없음
2013121300100548,2013년 12월 13일 23시,금요일,광주광역시 광산구 신가동,경상사고,0,0,2,0,차대차 - 추돌 - 주정차중,안전운전불이행,건조,맑음,교차로 - 교차로부근,승용,남,44세,상해없음,승용,남,44세,경상
2013121400100027,2013년 12월 14일 00시,토요일,광주광역시 서구 광천동,경상사고,0,0,1,0,차대차 - 기타,안전운전불이행,건조,맑음,교차로 - 교차로부근,승용,남,36세,상해없음,승용,남,37세,경상
2013121400100043,2013년 12월 14일 01시,토요일,광주광역시 서구 쌍촌동,중상사고,0,1,4,0,차대차 - 추돌 - 주정차중,중앙선침범,습기,눈,교차로 - 교차로부근,승용,여,54세,상해없음,승용,여,45세,중상
2013121400100044,2013년 12월 14일 01시,토요일,광주광역시 북구 삼각동,경상사고,0,0,3,0,차대차 - 측면직각충돌,중앙선침범,건조,맑음,단일로 - 기타,승용,남,49세,상해없음,승용,남,40세,경상
2013121400100069,2013년 12월 14일 02시,토요일,광주광역시 북구 신안동,경상사고,0,0,3,0,차대차 - 추돌 - 주정차중,안전거리미확보,건조,맑음,교차로 - 교차로부근,승용,남,40세,상해없음,승용,남,60세,경상
2013121400100117,2013년 12월 14일 05시,토요일,광주광역시 서구 유촌동,경상사고,0,0,1,0,차대차 - 정면충돌,안전운전불이행,결빙,눈,단일로 - 기타,승용,남,53세,상해없음,승용,남,44세,경상
2013121400100118,2013년 12월 14일 05시,토요일,광주광역시 광산구 수완동,경상사고,0,0,3,0,차대차 - 측면직각충돌,안전운전불이행,결빙,맑음,단일로 - 기타,승용,남,41세,경상,승용,남,39세,경상
2013121400100132,2013년 12월 14일 06시,토요일,광주광역시 남구 백운동,경상사고,0,0,1,0,차대차 - 기타,안전거리미확보,건조,맑음,교차로 - 교차로부근,승용,남,31세,상해없음,승용,남,28세,경상
2013121400100133,2013년 12월 14일 06시,토요일,광주광역시 북구 신안동,중상사고,0,1,0,0,차대차 - 기타,불법유턴,건조,맑음,교차로 - 교차로안,자전거,남,68세,중상,원동기,남,30세,상해없음
2013121400100145,2013년 12월 14일 07시,토요일,광주광역시 북구 문흥동,경상사고,0,0,2,0,차대차 - 추돌 - 주정차중,안전운전불이행,결빙,눈,단일로 - 교량,승용,남,44세,상해없음,승용,남,40세,경상
2013121400100170,2013년 12월 14일 08시,토요일,광주광역시 서구 쌍촌동,경상사고,0,0,1,0,차대차 - 측면직각충돌,신호위반,건조,맑음,교차로 - 교차로안,승합,남,62세,상해없음,승용,남,62세,경상
2013121400100171,2013년 12월 14일 08시,토요일,광주광역시 북구 문흥동,경상사고,0,0,2,0,차대차 - 측면직각충돌,중앙선침범,결빙,흐림,단일로 - 교량,화물,남,31세,경상,화물,남,44세,경상
2013121400100172,2013년 12월 14일 08시,토요일,광주광역시 광산구 우산동,경상사고,0,0,1,0,차대차 - 추돌 - 진행중,안전운전불이행,습기,흐림,단일로 - 기타,승용,남,27세,상해없음,승용,남,57세,경상
2013121400100203,2013년 12월 14일 09시,토요일,광주광역시 광산구 송정동,중상사고,0,1,0,0,차대사람 - 횡단중,안전운전불이행,건조,맑음,교차로 - 교차로부근,승용,남,43세,상해없음,보행자,남,46세,중상
2013121400100242,2013년 12월 14일 11시,토요일,광주광역시 서구 광천동,경상사고,0,0,1,0,차대사람 - 횡단중,안전운전불이행,건조,맑음,단일로 - 기타,승용,남,27세,상해없음,보행자,남,54세,경상
2013121400100243,2013년 12월 14일 11시,토요일,광주광역시 광산구 흑석동,경상사고,0,0,1,0,차대차 - 측면직각충돌,안전운전불이행,건조,맑음,단일로 - 기타,화물,남,49세,상해없음,승용,여,39세,경상
2013121400100271,2013년 12월 14일 12시,토요일,광주광역시 서구 쌍촌동,경상사고,0,0,1,0,차대사람 - 횡단중,안전운전불이행,건조,맑음,단일로 - 기타,화물,남,59세,상해없음,보행자,여,76세,경상
2013121400100306,2013년 12월 14일 13시,토요일,광주광역시 북구 양산동,경상사고,0,0,4,0,차대차 - 기타,신호위반,건조,맑음,교차로 - 교차로안,승용,여,47세,상해없음,승용,남,47세,경상
2013121400100370,2013년 12월 14일 16시,토요일,광주광역시 광산구 수완동,경상사고,0,0,4,0,차대차 - 기타,불법유턴,건조,맑음,단일로 - 기타,승용,여,31세,상해없음,승용,남,32세,경상
2013121400100429,2013년 12월 14일 18시,토요일,광주광역시 북구 각화동,중상사고,0,1,0,0,차대사람 - 횡단중,안전운전불이행,건조,맑음,단일로 - 기타,승용,남,33세,상해없음,보행자,남,51세,중상
2013121400100430,2013년 12월 14일 18시,토요일,광주광역시 북구 신안동,경상사고,0,0,1,1,차대차 - 추돌 - 진행중,차로위반,건조,맑음,단일로 - 기타,승합,남,47세,부상신고,승용,여,53세,경상
2013121400100458,2013년 12월 14일 19시,토요일,광주광역시 서구 풍암동,경상사고,0,0,8,0,차대차 - 추돌 - 주정차중,안전운전불이행,건조,맑음,교차로 - 교차로부근,화물,남,24세,경상,승용,여,28세,경상
2013121400100459,2013년 12월 14일 19시,토요일,광주광역시 남구 서동,경상사고,0,0,1,0,차대차 - 정면충돌,중앙선침범,건조,맑음,교차로 - 교차로부근,승용,여,41세,상해없음,이륜,남,20세,경상
2013121400100460,2013년 12월 14일 19시,토요일,광주광역시 북구 연제동,경상사고,0,0,1,0,차대차 - 측면직각충돌,안전거리미확보,건조,맑음,단일로 - 기타,승용,남,33세,상해없음,승용,남,51세,경상
2013121400100481,2013년 12월 14일 20시,토요일,광주광역시 서구 농성동,경상사고,0,0,1,0,차대차 - 추돌 - 진행중,안전운전불이행,건조,맑음,교차로 - 교차로부근,승용,남,59세,상해없음,승용,여,26세,경상
2013121400100496,2013년 12월 14일 21시,토요일,광주광역시 광산구 신창동,중상사고,0,1,5,0,차대차 - 측면직각충돌,안전운전불이행,습기,흐림,단일로 - 기타,승용,남,46세,상해없음,승합,남,31세,경상
2013121400100523,2013년 12월 14일 22시,토요일,광주광역시 북구 두암동,경상사고,0,0,1,0,차대차 - 추돌 - 주정차중,안전운전불이행,건조,맑음,단일로 - 기타,승용,남,33세,상해없음,승용,남,26세,경상
2013121400100546,2013년 12월 14일 23시,토요일,광주광역시 북구 신안동,중상사고,0,1,6,0,차대차 - 측면직각충돌,교차로운행방법위반,건조,맑음,교차로 - 교차로안,승용,여,55세,경상,승용,남,59세,경상
2013121500100022,2013년 12월 15일 00시,일요일,광주광역시 서구 치평동,중상사고,0,1,0,0,차대사람 - 횡단중,안전운전불이행,건조,맑음,교차로 - 교차로부근,승용,남,44세,상해없음,보행자,남,25세,중상
2013121500100046,2013년 12월 15일 01시,일요일,광주광역시 광산구 신창동,중상사고,0,2,4,0,차대차 - 측면직각충돌,신호위반,건조,맑음,교차로 - 교차로안,승용,남,29세,상해없음,승용,남,52세,경상
2013121500100060,2013년 12월 15일 02시,일요일,광주광역시 광산구 월계동,경상사고,0,0,2,0,차대차 - 기타,안전운전불이행,건조,맑음,단일로 - 기타,승용,남,32세,상해없음,승용,여,51세,경상
2013121500100078,2013년 12월 15일 04시,일요일,광주광역시 서구 치평동,경상사고,0,0,3,0,차대차 - 정면충돌,신호위반,건조,흐림,교차로 - 교차로안,승용,여,32세,경상,승용,남,55세,경상
2013121500100079,2013년 12월 15일 04시,일요일,광주광역시 서구 치평동,경상사고,0,0,2,0,차대차 - 측면직각충돌,안전운전불이행,건조,맑음,단일로 - 기타,승용,남,25세,상해없음,승용,남,65세,경상
2013121500100080,2013년 12월 15일 04시,일요일,광주광역시 북구 중흥동,중상사고,0,1,4,0,차대차 - 측면직각충돌,신호위반,건조,맑음,교차로 - 교차로안,승용,남,42세,상해없음,승용,남,26세,중상
2013121500100142,2013년 12월 15일 10시,일요일,광주광역시 서구 쌍촌동,경상사고,0,0,1,0,차대사람 - 기타,안전운전불이행,건조,맑음,단일로 - 기타,승용,남,61세,상해없음,보행자,남,41세,경상
2013121500100151,2013년 12월 15일 11시,일요일,광주광역시 북구 용봉동,경상사고,0,0,1,0,차대차 - 측면직각충돌,안전운전불이행,건조,맑음,교차로 - 교차로부근,승용,남,49세,상해없음,승용,여,40세,상해없음
2013121500100162,2013년 12월 15일 12시,일요일,광주광역시 북구 운암동,중상사고,0,1,0,0,차대사람 - 횡단중,안전운전불이행,건조,맑음,단일로 - 기타,승용,남,54세,상해없음,보행자,여,76세,중상
2013121500100178,2013년 12월 15일 13시,일요일,광주광역시 남구 송하동,경상사고,0,0,1,0,차대차 - 추돌 - 진행중,안전운전불이행,건조,맑음,단일로 - 기타,승용,남,48세,상해없음,승용,남,66세,경상
2013121500100179,2013년 12월 15일 13시,일요일,광주광역시 광산구 산월동,경상사고,0,0,1,0,차대차 - 측면직각충돌,교차로운행방법위반,건조,맑음,단일로 - 기타,승용,남,58세,상해없음,승용,여,45세,경상
2013121500100252,2013년 12월 15일 16시,일요일,광주광역시 동구 수기동,경상사고,0,0,1,0,차대차 - 기타,안전운전불이행,건조,맑음,단일로 - 기타,승용,남,34세,상해없음,자전거,남,27세,경상
2013121500100253,2013년 12월 15일 16시,일요일,광주광역시 서구 화정동,경상사고,0,0,1,0,차대차 - 추돌 - 진행중,안전거리미확보,건조,맑음,단일로 - 기타,승용,남,52세,상해없음,승용,여,30세,경상
2013121500100366,2013년 12월 15일 21시,일요일,광주광역시 서구 광천동,사망사고,1,0,0,0,차대사람 - 횡단중,안전운전불이행,건조,맑음,교차로 - 교차로안,승용,남,63세,상해없음,보행자,남,53세,사망
2013121500100399,2013년 12월 15일 23시,일요일,광주광역시 광산구 우산동,중상사고,0,1,2,0,차대차 - 측면직각충돌,교차로운행방법위반,건조,맑음,교차로 - 교차로안,이륜,남,16세,중상,승용,여,35세,경상
2013121600100010,2013년 12월 16일 00시,월요일,광주광역시 북구 신안동,경상사고,0,0,1,0,차대차 - 측면직각충돌,안전운전불이행,건조,맑음,교차로 - 교차로안,승용,여,38세,상해없음,자전거,남,29세,경상
2013121600100037,2013년 12월 16일 05시,월요일,광주광역시 광산구 소촌동,중상사고,0,1,0,0,차대사람 - 기타,안전운전불이행,건조,맑음,교차로 - 교차로안,승용,남,37세,상해없음,보행자,남,67세,중상
2013121600100071,2013년 12월 16일 07시,월요일,광주광역시 광산구 황룡동,경상사고,0,0,2,1,차대차 - 측면직각충돌,안전운전불이행,건조,맑음,단일로 - 기타,화물,남,44세,부상신고,승합,남,63세,경상
2013121600100122,2013년 12월 16일 09시,월요일,광주광역시 북구 신안동,중상사고,0,1,0,0,차대차 - 측면직각충돌,안전운전불이행,건조,맑음,단일로 - 기타,원동기,남,77세,중상,승용,남,36세,상해없음