사고번호,사고일시,요일,시군구,사고내용,사망자수,중상자수,경상자수,부상신고자수,사고유형,법규위반,노면상태,기상상태,도로형태,가해운전자 차종,가해운전자 성별,가해운전자 연령,가해운전자 상해정도,피해운전자 차종,피해운전자 성별,피해운전자 연령,피해운전자 상해정도
2013121600100123,2013년 12월 16일 09시,월요일,광주광역시 광산구 산정동,중상사고,0,1,0,0,차대사람 - 기타,안전운전불이행,건조,맑음,교차로 - 교차로안,승용,여,39세,상해없음,보행자,여,72세,중상
2013121600100139,2013년 12월 16일 10시,월요일,광주광역시 북구 두암동,중상사고,0,1,0,0,차대차 - 기타,안전운전불이행,건조,맑음,기타 - 기타,승용,남,71세,상해없음,승용,남,40세,중상
2013121600100202,2013년 12월 16일 13시,월요일,광주광역시 서구 쌍촌동,경상사고,0,0,5,0,차대차 - 측면직각충돌,차로위반,건조,흐림,단일로 - 기타,화물,남,61세,경상,승합,남,35세,경상
2013121600100246,2013년 12월 16일 15시,월요일,광주광역시 서구 치평동,경상사고,0,0,1,0,차대차 - 측면직각충돌,중앙선침범,건조,맑음,교차로 - 교차로안,승용,남,46세,상해없음,승합,남,38세,경상
2013121600100247,2013년 12월 16일 15시,월요일,광주광역시 북구 양산동,경상사고,0,0,1,0,차대차 - 측면직각충돌,안전운전불이행,건조,맑음,교차로 - 교차로부근,승용,남,57세,상해없음,승용,여,48세,경상
2013121600100248,2013년 12월 16일 15시,월요일,광주광역시 북구 북동,경상사고,0,0,2,0,차대차 - 기타,안전운전불이행,건조,맑음,교차로 - 교차로부근,승합,남,43세,상해없음,승용,남,34세,경상
2013121600100249,2013년 12월 16일 15시,월요일,광주광역시 광산구 월전동,경상사고,0,0,2,0,차대차 - 측면직각충돌,신호위반,건조,맑음,교차로 - 교차로안,승용,남,55세,경상,승용,남,29세,경상
2013121600100272,2013년 12월 16일 16시,월요일,광주광역시 동구 대인동,경상사고,0,0,1,0,차량단독 - 기타,안전운전불이행,건조,맑음,교차로 - 교차로안,승합,남,53세,상해없음,,,,
2013121600100273,2013년 12월 16일 16시,월요일,광주광역시 광산구 수완동,경상사고,0,0,1,0,차대차 - 측면직각충돌,안전거리미확보,건조,흐림,단일로 - 기타,자전거,남,75세,경상,화물,남,23세,상해없음
2013121600100274,2013년 12월 16일 16시,월요일,광주광역시 광산구 쌍암동,경상사고,0,0,1,0,차대차 - 추돌 - 진행중,안전운전불이행,건조,맑음,단일로 - 기타,승용,기타불명,기타불명,기타불명,승용,여,29세,경상
2013121600100365,2013년 12월 16일 18시,월요일,광주광역시 서구 양동,경상사고,0,0,1,0,차대차 - 추돌 - 진행중,안전거리미확보,건조,맑음,단일로 - 기타,승합,남,54세,상해없음,이륜,기타불명,기타불명,기타불명
2013121600100366,2013년 12월 16일 18시,월요일,광주광역시 북구 일곡동,경상사고,0,0,2,0,차대차 - 측면직각충돌,안전운전불이행,건조,맑음,교차로 - 교차로안,승용,남,44세,경상,승용,여,52세,경상
2013121600100383,2013년 12월 16일 19시,월요일,광주광역시 동구 산수동,경상사고,0,0,2,0,차대차 - 측면직각충돌,직진우회전진행방해,건조,맑음,교차로 - 교차로안,승용,남,54세,상해없음,승용,여,29세,상해없음
2013121600100384,2013년 12월 16일 19시,월요일,광주광역시 북구 일곡동,경상사고,0,0,1,0,차대사람 - 기타,보행자보호의무위반,건조,맑음,단일로 - 횡단보도상,승용,남,28세,상해없음,보행자,남,48세,경상
2013121600100385,2013년 12월 16일 19시,월요일,광주광역시 북구 양산동,중상사고,0,1,0,0,차대차 - 측면직각충돌,안전거리미확보,건조,맑음,단일로 - 기타,승용,여,46세,상해없음,이륜,남,50세,중상
2013121600100409,2013년 12월 16일 20시,월요일,광주광역시 광산구 신창동,경상사고,0,0,1,0,차대차 - 정면충돌,안전운전불이행,건조,맑음,교차로 - 교차로부근,승용,여,45세,상해없음,승용,남,41세,경상
2013121600100437,2013년 12월 16일 21시,월요일,광주광역시 서구 쌍촌동,경상사고,0,0,1,0,차대사람 - 횡단중,안전운전불이행,건조,맑음,단일로 - 기타,승용,남,27세,상해없음,보행자,여,8세,경상
2013121600100470,2013년 12월 16일 22시,월요일,광주광역시 동구 산수동,경상사고,0,0,1,0,차대사람 - 횡단중,중앙선침범,건조,맑음,단일로 - 기타,화물,남,52세,상해없음,보행자,여,52세,경상
2013121600100471,2013년 12월 16일 22시,월요일,광주광역시 광산구 흑석동,경상사고,0,0,1,0,차대차 - 추돌 - 진행중,안전운전불이행,건조,맑음,단일로 - 기타,승용,기타불명,기타불명,기타불명,승용,남,28세,경상
2013121700100062,2013년 12월 17일 05시,화요일,광주광역시 광산구 장덕동,경상사고,0,0,2,0,차대차 - 측면직각충돌,교차로운행방법위반,건조,맑음,교차로 - 교차로안,승용,남,31세,경상,특수,남,49세,경상
2013121700100104,2013년 12월 17일 07시,화요일,광주광역시 북구 신용동,경상사고,0,0,1,0,차대차 - 측면직각충돌,안전운전불이행,건조,맑음,교차로 - 교차로안,승용,남,41세,상해없음,승용,남,38세,경상
2013121700100139,2013년 12월 17일 08시,화요일,광주광역시 남구 행암동,경상사고,0,0,3,0,차대차 - 정면충돌,안전거리미확보,건조,맑음,단일로 - 기타,승용,여,47세,경상,승용,남,63세,상해없음
2013121700100140,2013년 12월 17일 08시,화요일,광주광역시 광산구 운남동,경상사고,0,0,1,0,차대차 - 추돌 - 주정차중,안전거리미확보,건조,흐림,교차로 - 교차로부근,화물,남,41세,상해없음,승용,남,61세,경상
2013121700100214,2013년 12월 17일 11시,화요일,광주광역시 서구 치평동,경상사고,0,0,1,1,차대차 - 기타,안전운전불이행,건조,맑음,교차로 - 교차로부근,화물,남,61세,부상신고,화물,남,45세,경상
2013121700100215,2013년 12월 17일 11시,화요일,광주광역시 남구 월산동,중상사고,0,1,0,0,차대사람 - 횡단중,안전운전불이행,건조,맑음,교차로 - 교차로안,화물,남,49세,상해없음,보행자,남,91세,중상
2013121700100233,2013년 12월 17일 12시,화요일,광주광역시 광산구 하남동,중상사고,0,1,1,0,차대차 - 측면직각충돌,신호위반,건조,맑음,교차로 - 교차로안,승합,남,70세,상해없음,승용,남,47세,경상
2013121700100275,2013년 12월 17일 14시,화요일,광주광역시 북구 우산동,부상신고사고,0,0,0,1,차대차 - 기타,안전운전불이행,건조,맑음,단일로 - 기타,자전거,남,61세,부상신고,승용,여,42세,상해없음
2013121700100276,2013년 12월 17일 14시,화요일,광주광역시 북구 운암동,중상사고,0,1,0,0,차대차 - 기타,안전거리미확보,건조,맑음,단일로 - 기타,자전거,남,76세,중상,승용,남,30세,상해없음
2013121700100302,2013년 12월 17일 15시,화요일,광주광역시 동구 지산동,경상사고,0,0,1,0,차대사람 - 횡단중,보행자보호의무위반,건조,맑음,단일로 - 기타,승용,남,32세,상해없음,보행자,남,9세,경상
2013121700100303,2013년 12월 17일 15시,화요일,광주광역시 동구 학동,경상사고,0,0,1,0,차대차 - 측면직각충돌,교차로운행방법위반,건조,흐림,교차로 - 교차로안,화물,남,51세,경상,승용,남,19세,상해없음
2013121700100304,2013년 12월 17일 15시,화요일,광주광역시 남구 월성동,중상사고,0,1,0,0,차대차 - 측면직각충돌,안전운전불이행,건조,맑음,교차로 - 교차로안,화물,남,59세,상해없음,승용,여,51세,중상
2013121700100377,2013년 12월 17일 17시,화요일,광주광역시 북구 두암동,부상신고사고,0,0,0,1,차대차 - 추돌 - 진행중,안전운전불이행,건조,맑음,단일로 - 기타,승용,남,50세,상해없음,화물,남,30세,부상신고
2013121700100426,2013년 12월 17일 18시,화요일,광주광역시 서구 금호동,경상사고,0,0,1,0,차대차 - 측면직각충돌,안전운전불이행,건조,맑음,교차로 - 교차로부근,승용,여,45세,상해없음,자전거,남,24세,경상
2013121700100427,2013년 12월 17일 18시,화요일,광주광역시 광산구 수완동,경상사고,0,0,1,0,차대사람 - 차도통행중,안전운전불이행,건조,맑음,단일로 - 기타,승용,여,35세,상해없음,보행자,여,16세,경상
2013121700100428,2013년 12월 17일 18시,화요일,광주광역시 광산구 신창동,중상사고,0,1,0,0,차대사람 - 횡단중,안전운전불이행,건조,맑음,단일로 - 기타,원동기,남,19세,상해없음,보행자,여,59세,중상
2013121700100579,2013년 12월 17일 23시,화요일,광주광역시 북구 연제동,경상사고,0,0,1,0,차량단독 - 공작물충돌,안전운전불이행,건조,맑음,단일로 - 기타,승용,남,47세,경상,,,,
2013121700100593,2013년 12월 17일 23시,화요일,광주광역시 광산구 수완동,부상신고사고,0,0,0,1,차대차 - 추돌 - 진행중,안전거리미확보,건조,맑음,교차로 - 교차로안,원동기,남,21세,부상신고,승용,남,35세,상해없음
2013121700100594,2013년 12월 17일 23시,화요일,광주광역시 광산구 월계동,중상사고,0,1,0,0,차대사람 - 횡단중,안전운전불이행,건조,흐림,단일로 - 기타,승용,남,27세,상해없음,보행자,여,44세,중상
2013121800100051,2013년 12월 18일 01시,수요일,광주광역시 북구 우산동,경상사고,0,0,1,0,차대사람 - 기타,안전운전불이행,건조,맑음,교차로 - 교차로안,승용,남,59세,상해없음,보행자,남,50세,경상
2013121800100116,2013년 12월 18일 06시,수요일,광주광역시 광산구 월계동,경상사고,0,0,2,0,차대차 - 측면직각충돌,신호위반,건조,흐림,교차로 - 교차로안,승용,남,44세,경상,승용,남,41세,경상
2013121800100146,2013년 12월 18일 07시,수요일,광주광역시 남구 진월동,경상사고,0,0,1,0,차대차 - 기타,안전거리미확보,건조,맑음,단일로 - 기타,승용,남,29세,상해없음,화물,남,47세,경상
2013121800100184,2013년 12월 18일 08시,수요일,광주광역시 남구 주월동,경상사고,0,0,1,0,차대차 - 기타,신호위반,건조,맑음,교차로 - 교차로안,승용,남,62세,상해없음,승용,남,31세,경상
2013121800100218,2013년 12월 18일 09시,수요일,광주광역시 서구 덕흥동,경상사고,0,0,2,0,차대차 - 추돌 - 진행중,안전운전불이행,건조,맑음,단일로 - 기타,승용,남,49세,상해없음,승용,남,45세,경상
2013121800100219,2013년 12월 18일 09시,수요일,광주광역시 남구 송하동,경상사고,0,0,1,0,차대차 - 추돌 - 주정차중,안전운전불이행,건조,맑음,단일로 - 기타,승용,남,52세,상해없음,화물,남,33세,경상
2013121800100246,2013년 12월 18일 10시,수요일,광주광역시 광산구 송정동,중상사고,0,1,0,0,차대사람 - 횡단중,보행자보호의무위반,건조,맑음,단일로 - 횡단보도상,승용,여,35세,상해없음,보행자,여,66세,중상
2013121800100247,2013년 12월 18일 10시,수요일,광주광역시 광산구 신가동,경상사고,0,0,2,0,차대차 - 추돌 - 주정차중,안전거리미확보,건조,맑음,단일로 - 기타,승용,남,42세,경상,승용,남,70세,경상
2013121800100271,2013년 12월 18일 11시,수요일,광주광역시 광산구 운남동,경상사고,0,0,1,0,차대차 - 추돌 - 진행중,안전운전불이행,건조,맑음,단일로 - 기타,승용,남,36세,상해없음,이륜,남,71세,경상
2013121800100293,2013년 12월 18일 12시,수요일,광주광역시 광산구 월곡동,경상사고,0,0,1,0,차대차 - 기타,안전운전불이행,건조,맑음,단일로 - 기타,승용,남,48세,상해없음,승합,여,35세,경상
2013121800100316,2013년 12월 18일 13시,수요일,광주광역시 서구 쌍촌동,경상사고,0,0,2,0,차대차 - 기타,교차로운행방법위반,건조,맑음,교차로 - 교차로안,승용,여,24세,경상,승용,남,38세,경상
2013121800100317,2013년 12월 18일 13시,수요일,광주광역시 남구 진월동,경상사고,0,0,1,0,차대차 - 기타,중앙선침범,건조,맑음,단일로 - 기타,승용,남,68세,상해없음,이륜,남,47세,경상
2013121800100318,2013년 12월 18일 13시,수요일,광주광역시 북구 누문동,중상사고,0,1,0,0,차대차 - 측면직각충돌,불법유턴,건조,맑음,단일로 - 기타,자전거,남,88세,중상,승용,남,77세,상해없음
2013121800100363,2013년 12월 18일 15시,수요일,광주광역시 광산구 월계동,경상사고,0,0,1,0,차대차 - 측면직각충돌,안전거리미확보,건조,맑음,단일로 - 기타,승용,여,45세,상해없음,원동기,남,18세,경상
2013121800100364,2013년 12월 18일 15시,수요일,광주광역시 광산구 수완동,중상사고,0,1,2,0,차대차 - 추돌 - 진행중,중앙선침범,건조,맑음,단일로 - 기타,승용,여,38세,상해없음,승용,여,57세,중상
2013121800100384,2013년 12월 18일 16시,수요일,광주광역시 북구 임동,경상사고,0,0,1,0,차대사람 - 보도통행중,신호위반,건조,맑음,단일로 - 기타,화물,남,63세,상해없음,보행자,남,12세,경상
2013121800100385,2013년 12월 18일 16시,수요일,광주광역시 광산구 송정동,중상사고,0,1,0,0,차대사람 - 횡단중,신호위반,건조,맑음,교차로 - 교차로부근,승용,여,31세,상해없음,보행자,여,61세,중상
2013121800100433,2013년 12월 18일 17시,수요일,광주광역시 북구 두암동,경상사고,0,0,1,0,차대차 - 기타,안전운전불이행,건조,맑음,교차로 - 교차로안,승용,남,62세,상해없음,자전거,남,77세,경상
2013121800100434,2013년 12월 18일 17시,수요일,광주광역시 광산구 비아동,경상사고,0,0,1,0,차대차 - 측면직각충돌,직진우회전진행방해,건조,맑음,교차로 - 교차로안,승용,남,42세,경상,승용,여,48세,상해없음
2013121800100489,2013년 12월 18일 18시,수요일,광주광역시 북구 운암동,중상사고,0,1,0,0,차대사람 - 기타,안전운전불이행,건조,맑음,기타 - 기타,화물,남,62세,상해없음,보행자,남,65세,중상
2013121800100490,2013년 12월 18일 18시,수요일,광주광역시 북구 용봉동,경상사고,0,0,1,0,차대차 - 측면직각충돌,안전거리미확보,건조,맑음,단일로 - 기타,자전거,남,85세,경상,승용,여,46세,상해없음
2013121800100491,2013년 12월 18일 18시,수요일,광주광역시 광산구 운남동,경상사고,0,0,1,0,차대차 - 측면직각충돌,교차로운행방법위반,건조,맑음,교차로 - 교차로안,승용,남,45세,상해없음,이륜,남,55세,경상
2013121800100492,2013년 12월 18일 18시,수요일,광주광역시 광산구 장덕동,중상사고,0,1,0,0,차대차 - 정면충돌,신호위반,건조,맑음,단일로 - 기타,승용,남,38세,상해없음,원동기,남,29세,중상
2013121800100528,2013년 12월 18일 19시,수요일,광주광역시 광산구 신창동,중상사고,0,1,0,0,차대사람 - 기타,안전운전불이행,건조,맑음,기타 - 기타,승용,여,42세,상해없음,보행자,남,57세,중상
2013121800100552,2013년 12월 18일 20시,수요일,광주광역시 서구 유촌동,중상사고,0,1,3,0,차대차 - 기타,안전운전불이행,건조,맑음,단일로 - 기타,승용,남,48세,상해없음,승용,여,58세,경상
2013121800100553,2013년 12월 18일 20시,수요일,광주광역시 북구 일곡동,경상사고,0,0,2,0,차대차 - 측면직각충돌,안전운전불이행,건조,맑음,단일로 - 기타,승용,남,36세,경상,승용,여,42세,경상
2013121800100591,2013년 12월 18일 21시,수요일,광주광역시 광산구 신가동,경상사고,0,0,5,0,차대차 - 추돌 - 주정차중,안전운전불이행,건조,맑음,단일로 - 기타,승용,남,34세,상해없음,승용,남,50세,경상
2013121800100676,2013년 12월 18일 23시,수요일,광주광역시 북구 용봉동,중상사고,0,1,0,0,차대차 - 측면직각충돌,중앙선침범,건조,맑음,단일로 - 기타,승용,남,28세,상해없음,자전거,남,51세,중상
2013121900100053,2013년 12월 19일 01시,목요일,광주광역시 동구 호남동,경상사고,0,0,1,0,차대사람 - 기타,신호위반,습기,비,교차로 - 교차로부근,승용,여,43세,상해없음,보행자,남,27세,경상
2013121900100073,2013년 12월 19일 02시,목요일,광주광역시 북구 중흥동,경상사고,0,0,1,0,차대차 - 측면직각충돌,신호위반,건조,맑음,교차로 - 교차로안,승용,남,53세,상해없음,승용,남,27세,상해없음
2013121900100129,2013년 12월 19일 06시,목요일,광주광역시 북구 문흥동,경상사고,0,0,1,0,차대차 - 측면직각충돌,신호위반,건조,맑음,교차로 - 교차로안,승용,남,27세,상해없음,승용,남,54세,경상
2013121900100206,2013년 12월 19일 08시,목요일,광주광역시 남구 진월동,경상사고,0,0,1,0,차대사람 - 보도통행중,기타,건조,맑음,기타 - 기타,승용,여,55세,상해없음,보행자,여,24세,경상
2013121900100264,2013년 12월 19일 11시,목요일,광주광역시 남구 월산동,경상사고,0,0,1,0,차대사람 - 횡단중,안전운전불이행,건조,맑음,교차로 - 교차로부근,승용,남,64세,상해없음,보행자,여,76세,경상
2013121900100265,2013년 12월 19일 11시,목요일,광주광역시 광산구 안청동,경상사고,0,0,1,0,차대차 - 측면직각충돌,교차로운행방법위반,건조,맑음,교차로 - 교차로안,승용,남,28세,상해없음,승용,남,48세,경상
2013121900100319,2013년 12월 19일 14시,목요일,광주광역시 동구 산수동,경상사고,0,0,1,0,차대차 - 측면직각충돌,안전운전불이행,건조,맑음,교차로 - 교차로안,승용,여,73세,상해없음,승용,남,51세,경상
2013121900100320,2013년 12월 19일 14시,목요일,광주광역시 서구 치평동,경상사고,0,0,1,0,차대사람 - 횡단중,보행자보호의무위반,건조,흐림,단일로 - 횡단보도상,승용,여,46세,상해없음,보행자,여,47세,경상
2013121900100321,2013년 12월 19일 14시,목요일,광주광역시 북구 두암동,경상사고,0,0,1,0,차대사람 - 기타,안전운전불이행,건조,맑음,단일로 - 기타,승용,남,58세,상해없음,보행자,남,56세,경상
2013121900100385,2013년 12월 19일 16시,목요일,광주광역시 동구 동명동,중상사고,0,1,0,0,차대차 - 측면직각충돌,안전운전불이행,건조,맑음,교차로 - 교차로안,이륜,남,34세,상해없음,승용,여,32세,중상
2013121900100417,2013년 12월 19일 17시,목요일,광주광역시 서구 치평동,경상사고,0,0,3,0,차대차 - 정면충돌,신호위반,습기,눈,교차로 - 교차로안,승용,여,46세,상해없음,승용,남,19세,경상
2013121900100418,2013년 12월 19일 17시,목요일,광주광역시 남구 진월동,경상사고,0,0,1,0,차대사람 - 기타,안전운전불이행,습기,눈,기타 - 기타,승용,여,46세,상해없음,보행자,여,9세,경상
2013121900100463,2013년 12월 19일 18시,목요일,광주광역시 북구 두암동,경상사고,0,0,1,0,차대차 - 측면직각충돌,불법유턴,습기,눈,단일로 - 기타,승용,남,26세,상해없음,원동기,남,17세,경상
2013121900100464,2013년 12월 19일 18시,목요일,광주광역시 광산구 송정동,경상사고,0,0,1,0,차대사람 - 기타,안전운전불이행,습기,흐림,단일로 - 기타,화물,남,43세,상해없음,보행자,여,75세,경상
2013121900100500,2013년 12월 19일 19시,목요일,광주광역시 북구 운암동,중상사고,0,1,0,0,차대사람 - 횡단중,신호위반,습기,눈,단일로 - 횡단보도상,원동기,남,17세,상해없음,보행자,여,45세,중상
2013121900100501,2013년 12월 19일 19시,목요일,광주광역시 광산구 신가동,경상사고,0,0,1,0,차대차 - 측면직각충돌,안전운전불이행,습기,눈,단일로 - 기타,승용,여,41세,상해없음,승용,남,39세,경상
2013121900100533,2013년 12월 19일 20시,목요일,광주광역시 남구 송하동,경상사고,0,0,1,0,차대차 - 추돌 - 주정차중,안전거리미확보,결빙,눈,미분류 - 미분류,승용,여,55세,상해없음,승용,여,44세,경상
2013121900100534,2013년 12월 19일 20시,목요일,광주광역시 북구 각화동,경상사고,0,0,2,0,차대차 - 기타,안전운전불이행,습기,맑음,단일로 - 교량,승용,남,30세,상해없음,승용,여,54세,경상
2013121900100535,2013년 12월 19일 20시,목요일,광주광역시 광산구 송정동,경상사고,0,0,1,0,차대사람 - 횡단중,신호위반,적설,눈,교차로 - 교차로안,이륜,남,18세,상해없음,보행자,여,54세,경상
2013121900100573,2013년 12월 19일 21시,목요일,광주광역시 서구 광천동,경상사고,0,0,1,0,차대차 - 추돌 - 진행중,안전운전불이행,습기,눈,교차로 - 교차로안,승용,남,52세,상해없음,승용,여,50세,경상
2013121900100595,2013년 12월 19일 22시,목요일,광주광역시 남구 사동,경상사고,0,0,1,0,차량단독 - 기타,안전운전불이행,적설,눈,단일로 - 기타,승용,남,53세,상해없음,,,,
2013121900100622,2013년 12월 19일 23시,목요일,광주광역시 남구 방림동,경상사고,0,0,2,0,차대차 - 측면직각충돌,신호위반,적설,눈,교차로 - 교차로안,승용,남,50세,상해없음,승용,남,58세,경상
2013121900100623,2013년 12월 19일 23시,목요일,광주광역시 북구 양산동,경상사고,0,0,1,0,차량단독 - 공작물충돌,안전운전불이행,건조,맑음,기타 - 기타,승용,남,59세,상해없음,,,,
2013122000100029,2013년 12월 20일 00시,금요일,광주광역시 광산구 옥동,경상사고,0,0,1,0,차대차 - 기타,안전운전불이행,적설,눈,단일로 - 기타,승용,남,42세,상해없음,자전거,남,30세,경상
2013122000100089,2013년 12월 20일 04시,금요일,광주광역시 남구 주월동,경상사고,0,0,1,0,차대차 - 추돌 - 진행중,신호위반,건조,맑음,교차로 - 교차로안,승용,남,33세,상해없음,승용,남,46세,경상
2013122000100120,2013년 12월 20일 06시,금요일,광주광역시 북구 신용동,중상사고,0,1,0,0,차대사람 - 기타,안전운전불이행,건조,맑음,단일로 - 횡단보도상,승용,남,36세,상해없음,보행자,남,72세,중상
2013122000100121,2013년 12월 20일 06시,금요일,광주광역시 광산구 하남동,중상사고,0,1,0,0,차대사람 - 보도통행중,신호위반,습기,눈,교차로 - 교차로부근,승용,남,28세,상해없음,보행자,남,22세,중상
2013122000100191,2013년 12월 20일 08시,금요일,광주광역시 북구 중흥동,경상사고,0,0,1,0,차대차 - 추돌 - 진행중,차로위반,건조,맑음,단일로 - 기타,승용,남,29세,상해없음,승용,남,36세,경상
2013122000100232,2013년 12월 20일 10시,금요일,광주광역시 광산구 신창동,경상사고,0,0,1,0,차대차 - 추돌 - 진행중,교차로운행방법위반,건조,맑음,교차로 - 교차로안,승용,여,29세,상해없음,승용,남,47세,경상
2013122000100244,2013년 12월 20일 11시,금요일,광주광역시 광산구 월전동,경상사고,0,0,1,0,차대차 - 기타,교차로운행방법위반,건조,맑음,교차로 - 교차로안,화물,남,38세,상해없음,승용,남,46세,경상
2013122000100343,2013년 12월 20일 15시,금요일,광주광역시 북구 운암동,경상사고,0,0,1,0,차대차 - 측면직각충돌,안전운전불이행,건조,맑음,교차로 - 교차로안,승용,남,37세,상해없음,승용,남,33세,경상
2013122000100344,2013년 12월 20일 15시,금요일,광주광역시 광산구 신가동,경상사고,0,0,7,0,차대차 - 기타,안전거리미확보,건조,맑음,교차로 - 교차로부근,승용,남,64세,상해없음,승합,남,36세,상해없음
2013122000100379,2013년 12월 20일 16시,금요일,광주광역시 동구 동명동,경상사고,0,0,1,0,차대차 - 추돌 - 진행중,안전거리미확보,건조,맑음,교차로 - 교차로부근,승용,남,52세,상해없음,승용,남,28세,경상
2013122000100380,2013년 12월 20일 16시,금요일,광주광역시 서구 풍암동,경상사고,0,0,2,0,차대차 - 기타,안전운전불이행,습기,흐림,교차로 - 교차로부근,화물,남,25세,기타불명,승용,여,51세,경상
2013122000100413,2013년 12월 20일 17시,금요일,광주광역시 광산구 하남동,경상사고,0,0,2,0,차대사람 - 횡단중,보행자보호의무위반,적설,눈,단일로 - 기타,승용,남,23세,상해없음,보행자,여,26세,경상
2013122000100414,2013년 12월 20일 17시,금요일,광주광역시 광산구 월계동,경상사고,0,0,1,0,차대차 - 측면직각충돌,교차로운행방법위반,건조,맑음,교차로 - 교차로안,승용,여,48세,상해없음,승용,남,39세,경상
2013122000100512,2013년 12월 20일 19시,금요일,광주광역시 서구 양동,부상신고사고,0,0,0,1,차대차 - 측면직각충돌,중앙선침범,건조,맑음,단일로 - 기타,자전거,남,56세,부상신고,승용,여,52세,상해없음
2013122000100513,2013년 12월 20일 19시,금요일,광주광역시 북구 오치동,중상사고,0,1,0,0,차대사람 - 횡단중,보행자보호의무위반,습기,눈,교차로 - 교차로안,승용,남,54세,상해없음,보행자,여,65세,중상
2013122000100514,2013년 12월 20일 19시,금요일,광주광역시 광산구 신가동,경상사고,0,0,1,0,차대차 - 기타,불법유턴,적설,눈,단일로 - 기타,승용,남,64세,상해없음,승용,여,54세,경상
2013122000100515,2013년 12월 20일 19시,금요일,광주광역시 광산구 도산동,경상사고,0,0,2,1,차대차 - 측면직각충돌,안전운전불이행,습기,눈,단일로 - 기타,승용,남,69세,상해없음,승합,여,40세,부상신고
2013122000100589,2013년 12월 20일 21시,금요일,광주광역시 서구 치평동,중상사고,0,1,0,0,차대사람 - 기타,안전운전불이행,습기,비,기타 - 기타,승합,남,34세,기타불명,보행자,남,44세,중상
2013122000100590,2013년 12월 20일 21시,금요일,광주광역시 서구 치평동,경상사고,0,0,1,0,차대차 - 측면직각충돌,안전운전불이행,습기,눈,단일로 - 기타,승용,남,45세,상해없음,화물,남,25세,상해없음
2013122000100591,2013년 12월 20일 21시,금요일,광주광역시 남구 봉선동,경상사고,0,0,1,0,차대사람 - 차도통행중,안전운전불이행,적설,눈,단일로 - 기타,승용,남,68세,상해없음,보행자,남,15세,경상
2013122000100592,2013년 12월 20일 21시,금요일,광주광역시 남구 월산동,경상사고,0,0,1,0,차대사람 - 횡단중,안전운전불이행,습기,비,단일로 - 기타,승용,남,32세,상해없음,보행자,남,43세,경상
2013122000100593,2013년 12월 20일 21시,금요일,광주광역시 북구 오치동,경상사고,0,0,1,0,차대차 - 측면직각충돌,안전운전불이행,건조,맑음,교차로 - 교차로안,승용,남,46세,상해없음,원동기,남,16세,경상
2013122000100594,2013년 12월 20일 21시,금요일,광주광역시 북구 우산동,경상사고,0,0,2,0,차대차 - 측면직각충돌,교차로운행방법위반,건조,맑음,교차로 - 교차로안,승용,남,24세,경상,승용,남,43세,경상
2013122000100595,2013년 12월 20일 21시,금요일,광주광역시 광산구 도산동,경상사고,0,0,3,0,차대차 - 추돌 - 진행중,안전운전불이행,습기,눈,교차로 - 교차로부근,승용,남,25세,상해없음,승용,남,47세,경상
2013122000100638,2013년 12월 20일 22시,금요일,광주광역시 남구 주월동,경상사고,0,0,2,0,차대차 - 측면직각충돌,신호위반,습기,비,교차로 - 교차로안,승용,남,33세,상해없음,승용,남,23세,경상
2013122000100639,2013년 12월 20일 22시,금요일,광주광역시 북구 문흥동,경상사고,0,0,1,0,차량단독 - 전도전복,안전운전불이행,결빙,눈,교차로 - 교차로안,이륜,남,60세,경상,,,,
2013122000100640,2013년 12월 20일 22시,금요일,광주광역시 북구 중흥동,경상사고,0,0,4,0,차대차 - 추돌 - 진행중,안전운전불이행,습기,눈,단일로 - 기타,승용,여,28세,상해없음,승용,남,27세,경상
2013122000100641,2013년 12월 20일 22시,금요일,광주광역시 북구 문흥동,경상사고,0,0,2,0,차대차 - 기타,교차로운행방법위반,습기,눈,교차로 - 교차로안,승용,남,45세,상해없음,승용,남,55세,상해없음
2013122000100642,2013년 12월 20일 22시,금요일,광주광역시 북구 용봉동,중상사고,0,1,0,0,차대사람 - 횡단중,신호위반,건조,맑음,단일로 - 횡단보도상,승용,남,55세,상해없음,보행자,여,21세,중상
2013122000100643,2013년 12월 20일 22시,금요일,광주광역시 광산구 송정동,경상사고,0,0,3,0,차대차 - 추돌 - 진행중,안전운전불이행,결빙,눈,단일로 - 교량,화물,남,39세,상해없음,승용,여,40세,경상
2013122000100684,2013년 12월 20일 23시,금요일,광주광역시 서구 금호동,경상사고,0,0,1,0,차대차 - 추돌 - 진행중,안전거리미확보,결빙,눈,단일로 - 기타,승용,여,48세,상해없음,승용,남,53세,상해없음
2013122000100685,2013년 12월 20일 23시,금요일,광주광역시 남구 양과동,경상사고,0,0,1,0,차대차 - 추돌 - 진행중,안전운전불이행,결빙,흐림,단일로 - 기타,승용,남,34세,상해없음,승용,남,64세,상해없음