사고번호,사고일시,요일,시군구,사고내용,사망자수,중상자수,경상자수,부상신고자수,사고유형,법규위반,노면상태,기상상태,도로형태,가해운전자 차종,가해운전자 성별,가해운전자 연령,가해운전자 상해정도,피해운전자 차종,피해운전자 성별,피해운전자 연령,피해운전자 상해정도
2013122000100686,2013년 12월 20일 23시,금요일,광주광역시 북구 오치동,경상사고,0,0,1,0,차대차 - 측면직각충돌,교차로운행방법위반,결빙,눈,교차로 - 교차로안,승용,남,48세,경상,승용,남,36세,상해없음
2013122100100037,2013년 12월 21일 00시,토요일,광주광역시 동구 학동,경상사고,0,0,3,0,차대차 - 추돌 - 진행중,안전운전불이행,결빙,흐림,미분류 - 미분류,승용,남,52세,경상,승용,남,54세,상해없음
2013122100100038,2013년 12월 21일 00시,토요일,광주광역시 동구 학동,경상사고,0,0,4,0,차대차 - 측면직각충돌,안전운전불이행,결빙,흐림,미분류 - 미분류,승용,남,56세,경상,승용,남,52세,경상
2013122100100039,2013년 12월 21일 00시,토요일,광주광역시 북구 연제동,경상사고,0,0,2,0,차대차 - 측면직각충돌,신호위반,결빙,눈,교차로 - 교차로안,승용,남,50세,상해없음,승용,남,41세,경상
2013122100100040,2013년 12월 21일 00시,토요일,광주광역시 북구 신안동,중상사고,0,2,1,0,차대차 - 측면직각충돌,안전운전불이행,결빙,눈,단일로 - 기타,승합,남,35세,경상,승용,남,62세,중상
2013122100100041,2013년 12월 21일 00시,토요일,광주광역시 광산구 신가동,경상사고,0,0,1,0,차대차 - 기타,안전운전불이행,적설,눈,단일로 - 교량,승용,남,25세,상해없음,승용,남,23세,경상
2013122100100042,2013년 12월 21일 00시,토요일,광주광역시 광산구 신가동,경상사고,0,0,1,0,차대차 - 측면직각충돌,안전운전불이행,결빙,눈,단일로 - 교량,승용,남,29세,상해없음,승용,남,34세,경상
2013122100100085,2013년 12월 21일 01시,토요일,광주광역시 서구 매월동,경상사고,0,0,2,0,차대차 - 기타,안전운전불이행,결빙,눈,단일로 - 기타,승용,남,26세,기타불명,승용,남,63세,경상
2013122100100086,2013년 12월 21일 01시,토요일,광주광역시 북구 임동,경상사고,0,0,2,0,차량단독 - 도로외이탈 - 추락,안전운전불이행,결빙,눈,단일로 - 기타,승용,남,61세,경상,,,,
2013122100100087,2013년 12월 21일 01시,토요일,광주광역시 북구 양산동,경상사고,0,0,2,0,차대차 - 기타,중앙선침범,결빙,눈,단일로 - 기타,승용,남,40세,상해없음,승용,여,42세,경상
2013122100100088,2013년 12월 21일 01시,토요일,광주광역시 북구 동림동,경상사고,0,0,2,0,차대차 - 기타,안전운전불이행,결빙,눈,단일로 - 기타,승용,남,47세,상해없음,화물,남,36세,상해없음
2013122100100089,2013년 12월 21일 01시,토요일,광주광역시 북구 각화동,경상사고,0,0,1,0,차량단독 - 공작물충돌,안전운전불이행,결빙,눈,단일로 - 기타,승용,남,46세,상해없음,,,,
2013122100100090,2013년 12월 21일 01시,토요일,광주광역시 광산구 월곡동,중상사고,0,1,0,0,차대차 - 측면직각충돌,중앙선침범,결빙,눈,단일로 - 기타,승용,남,32세,상해없음,승용,남,61세,중상
2013122100100113,2013년 12월 21일 02시,토요일,광주광역시 동구 수기동,부상신고사고,0,0,0,1,차대차 - 측면직각충돌,신호위반,습기,눈,교차로 - 교차로안,승용,남,33세,상해없음,승용,남,46세,부상신고
2013122100100114,2013년 12월 21일 02시,토요일,광주광역시 서구 광천동,경상사고,0,0,1,0,차대사람 - 기타,안전운전불이행,적설,눈,교차로 - 교차로안,승용,남,24세,상해없음,보행자,남,46세,경상
2013122100100115,2013년 12월 21일 02시,토요일,광주광역시 서구 치평동,경상사고,0,0,2,0,차대차 - 추돌 - 주정차중,안전운전불이행,결빙,비,단일로 - 기타,승용,남,61세,상해없음,승용,남,48세,경상
2013122100100116,2013년 12월 21일 02시,토요일,광주광역시 북구 동림동,경상사고,0,0,2,0,차대차 - 추돌 - 주정차중,안전거리미확보,건조,맑음,단일로 - 기타,승용,남,35세,상해없음,승용,남,26세,상해없음
2013122100100134,2013년 12월 21일 03시,토요일,광주광역시 서구 치평동,경상사고,0,0,1,1,차대차 - 추돌 - 진행중,안전운전불이행,결빙,눈,단일로 - 기타,승용,남,29세,상해없음,승용,남,48세,경상
2013122100100135,2013년 12월 21일 03시,토요일,광주광역시 북구 운암동,경상사고,0,0,1,0,차대차 - 추돌 - 진행중,안전운전불이행,결빙,눈,단일로 - 기타,승용,남,29세,상해없음,화물,남,43세,경상
2013122100100172,2013년 12월 21일 05시,토요일,광주광역시 남구 송하동,중상사고,0,1,0,0,차대차 - 정면충돌,안전운전불이행,결빙,눈,미분류 - 미분류,승합,남,55세,상해없음,승용,남,56세,중상
2013122100100173,2013년 12월 21일 05시,토요일,광주광역시 광산구 복룡동,경상사고,0,0,1,0,차대차 - 정면충돌,중앙선침범,결빙,눈,단일로 - 교량,승용,남,71세,상해없음,승합,남,63세,경상
2013122100100217,2013년 12월 21일 07시,토요일,광주광역시 서구 쌍촌동,경상사고,0,0,1,0,차대차 - 추돌 - 주정차중,안전운전불이행,습기,비,교차로 - 교차로부근,승용,남,23세,상해없음,승용,남,53세,경상
2013122100100218,2013년 12월 21일 07시,토요일,광주광역시 북구 중흥동,경상사고,0,0,1,0,차대사람 - 기타,안전운전불이행,건조,맑음,단일로 - 기타,승용,여,61세,상해없음,보행자,남,18세,경상
2013122100100238,2013년 12월 21일 08시,토요일,광주광역시 북구 동림동,중상사고,0,1,0,0,차대사람 - 횡단중,보행자보호의무위반,건조,맑음,교차로 - 교차로안,승합,남,34세,상해없음,보행자,여,79세,중상
2013122100100269,2013년 12월 21일 09시,토요일,광주광역시 광산구 송정동,중상사고,0,1,0,0,차대차 - 기타,신호위반,건조,맑음,교차로 - 교차로안,화물,남,63세,상해없음,승용,여,52세,중상
2013122100100318,2013년 12월 21일 11시,토요일,광주광역시 동구 남동,경상사고,0,0,1,0,차대차 - 기타,안전거리미확보,건조,맑음,단일로 - 기타,승용,여,40세,상해없음,승용,여,41세,경상
2013122100100351,2013년 12월 21일 12시,토요일,광주광역시 서구 광천동,경상사고,0,0,1,0,차대차 - 측면직각충돌,안전운전불이행,건조,맑음,단일로 - 기타,승용,여,46세,상해없음,승용,여,53세,경상
2013122100100352,2013년 12월 21일 12시,토요일,광주광역시 서구 광천동,경상사고,0,0,2,0,차대차 - 추돌 - 진행중,안전거리미확보,건조,맑음,단일로 - 기타,승용,남,69세,상해없음,승용,남,28세,경상
2013122100100353,2013년 12월 21일 12시,토요일,광주광역시 광산구 도산동,경상사고,0,0,1,0,차대차 - 기타,안전거리미확보,건조,맑음,단일로 - 기타,승용,남,60세,상해없음,승합,남,46세,경상
2013122100100382,2013년 12월 21일 13시,토요일,광주광역시 남구 방림동,경상사고,0,0,2,0,차대차 - 정면충돌,중앙선침범,건조,맑음,단일로 - 기타,승용,남,31세,상해없음,승용,여,42세,경상
2013122100100501,2013년 12월 21일 17시,토요일,광주광역시 북구 동림동,경상사고,0,0,2,0,차대차 - 기타,신호위반,건조,맑음,교차로 - 교차로안,원동기,남,33세,경상,승용,남,60세,경상
2013122100100502,2013년 12월 21일 17시,토요일,광주광역시 광산구 쌍암동,경상사고,0,0,2,1,차대차 - 측면직각충돌,안전운전불이행,건조,맑음,교차로 - 교차로안,승용,남,34세,부상신고,승합,남,50세,상해없음
2013122100100530,2013년 12월 21일 18시,토요일,광주광역시 북구 용봉동,경상사고,0,0,1,0,차대차 - 추돌 - 진행중,안전거리미확보,건조,흐림,단일로 - 기타,승용,남,32세,상해없음,화물,남,46세,상해없음
2013122100100542,2013년 12월 21일 18시,토요일,광주광역시 동구 대인동,경상사고,0,0,1,0,차대차 - 측면직각충돌,안전운전불이행,건조,맑음,단일로 - 기타,기타불명,기타불명,기타불명,기타불명,승용,여,52세,경상
2013122100100543,2013년 12월 21일 18시,토요일,광주광역시 북구 임동,경상사고,0,0,1,0,차대사람 - 기타,안전운전불이행,건조,맑음,단일로 - 기타,승용,남,47세,상해없음,보행자,남,46세,경상
2013122100100544,2013년 12월 21일 18시,토요일,광주광역시 북구 우산동,경상사고,0,0,2,0,차대차 - 기타,안전운전불이행,건조,맑음,단일로 - 기타,화물,남,50세,상해없음,승용,남,30세,경상
2013122100100545,2013년 12월 21일 18시,토요일,광주광역시 광산구 수완동,경상사고,0,0,3,0,차대차 - 측면직각충돌,안전운전불이행,건조,맑음,단일로 - 기타,화물,남,58세,상해없음,승용,남,25세,경상
2013122100100546,2013년 12월 21일 18시,토요일,광주광역시 광산구 수완동,중상사고,0,1,1,0,차대차 - 추돌 - 진행중,안전운전불이행,적설,눈,단일로 - 기타,승용,남,48세,상해없음,승용,남,50세,중상
2013122100100674,2013년 12월 21일 22시,토요일,광주광역시 동구 학동,경상사고,0,0,1,0,차대차 - 기타,안전운전불이행,결빙,눈,기타 - 기타,승용,남,53세,상해없음,승용,남,39세,경상
2013122100100675,2013년 12월 21일 22시,토요일,광주광역시 서구 매월동,경상사고,0,0,1,0,차대차 - 추돌 - 주정차중,안전운전불이행,건조,맑음,교차로 - 교차로안,승용,남,49세,상해없음,승용,남,51세,경상
2013122100100676,2013년 12월 21일 22시,토요일,광주광역시 서구 쌍촌동,중상사고,0,1,0,0,차대사람 - 횡단중,안전운전불이행,건조,맑음,교차로 - 교차로안,승용,남,53세,상해없음,보행자,남,55세,중상
2013122100100677,2013년 12월 21일 22시,토요일,광주광역시 북구 풍향동,경상사고,0,0,4,0,차대차 - 추돌 - 주정차중,안전운전불이행,건조,맑음,교차로 - 교차로부근,승용,남,39세,상해없음,승용,남,53세,경상
2013122100100678,2013년 12월 21일 22시,토요일,광주광역시 광산구 운수동,중상사고,0,1,2,0,차대차 - 기타,안전운전불이행,습기,맑음,교차로 - 교차로부근,화물,남,32세,중상,승용,남,30세,경상
2013122100100706,2013년 12월 21일 23시,토요일,광주광역시 서구 금호동,경상사고,0,0,2,0,차대사람 - 기타,안전운전불이행,건조,맑음,단일로 - 기타,승용,남,45세,상해없음,보행자,남,53세,경상
2013122100100707,2013년 12월 21일 23시,토요일,광주광역시 서구 치평동,경상사고,0,0,1,0,차대차 - 측면직각충돌,교차로운행방법위반,건조,맑음,교차로 - 교차로안,화물,남,39세,상해없음,승용,여,38세,경상
2013122100100708,2013년 12월 21일 23시,토요일,광주광역시 북구 양산동,경상사고,0,0,1,0,차대사람 - 차도통행중,안전운전불이행,건조,맑음,단일로 - 기타,이륜,남,21세,상해없음,보행자,남,50세,경상
2013122200100024,2013년 12월 22일 00시,일요일,광주광역시 북구 용봉동,중상사고,0,1,2,0,차대차 - 측면직각충돌,안전운전불이행,건조,맑음,단일로 - 기타,승용,남,28세,상해없음,승용,남,31세,기타불명
2013122200100025,2013년 12월 22일 00시,일요일,광주광역시 광산구 산정동,경상사고,0,0,2,0,차대차 - 측면직각충돌,신호위반,건조,맑음,교차로 - 교차로안,승용,남,42세,상해없음,승용,남,54세,경상
2013122200100061,2013년 12월 22일 02시,일요일,광주광역시 북구 신용동,경상사고,0,0,2,0,차대차 - 기타,안전거리미확보,건조,맑음,교차로 - 교차로안,승용,여,29세,상해없음,승용,남,43세,상해없음
2013122200100090,2013년 12월 22일 04시,일요일,광주광역시 서구 유촌동,경상사고,0,0,3,0,차대차 - 측면직각충돌,신호위반,건조,흐림,교차로 - 교차로안,승용,남,25세,상해없음,승용,남,33세,경상
2013122200100166,2013년 12월 22일 10시,일요일,광주광역시 광산구 신창동,중상사고,0,1,2,0,차대차 - 측면직각충돌,중앙선침범,건조,맑음,교차로 - 교차로부근,승용,남,36세,경상,승합,남,52세,경상
2013122200100167,2013년 12월 22일 10시,일요일,광주광역시 광산구 우산동,경상사고,0,0,2,0,차대차 - 추돌 - 진행중,신호위반,건조,맑음,교차로 - 교차로안,승용,남,27세,상해없음,승용,남,55세,경상
2013122200100179,2013년 12월 22일 11시,일요일,광주광역시 서구 광천동,경상사고,0,0,7,0,차대차 - 추돌 - 진행중,안전운전불이행,건조,맑음,단일로 - 기타,승용,남,27세,상해없음,승용,여,23세,경상
2013122200100199,2013년 12월 22일 12시,일요일,광주광역시 북구 두암동,경상사고,0,0,1,0,차대차 - 측면직각충돌,교차로운행방법위반,건조,맑음,교차로 - 교차로안,승용,여,38세,상해없음,승용,남,44세,경상
2013122200100359,2013년 12월 22일 18시,일요일,광주광역시 광산구 신가동,경상사고,0,0,1,0,차대차 - 추돌 - 진행중,안전거리미확보,건조,맑음,단일로 - 기타,화물,남,47세,상해없음,승용,여,29세,경상
2013122200100408,2013년 12월 22일 20시,일요일,광주광역시 남구 봉선동,경상사고,0,0,1,0,차대차 - 기타,안전운전불이행,건조,맑음,단일로 - 기타,승용,남,28세,경상,승합,남,58세,상해없음
2013122200100429,2013년 12월 22일 21시,일요일,광주광역시 서구 서창동,경상사고,0,0,2,0,차대차 - 추돌 - 진행중,안전운전불이행,건조,맑음,단일로 - 기타,승용,남,50세,상해없음,승용,남,61세,경상
2013122200100452,2013년 12월 22일 22시,일요일,광주광역시 서구 쌍촌동,경상사고,0,0,1,0,차대사람 - 횡단중,안전운전불이행,건조,맑음,교차로 - 교차로부근,화물,남,29세,상해없음,보행자,여,40세,경상
2013122300100016,2013년 12월 23일 00시,월요일,광주광역시 서구 화정동,경상사고,0,0,2,0,차대차 - 추돌 - 주정차중,안전운전불이행,건조,맑음,단일로 - 기타,승용,남,59세,상해없음,화물,남,50세,경상
2013122300100017,2013년 12월 23일 00시,월요일,광주광역시 서구 쌍촌동,경상사고,0,0,4,0,차대차 - 추돌 - 주정차중,안전운전불이행,건조,맑음,교차로 - 교차로부근,승용,남,32세,상해없음,승용,남,58세,경상
2013122300100031,2013년 12월 23일 02시,월요일,광주광역시 북구 중흥동,경상사고,0,0,1,0,차대차 - 추돌 - 주정차중,안전운전불이행,건조,맑음,교차로 - 교차로부근,승용,기타불명,기타불명,기타불명,승용,여,31세,경상
2013122300100062,2013년 12월 23일 06시,월요일,광주광역시 서구 농성동,경상사고,0,0,1,0,차대차 - 추돌 - 주정차중,중앙선침범,건조,맑음,단일로 - 기타,승용,남,44세,상해없음,화물,남,54세,경상
2013122300100160,2013년 12월 23일 09시,월요일,광주광역시 서구 화정동,경상사고,0,0,3,0,차대차 - 추돌 - 진행중,교차로운행방법위반,건조,맑음,교차로 - 교차로안,승용,여,28세,상해없음,승용,남,43세,경상
2013122300100195,2013년 12월 23일 10시,월요일,광주광역시 동구 산수동,경상사고,0,0,1,0,차대차 - 기타,안전운전불이행,건조,맑음,교차로 - 교차로부근,승용,남,53세,상해없음,자전거,남,71세,경상
2013122300100196,2013년 12월 23일 10시,월요일,광주광역시 광산구 신가동,경상사고,0,0,5,0,차대차 - 측면직각충돌,안전거리미확보,건조,맑음,교차로 - 교차로부근,승용,여,55세,상해없음,승용,남,20세,경상
2013122300100256,2013년 12월 23일 12시,월요일,광주광역시 북구 운암동,경상사고,0,0,1,0,차대차 - 추돌 - 진행중,안전운전불이행,건조,맑음,단일로 - 기타,승용,남,58세,상해없음,승용,여,25세,경상
2013122300100331,2013년 12월 23일 14시,월요일,광주광역시 남구 진월동,경상사고,0,0,2,0,차대차 - 추돌 - 주정차중,안전운전불이행,건조,맑음,교차로 - 교차로부근,승용,남,26세,상해없음,승용,남,71세,경상
2013122300100332,2013년 12월 23일 14시,월요일,광주광역시 광산구 소촌동,경상사고,0,0,1,0,차대사람 - 기타,안전운전불이행,기타,맑음,기타 - 기타,승용,남,44세,상해없음,보행자,남,38세,경상
2013122300100363,2013년 12월 23일 15시,월요일,광주광역시 북구 운암동,경상사고,0,0,1,0,차대사람 - 기타,안전운전불이행,건조,맑음,단일로 - 기타,승용,여,47세,상해없음,보행자,남,51세,경상
2013122300100439,2013년 12월 23일 17시,월요일,광주광역시 북구 중흥동,경상사고,0,0,2,0,차대차 - 측면직각충돌,교차로운행방법위반,건조,맑음,교차로 - 교차로안,승용,남,69세,상해없음,승용,남,58세,경상
2013122300100440,2013년 12월 23일 17시,월요일,광주광역시 광산구 월곡동,경상사고,0,0,1,0,차대차 - 추돌 - 진행중,직진우회전진행방해,건조,맑음,교차로 - 교차로안,승용,여,35세,기타불명,승용,남,58세,경상
2013122300100494,2013년 12월 23일 18시,월요일,광주광역시 서구 화정동,경상사고,0,0,1,0,차대차 - 기타,안전거리미확보,건조,맑음,단일로 - 기타,화물,남,27세,상해없음,승합,남,47세,경상
2013122300100495,2013년 12월 23일 18시,월요일,광주광역시 북구 신안동,경상사고,0,0,1,0,차대차 - 측면직각충돌,교차로운행방법위반,건조,맑음,교차로 - 교차로안,기타불명,기타불명,기타불명,기타불명,승용,남,34세,경상
2013122300100496,2013년 12월 23일 18시,월요일,광주광역시 북구 양산동,경상사고,0,0,3,0,차량단독 - 기타,안전운전불이행,건조,맑음,단일로 - 기타,승용,남,57세,상해없음,,,,
2013122300100530,2013년 12월 23일 19시,월요일,광주광역시 북구 임동,경상사고,0,0,1,0,차대사람 - 횡단중,신호위반,건조,맑음,교차로 - 교차로안,승용,남,42세,상해없음,보행자,여,56세,경상
2013122300100563,2013년 12월 23일 20시,월요일,광주광역시 서구 쌍촌동,경상사고,0,0,1,0,차대차 - 측면직각충돌,차로위반,건조,흐림,단일로 - 기타,승용,남,61세,상해없음,이륜,남,18세,경상
2013122300100564,2013년 12월 23일 20시,월요일,광주광역시 북구 대촌동,경상사고,0,0,1,1,차대차 - 정면충돌,중앙선침범,건조,맑음,교차로 - 교차로부근,화물,남,56세,부상신고,승합,남,56세,경상
2013122300100586,2013년 12월 23일 21시,월요일,광주광역시 광산구 우산동,중상사고,0,1,0,0,차대사람 - 횡단중,안전운전불이행,건조,맑음,교차로 - 교차로안,승용,남,51세,상해없음,보행자,여,62세,중상
2013122300100587,2013년 12월 23일 21시,월요일,광주광역시 광산구 신창동,경상사고,0,0,1,0,차대차 - 측면직각충돌,차로위반,건조,맑음,단일로 - 기타,승용,남,39세,상해없음,승용,남,33세,경상
2013122300100620,2013년 12월 23일 22시,월요일,광주광역시 서구 광천동,경상사고,0,0,5,0,차대차 - 추돌 - 주정차중,안전운전불이행,건조,맑음,기타 - 기타,승용,남,37세,상해없음,승용,남,33세,경상
2013122300100648,2013년 12월 23일 23시,월요일,광주광역시 서구 유촌동,경상사고,0,0,4,0,차대차 - 기타,중앙선침범,건조,맑음,기타 - 기타,승용,남,30세,상해없음,승용,남,53세,경상
2013122400100023,2013년 12월 24일 00시,화요일,광주광역시 광산구 서봉동,경상사고,0,0,1,0,차대차 - 추돌 - 주정차중,안전운전불이행,건조,맑음,교차로 - 교차로부근,승용,남,42세,상해없음,승용,남,27세,경상
2013122400100039,2013년 12월 24일 01시,화요일,광주광역시 서구 쌍촌동,경상사고,0,0,2,0,차대차 - 기타,안전운전불이행,건조,맑음,교차로 - 교차로부근,승용,남,29세,상해없음,승용,남,49세,경상
2013122400100040,2013년 12월 24일 01시,화요일,광주광역시 북구 동림동,경상사고,0,0,2,0,차대차 - 기타,안전운전불이행,건조,맑음,교차로 - 교차로안,승용,남,30세,상해없음,승용,남,33세,경상
2013122400100065,2013년 12월 24일 02시,화요일,광주광역시 광산구 옥동,경상사고,0,0,2,0,차대차 - 측면직각충돌,교차로운행방법위반,건조,맑음,단일로 - 기타,승용,여,57세,경상,승용,남,46세,경상
2013122400100167,2013년 12월 24일 08시,화요일,광주광역시 북구 삼각동,경상사고,0,0,6,0,차대차 - 추돌 - 진행중,차로위반,건조,맑음,단일로 - 기타,건설기계,남,54세,상해없음,승용,여,41세,경상
2013122400100168,2013년 12월 24일 08시,화요일,광주광역시 북구 문흥동,경상사고,0,0,1,0,차대사람 - 횡단중,안전운전불이행,건조,맑음,교차로 - 교차로안,승용,여,45세,상해없음,보행자,여,33세,경상
2013122400100190,2013년 12월 24일 09시,화요일,광주광역시 동구 소태동,경상사고,0,0,1,0,차대차 - 추돌 - 진행중,안전운전불이행,건조,맑음,기타 - 기타,승용,남,42세,상해없음,승용,남,56세,경상
2013122400100254,2013년 12월 24일 12시,화요일,광주광역시 북구 우산동,중상사고,0,1,0,0,차량단독 - 기타,기타,건조,맑음,단일로 - 기타,승합,남,55세,상해없음,,,,
2013122400100280,2013년 12월 24일 13시,화요일,광주광역시 북구 용봉동,경상사고,0,0,1,0,차대차 - 측면직각충돌,안전거리미확보,건조,맑음,교차로 - 교차로안,승용,남,54세,상해없음,승용,남,60세,경상
2013122400100343,2013년 12월 24일 15시,화요일,광주광역시 서구 유촌동,경상사고,0,0,1,0,차대차 - 측면직각충돌,교차로운행방법위반,건조,맑음,교차로 - 교차로안,승용,여,41세,상해없음,승용,남,66세,경상
2013122400100404,2013년 12월 24일 17시,화요일,광주광역시 서구 치평동,사망사고,1,0,0,0,차대사람 - 횡단중,안전운전불이행,건조,맑음,교차로 - 교차로부근,승용,여,40세,상해없음,보행자,여,59세,사망
2013122400100405,2013년 12월 24일 17시,화요일,광주광역시 남구 진월동,중상사고,0,1,0,0,차대사람 - 횡단중,안전운전불이행,건조,맑음,교차로 - 교차로부근,화물,남,42세,상해없음,보행자,여,73세,중상
2013122400100406,2013년 12월 24일 17시,화요일,광주광역시 남구 월산동,경상사고,0,0,1,0,차대차 - 측면직각충돌,교차로운행방법위반,건조,맑음,교차로 - 교차로안,승용,남,48세,기타불명,승용,여,42세,경상
2013122400100453,2013년 12월 24일 18시,화요일,광주광역시 동구 금남로5가,중상사고,0,1,0,0,차대사람 - 횡단중,안전운전불이행,건조,맑음,단일로 - 횡단보도상,승용,여,42세,상해없음,보행자,남,73세,중상
2013122400100454,2013년 12월 24일 18시,화요일,광주광역시 서구 유촌동,경상사고,0,0,2,0,차대차 - 추돌 - 진행중,안전거리미확보,건조,맑음,교차로 - 교차로부근,승용,여,28세,상해없음,승용,여,33세,경상
2013122400100455,2013년 12월 24일 18시,화요일,광주광역시 북구 임동,경상사고,0,0,4,0,차대차 - 추돌 - 진행중,안전운전불이행,건조,맑음,단일로 - 기타,승용,남,60세,상해없음,승용,남,28세,경상
2013122400100456,2013년 12월 24일 18시,화요일,광주광역시 북구 풍향동,경상사고,0,0,1,0,차대차 - 추돌 - 주정차중,안전거리미확보,건조,맑음,교차로 - 교차로부근,승용,남,63세,상해없음,승용,남,30세,경상
2013122400100457,2013년 12월 24일 18시,화요일,광주광역시 광산구 수완동,경상사고,0,0,2,0,차대차 - 측면직각충돌,안전거리미확보,건조,맑음,단일로 - 기타,승용,여,38세,상해없음,승용,여,35세,경상
2013122400100458,2013년 12월 24일 18시,화요일,광주광역시 광산구 우산동,경상사고,0,0,1,0,차대차 - 측면직각충돌,안전거리미확보,건조,흐림,교차로 - 교차로부근,승용,남,58세,상해없음,승용,여,38세,경상
2013122400100459,2013년 12월 24일 18시,화요일,광주광역시 광산구 장덕동,중상사고,0,1,0,0,차대차 - 추돌 - 진행중,안전운전불이행,건조,맑음,교차로 - 교차로부근,승용,여,45세,상해없음,자전거,여,32세,중상
2013122400100501,2013년 12월 24일 19시,화요일,광주광역시 북구 신안동,경상사고,0,0,2,0,차대차 - 추돌 - 진행중,안전거리미확보,건조,맑음,단일로 - 기타,승용,남,45세,상해없음,승용,여,32세,경상
2013122500100021,2013년 12월 25일 00시,수요일,광주광역시 광산구 쌍암동,경상사고,0,0,2,0,차대차 - 정면충돌,안전운전불이행,건조,맑음,교차로 - 교차로안,화물,남,39세,상해없음,승용,남,33세,경상
2013122500100042,2013년 12월 25일 01시,수요일,광주광역시 북구 일곡동,경상사고,0,0,4,0,차대차 - 측면직각충돌,신호위반,건조,맑음,교차로 - 교차로안,승용,남,39세,상해없음,승용,남,52세,경상
2013122500100043,2013년 12월 25일 01시,수요일,광주광역시 광산구 선암동,경상사고,0,0,2,0,차대차 - 측면직각충돌,안전거리미확보,건조,맑음,단일로 - 기타,승합,남,55세,상해없음,승용,남,27세,경상
2013122500100056,2013년 12월 25일 02시,수요일,광주광역시 북구 오치동,경상사고,0,0,3,0,차대차 - 측면직각충돌,안전운전불이행,건조,맑음,기타 - 기타,승용,남,42세,상해없음,승합,남,49세,경상
2013122500100095,2013년 12월 25일 04시,수요일,광주광역시 광산구 산정동,경상사고,0,0,1,0,차대차 - 추돌 - 주정차중,안전운전불이행,건조,맑음,단일로 - 기타,승용,남,38세,경상,화물,남,33세,기타불명
2013122500100109,2013년 12월 25일 05시,수요일,광주광역시 북구 유동,경상사고,0,0,5,0,차대차 - 측면직각충돌,신호위반,건조,맑음,교차로 - 교차로안,승용,남,22세,경상,승용,남,62세,경상
2013122500100180,2013년 12월 25일 09시,수요일,광주광역시 서구 치평동,중상사고,0,1,0,1,차대차 - 측면직각충돌,신호위반,건조,맑음,교차로 - 교차로안,승용,남,30세,부상신고,승용,여,47세,중상
2013122500100210,2013년 12월 25일 11시,수요일,광주광역시 남구 주월동,중상사고,0,2,0,0,차대차 - 기타,신호위반,건조,맑음,교차로 - 교차로안,승용,남,37세,상해없음,승용,여,45세,중상
2013122500100264,2013년 12월 25일 14시,수요일,광주광역시 서구 매월동,경상사고,0,0,2,0,차대차 - 측면직각충돌,신호위반,건조,맑음,교차로 - 교차로안,승용,남,26세,경상,승용,남,36세,경상
2013122500100281,2013년 12월 25일 15시,수요일,광주광역시 북구 누문동,경상사고,0,0,1,0,차대차 - 추돌 - 주정차중,안전운전불이행,건조,맑음,단일로 - 기타,승용,남,23세,상해없음,화물,남,55세,경상
2013122500100328,2013년 12월 25일 17시,수요일,광주광역시 광산구 운남동,경상사고,0,0,3,0,차대차 - 기타,안전운전불이행,건조,맑음,교차로 - 교차로안,승용,남,66세,상해없음,승용,여,42세,경상
2013122500100357,2013년 12월 25일 18시,수요일,광주광역시 북구 용봉동,경상사고,0,0,1,0,차대차 - 기타,안전운전불이행,건조,맑음,단일로 - 기타,이륜,남,19세,경상,승용,여,50세,상해없음
2013122500100358,2013년 12월 25일 18시,수요일,광주광역시 북구 동림동,경상사고,0,0,1,0,차대사람 - 횡단중,안전운전불이행,건조,맑음,단일로 - 횡단보도상,승용,남,65세,상해없음,보행자,남,75세,경상
2013122500100450,2013년 12월 25일 22시,수요일,광주광역시 북구 임동,경상사고,0,0,6,0,차대차 - 측면직각충돌,신호위반,건조,맑음,교차로 - 교차로안,승용,여,50세,상해없음,승용,남,59세,경상
2013122600100013,2013년 12월 26일 00시,목요일,광주광역시 북구 일곡동,경상사고,0,0,4,0,차대차 - 측면직각충돌,신호위반,건조,맑음,교차로 - 교차로안,승용,남,54세,상해없음,승용,남,55세,경상
2013122600100032,2013년 12월 26일 02시,목요일,광주광역시 서구 화정동,중상사고,0,1,0,0,차대사람 - 기타,안전운전불이행,건조,맑음,단일로 - 기타,승용,남,56세,상해없음,보행자,남,60세,중상
2013122600100068,2013년 12월 26일 06시,목요일,광주광역시 남구 행암동,사망사고,2,0,0,0,차대사람 - 기타,신호위반,건조,기타,교차로 - 교차로부근,승용,남,67세,사망,보행자,남,42세,사망
2013122600100099,2013년 12월 26일 07시,목요일,광주광역시 동구 내남동,중상사고,0,1,0,0,차대차 - 측면직각충돌,신호위반,건조,맑음,교차로 - 교차로부근,승용,남,65세,상해없음,승용,남,47세,중상
2013122600100139,2013년 12월 26일 08시,목요일,광주광역시 동구 금동,중상사고,0,1,0,0,차대사람 - 횡단중,신호위반,건조,맑음,교차로 - 교차로안,승용,여,40세,상해없음,보행자,여,24세,중상