사고번호,사고일시,요일,시군구,사고내용,사망자수,중상자수,경상자수,부상신고자수,사고유형,법규위반,노면상태,기상상태,도로형태,가해운전자 차종,가해운전자 성별,가해운전자 연령,가해운전자 상해정도,피해운전자 차종,피해운전자 성별,피해운전자 연령,피해운전자 상해정도
2013122600100140,2013년 12월 26일 08시,목요일,광주광역시 북구 용봉동,중상사고,0,1,1,0,차대사람 - 횡단중,안전운전불이행,건조,맑음,단일로 - 기타,승용,남,27세,상해없음,보행자,여,37세,중상
2013122600100179,2013년 12월 26일 10시,목요일,광주광역시 북구 삼각동,중상사고,0,1,0,0,차대차 - 기타,안전운전불이행,건조,맑음,단일로 - 기타,승용,남,73세,상해없음,승용,여,51세,중상
2013122600100205,2013년 12월 26일 11시,목요일,광주광역시 광산구 소촌동,경상사고,0,0,1,0,차량단독 - 공작물충돌,안전운전불이행,건조,맑음,교차로 - 교차로안,승용,남,30세,상해없음,,,,
2013122600100236,2013년 12월 26일 12시,목요일,광주광역시 서구 농성동,경상사고,0,0,1,0,차대차 - 추돌 - 진행중,안전운전불이행,건조,맑음,단일로 - 기타,화물,남,31세,상해없음,승용,남,65세,경상
2013122600100237,2013년 12월 26일 12시,목요일,광주광역시 남구 백운동,경상사고,0,0,1,0,차대사람 - 기타,안전운전불이행,건조,맑음,기타 - 기타,승용,남,68세,상해없음,보행자,남,65세,경상
2013122600100342,2013년 12월 26일 16시,목요일,광주광역시 서구 쌍촌동,경상사고,0,0,1,0,차대사람 - 횡단중,기타,습기,흐림,교차로 - 교차로안,승용,여,50세,상해없음,보행자,남,24세,경상
2013122600100343,2013년 12월 26일 16시,목요일,광주광역시 서구 쌍촌동,중상사고,0,1,0,0,차량단독 - 기타,안전운전불이행,습기,비,교차로 - 교차로부근,원동기,남,50세,중상,,,,
2013122600100344,2013년 12월 26일 16시,목요일,광주광역시 서구 금호동,경상사고,0,0,1,0,차대차 - 기타,안전거리미확보,건조,맑음,기타 - 기타,승용,남,54세,상해없음,승용,남,24세,경상
2013122600100430,2013년 12월 26일 18시,목요일,광주광역시 서구 풍암동,경상사고,0,0,1,0,차대차 - 측면직각충돌,안전운전불이행,건조,맑음,교차로 - 교차로안,승용,기타불명,기타불명,기타불명,승용,남,32세,경상
2013122600100431,2013년 12월 26일 18시,목요일,광주광역시 광산구 소촌동,중상사고,0,1,0,0,차대차 - 정면충돌,교차로운행방법위반,건조,맑음,교차로 - 교차로안,화물,남,54세,상해없음,이륜,남,44세,중상
2013122600100453,2013년 12월 26일 19시,목요일,광주광역시 동구 호남동,경상사고,0,0,3,0,차대차 - 기타,안전운전불이행,건조,맑음,기타 - 기타,승용,남,71세,상해없음,승용,남,59세,상해없음
2013122600100481,2013년 12월 26일 20시,목요일,광주광역시 서구 치평동,경상사고,0,0,1,0,차대차 - 측면직각충돌,안전거리미확보,건조,맑음,단일로 - 기타,승용,여,54세,상해없음,화물,남,48세,경상
2013122600100482,2013년 12월 26일 20시,목요일,광주광역시 광산구 옥동,중상사고,0,1,1,0,차대차 - 측면직각충돌,불법유턴,습기,흐림,단일로 - 기타,승용,남,22세,중상,승용,남,32세,경상
2013122600100537,2013년 12월 26일 22시,목요일,광주광역시 서구 쌍촌동,경상사고,0,0,1,0,차대차 - 추돌 - 진행중,안전거리미확보,건조,맑음,단일로 - 기타,화물,남,48세,상해없음,승용,여,42세,경상
2013122600100570,2013년 12월 26일 23시,목요일,광주광역시 서구 금호동,경상사고,0,0,5,0,차대차 - 측면직각충돌,교차로운행방법위반,건조,맑음,교차로 - 교차로안,승용,남,43세,경상,승용,여,46세,경상
2013122600100571,2013년 12월 26일 23시,목요일,광주광역시 광산구 도천동,경상사고,0,0,2,0,차대차 - 추돌 - 진행중,안전거리미확보,건조,맑음,단일로 - 기타,승용,남,43세,상해없음,승용,여,38세,경상
2013122600100572,2013년 12월 26일 23시,목요일,광주광역시 광산구 우산동,중상사고,0,2,1,0,차대차 - 추돌 - 주정차중,안전운전불이행,습기,눈,교차로 - 교차로부근,승용,남,38세,중상,승용,남,27세,경상
2013122700100023,2013년 12월 27일 00시,금요일,광주광역시 광산구 오선동,경상사고,0,0,2,0,차대차 - 기타,교차로운행방법위반,건조,맑음,교차로 - 교차로안,승용,남,34세,상해없음,승용,남,49세,경상
2013122700100034,2013년 12월 27일 01시,금요일,광주광역시 광산구 산월동,경상사고,0,0,1,0,차대차 - 측면직각충돌,신호위반,건조,맑음,교차로 - 교차로안,승용,남,32세,상해없음,승용,여,34세,경상
2013122700100044,2013년 12월 27일 02시,금요일,광주광역시 동구 학동,중상사고,0,1,0,0,차대차 - 측면직각충돌,신호위반,습기,맑음,교차로 - 교차로안,승용,남,28세,상해없음,승용,남,40세,중상
2013122700100045,2013년 12월 27일 02시,금요일,광주광역시 북구 운암동,경상사고,0,0,1,0,차대차 - 추돌 - 주정차중,안전운전불이행,건조,맑음,교차로 - 교차로부근,승용,남,21세,상해없음,승용,남,42세,경상
2013122700100137,2013년 12월 27일 09시,금요일,광주광역시 서구 쌍촌동,부상신고사고,0,0,0,1,차대사람 - 기타,안전운전불이행,건조,맑음,단일로 - 기타,승합,남,36세,상해없음,보행자,남,32세,부상신고
2013122700100138,2013년 12월 27일 09시,금요일,광주광역시 남구 진월동,경상사고,0,0,1,0,차대차 - 측면직각충돌,안전운전불이행,건조,맑음,교차로 - 교차로부근,승용,남,56세,상해없음,승용,남,52세,경상
2013122700100139,2013년 12월 27일 09시,금요일,광주광역시 북구 신안동,경상사고,0,0,1,0,차대차 - 측면직각충돌,교차로운행방법위반,건조,맑음,교차로 - 교차로안,승용,남,49세,상해없음,승용,남,33세,경상
2013122700100185,2013년 12월 27일 11시,금요일,광주광역시 서구 화정동,경상사고,0,0,1,0,차대차 - 측면직각충돌,직진우회전진행방해,건조,맑음,교차로 - 교차로안,승용,남,60세,상해없음,승용,여,65세,경상
2013122700100186,2013년 12월 27일 11시,금요일,광주광역시 광산구 신창동,경상사고,0,0,1,0,차대차 - 측면직각충돌,중앙선침범,건조,맑음,교차로 - 교차로안,이륜,남,26세,경상,승용,남,33세,상해없음
2013122700100216,2013년 12월 27일 12시,금요일,광주광역시 남구 월산동,경상사고,0,0,1,0,차대사람 - 기타,안전운전불이행,건조,맑음,기타 - 기타,화물,남,45세,상해없음,보행자,남,18세,경상
2013122700100290,2013년 12월 27일 15시,금요일,광주광역시 서구 광천동,경상사고,0,0,1,0,차대차 - 기타,안전거리미확보,건조,맑음,단일로 - 기타,기타불명,기타불명,기타불명,기타불명,승용,남,59세,상해없음
2013122700100345,2013년 12월 27일 17시,금요일,광주광역시 광산구 수완동,중상사고,0,1,1,0,차대차 - 추돌 - 진행중,안전거리미확보,건조,맑음,단일로 - 기타,승용,여,35세,경상,원동기,남,18세,중상
2013122700100386,2013년 12월 27일 18시,금요일,광주광역시 남구 방림동,경상사고,0,0,1,0,차대사람 - 보도통행중,기타,건조,맑음,단일로 - 기타,이륜,남,21세,상해없음,보행자,여,37세,경상
2013122700100387,2013년 12월 27일 18시,금요일,광주광역시 북구 일곡동,경상사고,0,0,2,0,차대차 - 측면직각충돌,안전거리미확보,건조,맑음,단일로 - 기타,화물,남,37세,상해없음,승용,남,70세,경상
2013122700100388,2013년 12월 27일 18시,금요일,광주광역시 북구 신안동,경상사고,0,0,1,0,차대차 - 추돌 - 진행중,안전운전불이행,건조,맑음,단일로 - 기타,승용,남,48세,상해없음,승용,남,48세,경상
2013122700100423,2013년 12월 27일 19시,금요일,광주광역시 서구 농성동,경상사고,0,0,2,0,차대차 - 기타,교차로운행방법위반,건조,맑음,교차로 - 교차로안,승용,남,63세,상해없음,승용,남,49세,경상
2013122700100462,2013년 12월 27일 20시,금요일,광주광역시 서구 금호동,경상사고,0,0,1,0,차대차 - 측면직각충돌,교차로운행방법위반,건조,맑음,교차로 - 교차로안,승용,남,52세,상해없음,승용,여,29세,경상
2013122700100524,2013년 12월 27일 22시,금요일,광주광역시 북구 운암동,경상사고,0,0,1,0,차대차 - 측면직각충돌,안전거리미확보,건조,맑음,미분류 - 미분류,승용,남,28세,상해없음,승용,남,61세,경상
2013122700100525,2013년 12월 27일 22시,금요일,광주광역시 북구 삼각동,경상사고,0,0,1,0,차대차 - 추돌 - 주정차중,안전운전불이행,건조,맑음,단일로 - 기타,승용,남,46세,상해없음,승용,남,34세,경상
2013122700100562,2013년 12월 27일 23시,금요일,광주광역시 서구 유촌동,사망사고,1,0,0,0,차대사람 - 횡단중,안전운전불이행,건조,맑음,단일로 - 기타,승용,남,51세,상해없음,보행자,남,39세,사망
2013122700100563,2013년 12월 27일 23시,금요일,광주광역시 남구 주월동,경상사고,0,0,7,0,차대차 - 추돌 - 진행중,안전거리미확보,건조,맑음,기타 - 기타,승용,남,42세,상해없음,승용,남,50세,경상
2013122800100033,2013년 12월 28일 00시,토요일,광주광역시 광산구 수완동,경상사고,0,0,1,0,차대차 - 추돌 - 진행중,안전운전불이행,건조,맑음,교차로 - 교차로부근,승용,남,31세,경상,화물,남,37세,상해없음
2013122800100078,2013년 12월 28일 02시,토요일,광주광역시 광산구 우산동,경상사고,0,0,1,0,차대사람 - 차도통행중,안전운전불이행,건조,맑음,단일로 - 기타,승용,기타불명,기타불명,기타불명,보행자,남,45세,경상
2013122800100096,2013년 12월 28일 03시,토요일,광주광역시 북구 신안동,중상사고,0,2,0,0,차대차 - 정면충돌,중앙선침범,건조,맑음,단일로 - 기타,승용,남,26세,중상,승용,남,40세,중상
2013122800100151,2013년 12월 28일 06시,토요일,광주광역시 북구 두암동,경상사고,0,0,1,0,차대차 - 기타,안전운전불이행,습기,흐림,교차로 - 교차로부근,승용,여,58세,상해없음,승합,남,53세,상해없음
2013122800100164,2013년 12월 28일 07시,토요일,광주광역시 서구 치평동,경상사고,0,0,1,0,차대차 - 기타,안전거리미확보,건조,맑음,교차로 - 교차로부근,승용,남,22세,상해없음,승용,남,33세,경상
2013122800100165,2013년 12월 28일 07시,토요일,광주광역시 북구 각화동,경상사고,0,0,1,0,차대차 - 추돌 - 주정차중,안전운전불이행,건조,맑음,단일로 - 기타,화물,남,45세,상해없음,승용,남,65세,경상
2013122800100193,2013년 12월 28일 09시,토요일,광주광역시 광산구 신가동,경상사고,0,0,2,0,차대차 - 추돌 - 진행중,안전거리미확보,건조,맑음,단일로 - 기타,승용,여,35세,경상,승용,남,45세,경상
2013122800100219,2013년 12월 28일 10시,토요일,광주광역시 서구 풍암동,경상사고,0,0,1,0,차대차 - 기타,안전운전불이행,건조,맑음,기타 - 기타,승용,남,58세,상해없음,승용,남,55세,경상
2013122800100244,2013년 12월 28일 11시,토요일,광주광역시 남구 송하동,경상사고,0,0,1,0,차대사람 - 기타,안전운전불이행,건조,맑음,단일로 - 기타,승용,여,52세,상해없음,보행자,여,66세,경상
2013122800100329,2013년 12월 28일 14시,토요일,광주광역시 서구 치평동,경상사고,0,0,1,0,차대차 - 기타,안전운전불이행,건조,맑음,기타 - 기타,승용,여,28세,상해없음,승용,남,31세,경상
2013122800100369,2013년 12월 28일 16시,토요일,광주광역시 북구 문흥동,경상사고,0,0,3,0,차대차 - 추돌 - 진행중,안전운전불이행,건조,맑음,단일로 - 기타,승용,남,50세,상해없음,승용,여,54세,경상
2013122800100407,2013년 12월 28일 17시,토요일,광주광역시 서구 금호동,경상사고,0,0,1,0,차대차 - 추돌 - 진행중,신호위반,건조,흐림,교차로 - 교차로안,이륜,남,49세,상해없음,화물,남,55세,상해없음
2013122800100456,2013년 12월 28일 18시,토요일,광주광역시 남구 주월동,경상사고,0,0,3,0,차대차 - 추돌 - 주정차중,안전운전불이행,건조,맑음,단일로 - 기타,승용,여,59세,상해없음,승용,남,56세,경상
2013122800100457,2013년 12월 28일 18시,토요일,광주광역시 광산구 운남동,경상사고,0,0,1,0,차대사람 - 기타,안전운전불이행,건조,맑음,단일로 - 기타,승용,남,48세,상해없음,보행자,여,29세,경상
2013122800100516,2013년 12월 28일 20시,토요일,광주광역시 서구 화정동,경상사고,0,0,1,0,차대차 - 기타,안전운전불이행,건조,흐림,단일로 - 기타,화물,남,30세,상해없음,승용,남,57세,경상
2013122800100540,2013년 12월 28일 21시,토요일,광주광역시 동구 계림동,사망사고,1,0,3,0,차대차 - 측면직각충돌,신호위반,건조,맑음,교차로 - 교차로안,승용,남,24세,경상,승용,여,35세,경상
2013122800100541,2013년 12월 28일 21시,토요일,광주광역시 광산구 장수동,중상사고,0,1,1,0,차량단독 - 공작물충돌,안전운전불이행,건조,맑음,단일로 - 기타,승용,남,34세,상해없음,,,,
2013122900100014,2013년 12월 29일 00시,일요일,광주광역시 서구 치평동,경상사고,0,0,1,0,차대사람 - 기타,안전운전불이행,건조,흐림,단일로 - 기타,화물,여,60세,상해없음,보행자,남,30세,경상
2013122900100040,2013년 12월 29일 01시,일요일,광주광역시 서구 치평동,경상사고,0,0,1,0,차대사람 - 횡단중,안전운전불이행,적설,눈,단일로 - 횡단보도상,승용,여,31세,상해없음,보행자,남,31세,경상
2013122900100041,2013년 12월 29일 01시,일요일,광주광역시 광산구 신가동,중상사고,0,1,0,0,차대차 - 기타,안전운전불이행,건조,맑음,단일로 - 기타,승용,남,30세,중상,승용,남,40세,기타불명
2013122900100067,2013년 12월 29일 02시,일요일,광주광역시 서구 치평동,경상사고,0,0,1,0,차대차 - 추돌 - 주정차중,안전운전불이행,건조,맑음,단일로 - 기타,승용,남,29세,상해없음,승용,남,33세,경상
2013122900100078,2013년 12월 29일 03시,일요일,광주광역시 서구 화정동,경상사고,0,0,2,0,차대차 - 기타,안전운전불이행,적설,눈,단일로 - 기타,승용,남,22세,경상,승용,남,51세,경상
2013122900100079,2013년 12월 29일 03시,일요일,광주광역시 광산구 수완동,경상사고,0,0,2,0,차대차 - 측면직각충돌,교차로운행방법위반,결빙,눈,교차로 - 교차로안,승용,남,41세,상해없음,승용,남,72세,경상
2013122900100093,2013년 12월 29일 04시,일요일,광주광역시 서구 치평동,경상사고,0,0,1,0,차대사람 - 횡단중,안전운전불이행,적설,눈,단일로 - 기타,승용,남,25세,기타불명,보행자,남,26세,경상
2013122900100105,2013년 12월 29일 05시,일요일,광주광역시 서구 화정동,경상사고,0,0,1,0,차대차 - 기타,안전거리미확보,적설,눈,단일로 - 기타,승용,남,25세,상해없음,승용,남,30세,경상
2013122900100106,2013년 12월 29일 05시,일요일,광주광역시 서구 쌍촌동,경상사고,0,0,1,0,차대차 - 기타,안전운전불이행,적설,눈,교차로 - 교차로부근,승용,남,29세,상해없음,승용,남,70세,경상
2013122900100120,2013년 12월 29일 06시,일요일,광주광역시 서구 쌍촌동,경상사고,0,0,2,0,차대차 - 기타,안전운전불이행,적설,눈,단일로 - 기타,승용,남,71세,상해없음,승용,남,56세,경상
2013122900100181,2013년 12월 29일 11시,일요일,광주광역시 광산구 도천동,경상사고,0,0,1,0,차대차 - 추돌 - 주정차중,안전운전불이행,습기,흐림,교차로 - 교차로부근,승용,남,51세,상해없음,승용,남,43세,경상
2013122900100193,2013년 12월 29일 12시,일요일,광주광역시 동구 계림동,경상사고,0,0,2,0,차대차 - 기타,안전거리미확보,건조,맑음,기타 - 기타,승용,남,50세,상해없음,승용,여,51세,경상
2013122900100194,2013년 12월 29일 12시,일요일,광주광역시 광산구 신창동,경상사고,0,0,2,0,차대차 - 측면직각충돌,안전거리미확보,습기,맑음,단일로 - 기타,승용,여,64세,상해없음,승용,남,48세,경상
2013122900100263,2013년 12월 29일 16시,일요일,광주광역시 서구 유촌동,경상사고,0,0,1,0,차대차 - 측면직각충돌,직진우회전진행방해,건조,맑음,단일로 - 기타,승용,남,54세,상해없음,자전거,여,62세,경상
2013122900100388,2013년 12월 29일 20시,일요일,광주광역시 동구 산수동,경상사고,0,0,1,0,차대차 - 측면직각충돌,교차로운행방법위반,습기,기타,교차로 - 교차로안,승용,남,59세,상해없음,이륜,남,38세,경상
2013122900100447,2013년 12월 29일 23시,일요일,광주광역시 광산구 수완동,경상사고,0,0,2,0,차대차 - 측면직각충돌,안전운전불이행,건조,맑음,단일로 - 기타,승용,남,33세,상해없음,승용,남,48세,경상
2013123000100095,2013년 12월 30일 07시,월요일,광주광역시 광산구 신가동,경상사고,0,0,3,0,차대차 - 측면직각충돌,신호위반,건조,맑음,교차로 - 교차로안,승용,남,31세,상해없음,승용,남,53세,경상
2013123000100124,2013년 12월 30일 08시,월요일,광주광역시 북구 동림동,경상사고,0,0,1,0,차대차 - 기타,안전운전불이행,건조,맑음,단일로 - 기타,승용,남,33세,상해없음,승용,남,26세,경상
2013123000100125,2013년 12월 30일 08시,월요일,광주광역시 광산구 월전동,경상사고,0,0,1,0,차대차 - 추돌 - 진행중,안전운전불이행,건조,맑음,단일로 - 기타,승용,남,29세,상해없음,화물,남,46세,경상
2013123000100171,2013년 12월 30일 10시,월요일,광주광역시 서구 풍암동,경상사고,0,0,1,0,차대사람 - 기타,안전운전불이행,건조,맑음,교차로 - 교차로부근,승용,남,34세,상해없음,보행자,남,19세,경상
2013123000100172,2013년 12월 30일 10시,월요일,광주광역시 광산구 월계동,경상사고,0,0,1,0,차대차 - 기타,안전거리미확보,건조,맑음,단일로 - 기타,승용,남,68세,상해없음,승합,남,48세,상해없음
2013123000100199,2013년 12월 30일 11시,월요일,광주광역시 동구 계림동,중상사고,0,1,0,0,차대사람 - 횡단중,안전운전불이행,건조,맑음,단일로 - 기타,승용,남,63세,상해없음,보행자,여,55세,중상
2013123000100283,2013년 12월 30일 14시,월요일,광주광역시 북구 풍향동,중상사고,0,1,0,0,차대차 - 측면직각충돌,신호위반,건조,맑음,교차로 - 교차로안,승용,남,62세,상해없음,자전거,남,68세,중상
2013123000100308,2013년 12월 30일 15시,월요일,광주광역시 북구 임동,경상사고,0,0,2,0,차대차 - 측면직각충돌,교차로운행방법위반,건조,맑음,교차로 - 교차로부근,승용,남,19세,상해없음,승용,남,46세,경상
2013123000100338,2013년 12월 30일 16시,월요일,광주광역시 서구 금호동,경상사고,0,0,1,0,차대사람 - 횡단중,안전운전불이행,건조,맑음,단일로 - 기타,승용,여,41세,상해없음,보행자,여,60세,경상
2013123000100379,2013년 12월 30일 17시,월요일,광주광역시 서구 치평동,경상사고,0,0,1,0,차대사람 - 기타,안전운전불이행,건조,맑음,교차로 - 교차로안,승용,남,32세,상해없음,보행자,여,73세,경상
2013123000100427,2013년 12월 30일 18시,월요일,광주광역시 남구 진월동,경상사고,0,0,1,0,차대차 - 추돌 - 진행중,안전거리미확보,건조,맑음,기타 - 기타,승용,남,30세,상해없음,승용,남,60세,경상
2013123000100428,2013년 12월 30일 18시,월요일,광주광역시 북구 신안동,경상사고,0,0,1,0,차대차 - 측면직각충돌,중앙선침범,건조,맑음,단일로 - 기타,승용,남,23세,상해없음,이륜,남,54세,경상
2013123000100470,2013년 12월 30일 19시,월요일,광주광역시 동구 대인동,중상사고,0,1,0,0,차대사람 - 횡단중,안전운전불이행,건조,맑음,단일로 - 기타,승용,여,36세,상해없음,보행자,남,16세,중상
2013123000100511,2013년 12월 30일 20시,월요일,광주광역시 서구 풍암동,경상사고,0,0,2,0,차대차 - 기타,안전거리미확보,건조,맑음,교차로 - 교차로부근,승용,남,53세,상해없음,승용,남,49세,경상
2013123000100512,2013년 12월 30일 20시,월요일,광주광역시 남구 월산동,경상사고,0,0,1,0,차대차 - 기타,안전운전불이행,건조,맑음,교차로 - 교차로안,승용,남,52세,상해없음,승용,남,33세,경상
2013123000100513,2013년 12월 30일 20시,월요일,광주광역시 광산구 도산동,경상사고,0,0,1,0,차대사람 - 기타,안전운전불이행,건조,맑음,단일로 - 기타,자전거,남,29세,상해없음,보행자,남,54세,경상
2013123000100553,2013년 12월 30일 21시,월요일,광주광역시 서구 화정동,경상사고,0,0,1,0,차대사람 - 기타,안전운전불이행,건조,맑음,단일로 - 기타,승용,남,70세,상해없음,보행자,남,14세,경상
2013123000100554,2013년 12월 30일 21시,월요일,광주광역시 북구 매곡동,경상사고,0,0,1,0,차대사람 - 기타,안전운전불이행,건조,맑음,교차로 - 교차로부근,승용,남,32세,상해없음,보행자,남,44세,경상
2013123000100596,2013년 12월 30일 22시,월요일,광주광역시 남구 방림동,중상사고,0,1,1,0,차대차 - 측면직각충돌,교차로운행방법위반,건조,맑음,교차로 - 교차로안,원동기,남,18세,중상,승용,남,60세,경상
2013123000100597,2013년 12월 30일 22시,월요일,광주광역시 북구 유동,경상사고,0,0,2,0,차대차 - 기타,안전거리미확보,건조,맑음,단일로 - 기타,승용,남,66세,상해없음,승용,여,47세,경상
2013123000100598,2013년 12월 30일 22시,월요일,광주광역시 북구 중흥동,경상사고,0,0,4,0,차대차 - 추돌 - 진행중,안전운전불이행,건조,맑음,교차로 - 교차로부근,승용,남,35세,상해없음,승용,남,21세,경상
2013123000100634,2013년 12월 30일 23시,월요일,광주광역시 북구 운암동,경상사고,0,0,1,0,차대차 - 기타,안전운전불이행,건조,맑음,단일로 - 기타,승용,기타불명,13세,기타불명,승용,기타불명,기타불명,기타불명
2013123000100635,2013년 12월 30일 23시,월요일,광주광역시 북구 두암동,경상사고,0,0,1,0,차대사람 - 기타,안전운전불이행,건조,맑음,기타 - 기타,승용,남,54세,상해없음,보행자,남,50세,경상
2013123100100031,2013년 12월 31일 00시,화요일,광주광역시 동구 내남동,경상사고,0,0,1,0,차대차 - 측면직각충돌,신호위반,건조,맑음,교차로 - 교차로안,승용,남,68세,상해없음,승용,남,49세,경상
2013123100100032,2013년 12월 31일 00시,화요일,광주광역시 북구 운암동,경상사고,0,0,3,0,차대차 - 추돌 - 진행중,안전운전불이행,건조,맑음,교차로 - 교차로부근,승용,남,30세,상해없음,승용,남,49세,경상
2013123100100033,2013년 12월 31일 00시,화요일,광주광역시 광산구 송정동,경상사고,0,0,1,0,차대차 - 기타,안전거리미확보,건조,맑음,교차로 - 교차로부근,승용,남,63세,상해없음,승용,남,65세,상해없음
2013123100100049,2013년 12월 31일 01시,화요일,광주광역시 북구 오치동,경상사고,0,0,1,0,차대사람 - 차도통행중,안전운전불이행,건조,맑음,단일로 - 기타,승용,기타불명,기타불명,기타불명,보행자,남,38세,경상
2013123100100094,2013년 12월 31일 04시,화요일,광주광역시 북구 오치동,중상사고,0,1,0,0,차대사람 - 기타,안전운전불이행,건조,맑음,단일로 - 횡단보도상,화물,남,33세,상해없음,보행자,여,73세,중상
2013123100100107,2013년 12월 31일 05시,화요일,광주광역시 동구 계림동,경상사고,0,0,1,0,차대차 - 측면직각충돌,신호위반,건조,맑음,교차로 - 교차로안,승용,남,42세,상해없음,승용,여,34세,경상
2013123100100108,2013년 12월 31일 05시,화요일,광주광역시 북구 중흥동,경상사고,0,0,2,0,차대차 - 측면직각충돌,신호위반,건조,맑음,교차로 - 교차로안,승용,남,58세,상해없음,승용,남,53세,경상
2013123100100152,2013년 12월 31일 07시,화요일,광주광역시 서구 쌍촌동,경상사고,0,0,4,0,차대차 - 측면직각충돌,신호위반,건조,맑음,교차로 - 교차로안,승용,남,29세,상해없음,승합,남,67세,경상
2013123100100153,2013년 12월 31일 07시,화요일,광주광역시 서구 화정동,경상사고,0,0,1,0,차대사람 - 기타,보행자보호의무위반,건조,맑음,교차로 - 교차로부근,승용,남,27세,상해없음,보행자,여,22세,경상
2013123100100178,2013년 12월 31일 08시,화요일,광주광역시 서구 치평동,중상사고,0,1,1,0,차대차 - 기타,차로위반,건조,맑음,교차로 - 교차로부근,승용,남,27세,상해없음,승용,남,31세,경상
2013123100100179,2013년 12월 31일 08시,화요일,광주광역시 북구 신안동,중상사고,0,1,1,0,차대차 - 추돌 - 주정차중,안전운전불이행,건조,맑음,단일로 - 기타,승용,남,19세,경상,화물,남,63세,상해없음
2013123100100180,2013년 12월 31일 08시,화요일,광주광역시 광산구 신창동,경상사고,0,0,2,0,차대차 - 추돌 - 주정차중,안전운전불이행,건조,흐림,단일로 - 기타,승용,남,27세,상해없음,승용,남,44세,경상
2013123100100251,2013년 12월 31일 11시,화요일,광주광역시 광산구 하남동,중상사고,0,1,0,0,차대차 - 추돌 - 진행중,중앙선침범,건조,맑음,단일로 - 기타,자전거,남,68세,중상,화물,남,41세,상해없음
2013123100100325,2013년 12월 31일 14시,화요일,광주광역시 서구 화정동,경상사고,0,0,1,0,차대차 - 추돌 - 주정차중,안전운전불이행,건조,맑음,교차로 - 교차로부근,승용,여,50세,상해없음,화물,남,40세,경상
2013123100100358,2013년 12월 31일 15시,화요일,광주광역시 광산구 소촌동,경상사고,0,0,1,0,차대차 - 측면직각충돌,직진우회전진행방해,건조,맑음,교차로 - 교차로안,건설기계,남,44세,상해없음,승용,여,51세,경상
2013123100100418,2013년 12월 31일 17시,화요일,광주광역시 남구 서동,경상사고,0,0,1,0,차대차 - 기타,안전운전불이행,건조,맑음,교차로 - 교차로부근,승용,남,41세,상해없음,승용,남,45세,상해없음
2013123100100419,2013년 12월 31일 17시,화요일,광주광역시 북구 신용동,경상사고,0,0,2,2,차대차 - 측면직각충돌,교차로운행방법위반,건조,맑음,교차로 - 교차로안,승용,여,43세,상해없음,승용,여,33세,경상
2013123100100467,2013년 12월 31일 18시,화요일,광주광역시 남구 봉선동,경상사고,0,0,1,0,차대차 - 추돌 - 주정차중,교차로운행방법위반,건조,맑음,교차로 - 교차로안,승용,여,31세,상해없음,이륜,남,50세,경상
2013123100100526,2013년 12월 31일 19시,화요일,광주광역시 서구 매월동,경상사고,0,0,1,0,차대차 - 추돌 - 진행중,안전거리미확보,건조,맑음,단일로 - 기타,승용,여,42세,상해없음,승용,남,52세,경상
2013123100100571,2013년 12월 31일 20시,화요일,광주광역시 광산구 산정동,경상사고,0,0,1,0,차대차 - 추돌 - 진행중,안전거리미확보,건조,맑음,단일로 - 기타,승용,남,54세,상해없음,승용,남,60세,경상
2013123100100602,2013년 12월 31일 21시,화요일,광주광역시 서구 쌍촌동,중상사고,0,1,0,0,차대차 - 추돌 - 주정차중,안전운전불이행,건조,맑음,단일로 - 기타,이륜,남,16세,중상,승용,남,32세,상해없음
2013123100100603,2013년 12월 31일 21시,화요일,광주광역시 남구 주월동,경상사고,0,0,1,0,차대차 - 측면직각충돌,안전운전불이행,건조,맑음,단일로 - 기타,승용,남,64세,상해없음,승용,남,62세,경상
2013123100100604,2013년 12월 31일 21시,화요일,광주광역시 북구 두암동,경상사고,0,0,3,0,차대차 - 측면직각충돌,안전거리미확보,건조,맑음,단일로 - 기타,승용,여,48세,상해없음,승용,남,51세,경상
2013123100100640,2013년 12월 31일 22시,화요일,광주광역시 북구 운암동,중상사고,0,1,1,0,차대차 - 정면충돌,중앙선침범,건조,맑음,단일로 - 기타,원동기,남,18세,경상,원동기,남,22세,중상
2013123100100641,2013년 12월 31일 22시,화요일,광주광역시 광산구 신가동,경상사고,0,0,4,0,차대차 - 추돌 - 진행중,안전운전불이행,건조,맑음,단일로 - 기타,승용,여,36세,상해없음,승합,여,48세,경상
2013123100100673,2013년 12월 31일 23시,화요일,광주광역시 북구 운암동,경상사고,0,0,1,0,차대차 - 추돌 - 진행중,차로위반,건조,맑음,단일로 - 교량,승용,남,69세,상해없음,승용,남,57세,경상
2013123100100674,2013년 12월 31일 23시,화요일,광주광역시 광산구 쌍암동,경상사고,0,0,1,0,차대차 - 추돌 - 진행중,직진우회전진행방해,건조,맑음,교차로 - 교차로안,승용,여,43세,상해없음,승용,남,28세,경상